event_time,event_type,product_id,category_id,category_code,brand,price,user_id,user_session
2020-03-01T00:29:47Z,view,2637,300,apparel.shoes,Globex,64.07,320,sess-19100
2020-03-01T01:40:53Z,cart,9793,400,home.kitchen,Umbra,1215.09,3608,sess-04405
2020-03-01T01:57:53Z,view,6067,200,electronics.smartphone,Globex,252.19,1159,sess-11342
2020-03-01T02:31:52Z,view,6005,400,home.kitchen,Globex,1057.03,1919,sess-14066
2020-03-01T03:10:39Z,view,7641,210,electronics.audio,Acme,1057.33,1516,sess-12138
2020-03-01T03:42:30Z,view,3918,210,electronics.audio,Nova,754.68,1927,sess-12096
2020-03-01T03:54:40Z,purchase,7025,200,electronics.smartphone,Umbra,867.49,1044,sess-10269
2020-03-01T04:33:19Z,view,1378,210,electronics.audio,Nova,1325.24,4366,sess-08288
2020-03-01T05:58:38Z,cart,5526,200,electronics.smartphone,Umbra,764.07,3400,sess-11138
2020-03-01T09:34:36Z,view,1598,210,electronics.audio,Umbra,785.91,3764,sess-12701
2020-03-01T09:44:29Z,view,6459,200,electronics.smartphone,Acme,1374.62,1120,sess-15377
2020-03-01T10:49:41Z,view,1348,210,electronics.audio,Nova,1284.87,2336,sess-00585
2020-03-01T11:41:05Z,purchase,6616,200,electronics.smartphone,Globex,901.99,2841,sess-15857
2020-03-01T12:00:38Z,view,6828,200,electronics.smartphone,Umbra,534.07,49,sess-15085
2020-03-01T12:06:20Z,view,7225,210,electronics.audio,Umbra,164.29,1264,sess-12768
2020-03-01T13:03:16Z,view,1160,400,home.kitchen,Umbra,708.39,2603,sess-13642
2020-03-01T14:17:12Z,view,5168,300,apparel.shoes,Acme,827.24,556,sess-10086
2020-03-01T14:48:43Z,view,5539,400,home.kitchen,Nova,1045.32,4433,sess-05474
2020-03-01T15:46:08Z,view,9123,210,electronics.audio,Nova,207.56,4865,sess-06408
2020-03-01T19:46:58Z,view,7174,300,apparel.shoes,Globex,1195.31,679,sess-03299
2020-03-01T20:11:58Z,view,9693,300,apparel.shoes,Acme,133.20,290,sess-03181
2020-03-01T20:22:50Z,view,7044,400,home.kitchen,Umbra,284.28,1466,sess-05005
2020-03-01T20:44:01Z,view,4688,210,electronics.audio,Nova,772.36,1694,sess-08818
2020-03-01T21:38:24Z,view,2276,400,home.kitchen,Acme,1021.57,1088,sess-19454
2020-03-01T22:01:13Z,view,2531,200,electronics.smartphone,Globex,716.63,3321,sess-12428
2020-03-01T22:21:27Z,view,1104,210,electronics.audio,Umbra,522.90,3360,sess-00784
2020-03-01T22:22:31Z,view,9886,200,electronics.smartphone,Nova,453.44,4829,sess-07045
2020-03-01T22:32:17Z,cart,7979,300,apparel.shoes,Globex,1335.99,950,sess-03113
2020-03-01T22:33:31Z,view,1493,400,home.kitchen,Nova,196.88,3070,sess-04554
2020-03-01T22:58:59Z,cart,6464,300,apparel.shoes,Acme,342.52,2239,sess-04795
2020-03-01T23:03:00Z,cart,4363,400,home.kitchen,Acme,15.05,3280,sess-06038
2020-03-01T23:25:02Z,view,6621,210,electronics.audio,Globex,142.53,3577,sess-01899
2020-03-02T00:37:34Z,cart,8415,300,apparel.shoes,Umbra,994.07,975,sess-13826
2020-03-02T00:52:06Z,view,4502,400,home.kitchen,Globex,272.61,4586,sess-06259
2020-03-02T01:19:23Z,view,1983,210,electronics.audio,Nova,757.43,264,sess-19798
2020-03-02T01:34:41Z,view,5623,210,electronics.audio,Umbra,321.81,1334,sess-17747
2020-03-02T02:07:21Z,view,3034,300,apparel.shoes,Umbra,1008.73,4380,sess-12808
2020-03-02T02:19:28Z,view,1745,400,home.kitchen,Globex,958.07,2735,sess-11458
2020-03-02T02:38:38Z,view,7824,400,home.kitchen,Nova,1274.97,988,sess-07430
2020-03-02T03:02:08Z,view,8596,200,electronics.smartphone,Acme,670.45,3131,sess-09019
2020-03-02T03:38:34Z,view,7390,400,home.kitchen,Umbra,1306.07,3888,sess-08606
2020-03-02T04:25:47Z,view,6840,210,electronics.audio,Globex,959.76,4087,sess-15052
2020-03-02T04:26:46Z,view,2926,210,electronics.audio,Nova,1149.27,1078,sess-06648
2020-03-02T04:56:51Z,view,2605,400,home.kitchen,Nova,839.94,3707,sess-16230
2020-03-02T05:18:35Z,view,7113,200,electronics.smartphone,Acme,1477.77,783,sess-05522
2020-03-02T06:13:00Z,cart,4852,210,electronics.audio,Umbra,627.44,4250,sess-16195
2020-03-02T06:35:26Z,purchase,4373,210,electronics.audio,Globex,95.10,640,sess-02463
2020-03-02T07:27:00Z,view,5068,210,electronics.audio,Acme,942.94,685,sess-08771
2020-03-02T07:34:42Z,view,1193,210,electronics.audio,Acme,35.97,4943,sess-03268
2020-03-02T08:03:46Z,view,2845,300,apparel.shoes,Nova,1077.27,4707,sess-00093
2020-03-02T08:55:26Z,cart,2093,210,electronics.audio,Globex,520.71,2871,sess-18323
2020-03-02T09:01:16Z,view,6185,300,apparel.shoes,Nova,552.55,1387,sess-19230
2020-03-02T09:06:51Z,view,9251,200,electronics.smartphone,Globex,70.42,1549,sess-06896
2020-03-02T09:29:12Z,purchase,6703,210,electronics.audio,Umbra,867.37,1719,sess-06264
2020-03-02T10:23:17Z,view,8260,200,electronics.smartphone,Acme,1498.93,4509,sess-03209
2020-03-02T11:06:37Z,view,1853,300,apparel.shoes,Globex,654.07,1785,sess-03701
2020-03-02T12:11:15Z,cart,7794,300,apparel.shoes,Acme,624.76,1979,sess-00137
2020-03-02T13:00:55Z,view,5958,400,home.kitchen,Globex,290.25,718,sess-04099
2020-03-02T13:07:11Z,view,3174,210,electronics.audio,Nova,1498.43,2937,sess-09693
2020-03-02T13:45:06Z,cart,1786,400,home.kitchen,Nova,770.83,4329,sess-01976
2020-03-02T13:50:49Z,purchase,8702,400,home.kitchen,Umbra,384.21,357,sess-12678
2020-03-02T14:57:31Z,cart,9370,400,home.kitchen,Globex,336.68,1597,sess-04644
2020-03-02T15:57:09Z,view,5417,400,home.kitchen,Globex,1357.69,1315,sess-15741
2020-03-02T17:16:00Z,view,7117,300,apparel.shoes,Nova,712.92,1050,sess-12110
2020-03-02T19:23:39Z,view,2072,400,home.kitchen,Umbra,354.44,3967,sess-00948
2020-03-02T20:12:41Z,view,9235,400,home.kitchen,Umbra,800.13,153,sess-03942
2020-03-02T21:30:45Z,view,2020,400,home.kitchen,Nova,1155.84,1695,sess-13768
2020-03-02T22:05:40Z,view,8580,200,electronics.smartphone,Umbra,336.17,3035,sess-06324
2020-03-02T22:13:10Z,cart,6903,300,apparel.shoes,Nova,390.28,4591,sess-18268
2020-03-02T22:26:08Z,view,9035,210,electronics.audio,Nova,904.49,311,sess-02958
2020-03-02T22:40:04Z,view,8292,210,electronics.audio,Globex,325.15,2288,sess-10346
2020-03-02T23:32:13Z,view,2336,300,apparel.shoes,Acme,788.18,2783,sess-14803
2020-03-03T00:12:47Z,view,8036,200,electronics.smartphone,Acme,1420.13,653,sess-10774
2020-03-03T01:17:17Z,view,7551,300,apparel.shoes,Globex,1436.73,4112,sess-12742
2020-03-03T02:40:51Z,view,6865,210,electronics.audio,Nova,283.31,2510,sess-05333
2020-03-03T03:09:48Z,view,9097,200,electronics.smartphone,Nova,739.10,2961,sess-06815
2020-03-03T03:47:18Z,view,9520,210,electronics.audio,Nova,371.72,2286,sess-19460
2020-03-03T07:11:26Z,view,7672,300,apparel.shoes,Nova,1163.71,4126,sess-03310
2020-03-03T07:38:05Z,view,2892,300,apparel.shoes,Umbra,452.78,4952,sess-13514
2020-03-03T08:24:21Z,view,7939,400,home.kitchen,Umbra,520.06,2993,sess-11414
2020-03-03T08:24:24Z,view,6532,300,apparel.shoes,Acme,1171.17,246,sess-01085
2020-03-03T09:27:12Z,view,2983,210,electronics.audio,Nova,159.89,4259,sess-03175
2020-03-03T10:53:18Z,cart,9747,400,home.kitchen,Nova,786.48,2343,sess-13841
2020-03-03T11:07:15Z,view,1084,300,apparel.shoes,Globex,1320.75,3211,sess-06377
2020-03-03T11:13:07Z,view,6609,200,electronics.smartphone,Globex,551.31,4253,sess-08614
2020-03-03T12:03:55Z,view,1651,200,electronics.smartphone,Umbra,14.96,4423,sess-17627
2020-03-03T12:31:09Z,view,8014,400,home.kitchen,Nova,1015.29,830,sess-11129
2020-03-03T13:49:59Z,view,1520,400,home.kitchen,Globex,760.51,245,sess-03071
2020-03-03T14:43:08Z,view,4273,200,electronics.smartphone,Nova,1152.59,4852,sess-17880
2020-03-03T15:09:08Z,cart,3091,400,home.kitchen,Acme,889.88,4376,sess-00884
2020-03-03T15:40:44Z,cart,7925,200,electronics.smartphone,Nova,1028.85,4810,sess-11504
2020-03-03T17:47:38Z,view,4548,400,home.kitchen,Nova,196.93,3364,sess-03112
2020-03-03T19:11:42Z,cart,3847,400,home.kitchen,Globex,62.10,3879,sess-17878
2020-03-03T19:27:07Z,view,8110,200,electronics.smartphone,Acme,1042.53,807,sess-03294
2020-03-03T19:33:28Z,view,2167,210,electronics.audio,Nova,80.84,2551,sess-11100
2020-03-03T22:45:41Z,cart,8486,300,apparel.shoes,Nova,1117.67,1677,sess-03943
2020-03-03T23:13:02Z,view,7035,300,apparel.shoes,Globex,1384.99,3803,sess-16552
2020-03-03T23:17:33Z,view,8137,200,electronics.smartphone,Umbra,712.40,3326,sess-14162
2020-03-03T23:26:10Z,view,3972,200,electronics.smartphone,Acme,109.03,1174,sess-18558
2020-03-03T23:54:38Z,view,9056,400,home.kitchen,Globex,128.59,3405,sess-14545
2020-03-04T00:42:04Z,view,5675,400,home.kitchen,Acme,1327.20,2036,sess-02546
2020-03-04T00:56:54Z,view,7214,210,electronics.audio,Umbra,992.30,1511,sess-14126
2020-03-04T01:37:47Z,view,9887,300,apparel.shoes,Nova,1429.11,2815,sess-17713
2020-03-04T02:08:21Z,view,3926,210,electronics.audio,Nova,291.47,257,sess-06622
2020-03-04T02:42:11Z,view,5991,400,home.kitchen,Nova,831.60,764,sess-05618
2020-03-04T04:03:22Z,view,1043,210,electronics.audio,Globex,707.52,3347,sess-14763
2020-03-04T06:05:04Z,view,2998,200,electronics.smartphone,Globex,667.23,2040,sess-12610
2020-03-04T06:42:30Z,view,5939,300,apparel.shoes,Umbra,1033.66,199,sess-07537
2020-03-04T07:45:02Z,view,6373,210,electronics.audio,Nova,871.16,3458,sess-12281
2020-03-04T08:01:37Z,view,9189,210,electronics.audio,Umbra,223.08,3734,sess-04831
2020-03-04T08:24:30Z,view,1945,300,apparel.shoes,Umbra,367.32,3157,sess-13895
2020-03-04T08:46:13Z,purchase,6898,300,apparel.shoes,Umbra,5.29,3707,sess-14664
2020-03-04T08:55:23Z,view,4860,400,home.kitchen,Globex,1354.65,3902,sess-09793
2020-03-04T09:51:27Z,view,2036,210,electronics.audio,Globex,261.21,1304,sess-15524
2020-03-04T11:09:32Z,view,1817,200,electronics.smartphone,Umbra,84.44,2040,sess-03640
2020-03-04T11:50:31Z,cart,7285,200,electronics.smartphone,Acme,666.62,3688,sess-10308
2020-03-04T14:13:29Z,view,6087,210,electronics.audio,Globex,657.02,3803,sess-15906
2020-03-04T14:26:04Z,view,6157,300,apparel.shoes,Globex,592.93,3291,sess-05385
2020-03-04T15:11:27Z,view,7292,210,electronics.audio,Acme,379.47,3442,sess-02110
2020-03-04T16:09:48Z,view,1307,400,home.kitchen,Nova,6.30,4078,sess-04878
2020-03-04T16:19:44Z,view,9171,300,apparel.shoes,Globex,310.56,2430,sess-06620
2020-03-04T16:37:09Z,view,9490,210,electronics.audio,Nova,171.55,293,sess-15367
2020-03-04T17:22:40Z,view,8429,300,apparel.shoes,Nova,475.64,4202,sess-02428
2020-03-04T18:44:02Z,view,6194,200,electronics.smartphone,Acme,641.33,2016,sess-10226
2020-03-04T19:09:24Z,cart,3147,300,apparel.shoes,Umbra,1377.46,3300,sess-01213
2020-03-04T19:38:53Z,view,2318,300,apparel.shoes,Nova,269.04,3766,sess-09502
2020-03-04T19:45:55Z,view,6351,210,electronics.audio,Acme,1135.95,283,sess-09271
2020-03-04T19:52:02Z,view,9662,400,home.kitchen,Nova,1424.98,4838,sess-06445
2020-03-04T20:17:31Z,view,6385,400,home.kitchen,Nova,1181.52,1100,sess-09114
2020-03-04T20:38:15Z,view,8829,300,apparel.shoes,Globex,178.20,548,sess-06079
2020-03-04T20:59:19Z,cart,8877,400,home.kitchen,Umbra,1243.32,490,sess-09600
2020-03-04T22:13:39Z,view,7922,200,electronics.smartphone,Umbra,641.90,3017,sess-06107
2020-03-04T23:37:39Z,view,2429,400,home.kitchen,Globex,904.74,872,sess-04276
2020-03-04T23:59:22Z,view,3526,210,electronics.audio,Acme,1386.27,1403,sess-19830
2020-03-05T00:57:34Z,cart,2871,200,electronics.smartphone,Nova,553.46,2195,sess-17797
2020-03-05T01:42:51Z,view,6288,300,apparel.shoes,Globex,1430.50,3147,sess-10440
2020-03-05T01:47:04Z,view,8501,400,home.kitchen,Acme,302.67,3173,sess-10559
2020-03-05T02:18:53Z,view,7859,300,apparel.shoes,Nova,1314.78,2693,sess-05318
2020-03-05T02:31:53Z,view,1328,200,electronics.smartphone,Globex,1188.06,4314,sess-03360
2020-03-05T03:26:28Z,view,7769,200,electronics.smartphone,Acme,1313.93,4145,sess-14749
2020-03-05T05:00:19Z,cart,6467,200,electronics.smartphone,Globex,1380.21,970,sess-11813
2020-03-05T06:48:51Z,view,5455,200,electronics.smartphone,Nova,1216.48,1541,sess-07695
2020-03-05T06:52:06Z,view,7216,300,apparel.shoes,Acme,703.63,3842,sess-01324
2020-03-05T07:29:44Z,cart,7290,300,apparel.shoes,Globex,580.07,4058,sess-00618
2020-03-05T08:12:24Z,view,9329,400,home.kitchen,Globex,1023.29,4293,sess-05843
2020-03-05T09:20:00Z,view,1349,200,electronics.smartphone,Globex,239.65,2255,sess-06310
2020-03-05T09:24:41Z,view,6515,300,apparel.shoes,Acme,1491.23,4846,sess-19948
2020-03-05T09:39:56Z,view,2035,210,electronics.audio,Acme,179.43,3804,sess-09903
2020-03-05T10:13:27Z,cart,9943,200,electronics.smartphone,Globex,1190.69,1126,sess-10538
2020-03-05T12:12:25Z,view,9485,210,electronics.audio,Acme,684.69,2960,sess-12718
2020-03-05T12:45:49Z,purchase,4671,200,electronics.smartphone,Umbra,1178.40,3985,sess-08449
2020-03-05T13:30:24Z,view,9611,300,apparel.shoes,Umbra,798.19,4923,sess-04974
2020-03-05T18:16:52Z,view,5837,300,apparel.shoes,Nova,851.06,180,sess-12970
2020-03-05T20:16:48Z,view,6010,400,home.kitchen,Umbra,1251.99,42,sess-14101
2020-03-05T22:30:06Z,view,8640,300,apparel.shoes,Umbra,487.33,1269,sess-01309
2020-03-05T23:42:59Z,view,5658,200,electronics.smartphone,Umbra,280.62,3846,sess-15687
2020-03-06T00:08:58Z,cart,6500,200,electronics.smartphone,Acme,1013.61,450,sess-16867
2020-03-06T00:21:57Z,view,4633,210,electronics.audio,Umbra,767.25,2754,sess-13962
2020-03-06T01:17:30Z,cart,9328,210,electronics.audio,Globex,922.97,3282,sess-11090
2020-03-06T01:36:34Z,view,3700,210,electronics.audio,Globex,1344.45,3896,sess-00009
2020-03-06T02:08:11Z,view,1782,400,home.kitchen,Acme,465.94,4284,sess-03369
2020-03-06T04:06:08Z,view,4098,200,electronics.smartphone,Umbra,494.88,4387,sess-09640
2020-03-06T04:47:38Z,view,1507,400,home.kitchen,Acme,654.13,3534,sess-05407
2020-03-06T04:55:05Z,view,2869,400,home.kitchen,Globex,867.65,536,sess-13131
2020-03-06T06:00:05Z,view,1388,300,apparel.shoes,Globex,312.70,1877,sess-10856
2020-03-06T06:01:23Z,view,3344,200,electronics.smartphone,Acme,639.94,3093,sess-00864
2020-03-06T06:37:11Z,view,4276,400,home.kitchen,Nova,879.71,3077,sess-07231
2020-03-06T06:41:08Z,cart,5892,210,electronics.audio,Globex,544.60,1756,sess-19440
2020-03-06T06:54:03Z,view,6250,210,electronics.audio,Acme,637.28,2890,sess-08761
2020-03-06T07:23:44Z,view,6049,300,apparel.shoes,Globex,1110.48,173,sess-19852
2020-03-06T07:40:02Z,view,6132,400,home.kitchen,Umbra,1204.57,533,sess-04180
2020-03-06T08:14:15Z,view,1406,300,apparel.shoes,Globex,143.26,3291,sess-07221
2020-03-06T10:10:35Z,view,3361,400,home.kitchen,Globex,1242.59,4518,sess-13798
2020-03-06T10:32:28Z,view,9797,400,home.kitchen,Umbra,623.86,2746,sess-15155
2020-03-06T10:58:08Z,view,4463,400,home.kitchen,Globex,1301.45,3336,sess-15875
2020-03-06T11:29:13Z,view,5109,300,apparel.shoes,Nova,1352.84,1438,sess-11473
2020-03-06T11:31:26Z,view,1724,210,electronics.audio,Globex,329.82,3296,sess-14384
2020-03-06T12:32:40Z,view,5641,210,electronics.audio,Globex,931.00,2064,sess-06327
2020-03-06T12:33:48Z,view,6766,200,electronics.smartphone,Umbra,680.61,4157,sess-02432
2020-03-06T14:05:28Z,view,8146,400,home.kitchen,Umbra,675.46,530,sess-05615
2020-03-06T16:37:49Z,view,3724,210,electronics.audio,Globex,1297.65,3330,sess-15914
2020-03-06T17:31:46Z,view,7382,400,home.kitchen,Nova,548.85,1583,sess-09051
2020-03-06T18:23:35Z,view,6538,200,electronics.smartphone,Globex,1332.60,3453,sess-08549
2020-03-06T18:59:54Z,view,5418,300,apparel.shoes,Umbra,1039.85,1657,sess-11007
2020-03-06T19:37:50Z,view,6060,200,electronics.smartphone,Globex,931.55,1937,sess-14042
2020-03-06T20:13:04Z,view,1016,200,electronics.smartphone,Nova,255.24,3807,sess-09479
2020-03-06T20:45:05Z,view,5611,300,apparel.shoes,Nova,743.41,1322,sess-02119
2020-03-06T21:05:30Z,cart,2627,300,apparel.shoes,Nova,969.02,3010,sess-17842
2020-03-06T21:24:38Z,view,8184,200,electronics.smartphone,Acme,132.87,784,sess-14630
2020-03-06T21:44:00Z,view,1710,210,electronics.audio,Nova,1446.22,4272,sess-09884
2020-03-06T23:15:50Z,view,2781,200,electronics.smartphone,Acme,969.26,4886,sess-12417
2020-03-07T00:10:34Z,view,4084,400,home.kitchen,Nova,230.54,2634,sess-19825
2020-03-07T01:22:23Z,view,6298,400,home.kitchen,Nova,419.54,2109,sess-05308
2020-03-07T03:12:00Z,cart,1457,400,home.kitchen,Globex,1021.54,120,sess-11047
2020-03-07T03:21:15Z,view,7381,200,electronics.smartphone,Acme,1081.83,970,sess-17526
2020-03-07T03:35:01Z,cart,8914,210,electronics.audio,Umbra,663.83,3999,sess-03701
2020-03-07T03:59:25Z,view,1994,210,electronics.audio,Umbra,477.20,4328,sess-00624
2020-03-07T05:45:04Z,view,8033,400,home.kitchen,Nova,1347.35,1637,sess-18585
2020-03-07T06:34:05Z,view,7250,210,electronics.audio,Nova,946.52,4272,sess-10540
2020-03-07T07:21:57Z,view,1376,200,electronics.smartphone,Globex,269.78,1053,sess-03508
2020-03-07T08:37:35Z,view,5056,210,electronics.audio,Umbra,1366.03,1923,sess-10227
2020-03-07T10:03:33Z,view,3545,210,electronics.audio,Umbra,953.27,4395,sess-10707
2020-03-07T10:13:50Z,cart,1916,300,apparel.shoes,Globex,604.74,1877,sess-01052
2020-03-07T10:32:17Z,view,5900,300,apparel.shoes,Umbra,724.35,665,sess-07947
2020-03-07T10:57:25Z,view,2155,210,electronics.audio,Globex,1187.83,938,sess-03778
2020-03-07T11:22:31Z,view,6285,300,apparel.shoes,Acme,787.18,3358,sess-10553
2020-03-07T11:53:22Z,view,3744,210,electronics.audio,Globex,1122.86,1558,sess-15841
2020-03-07T11:58:41Z,view,8760,400,home.kitchen,Acme,1054.56,275,sess-09140
2020-03-07T12:22:35Z,view,9261,200,electronics.smartphone,Acme,864.35,2680,sess-17656
2020-03-07T12:27:08Z,view,6093,300,apparel.shoes,Acme,305.05,53,sess-15892
2020-03-07T12:53:35Z,view,4606,400,home.kitchen,Globex,556.63,541,sess-09125
2020-03-07T15:23:32Z,view,6633,400,home.kitchen,Umbra,305.89,1601,sess-06566
2020-03-07T15:53:22Z,view,7642,400,home.kitchen,Acme,1106.70,4802,sess-06564
2020-03-07T15:53:32Z,purchase,1317,400,home.kitchen,Acme,528.19,4419,sess-01707
2020-03-07T16:13:45Z,view,7407,400,home.kitchen,Nova,630.53,1287,sess-03629
2020-03-07T16:49:34Z,view,7941,200,electronics.smartphone,Nova,95.08,2823,sess-02090
2020-03-07T17:16:36Z,view,4946,200,electronics.smartphone,Globex,731.56,4648,sess-02581
2020-03-07T18:07:30Z,view,6903,200,electronics.smartphone,Nova,518.64,2926,sess-11081
2020-03-07T18:08:09Z,view,8251,200,electronics.smartphone,Acme,778.44,1193,sess-00326
2020-03-07T20:21:02Z,view,7865,210,electronics.audio,Globex,1252.32,3204,sess-19380
2020-03-07T21:06:34Z,cart,1964,200,electronics.smartphone,Globex,1290.15,1876,sess-02209
2020-03-07T21:08:00Z,view,3258,300,apparel.shoes,Acme,567.30,551,sess-14382
2020-03-07T21:08:53Z,view,9615,400,home.kitchen,Acme,334.98,4836,sess-08387
2020-03-07T22:13:31Z,view,1385,210,electronics.audio,Acme,314.60,133,sess-01020
2020-03-07T23:41:27Z,view,3302,200,electronics.smartphone,Umbra,854.60,43,sess-11783
2020-03-08T01:10:46Z,view,7729,210,electronics.audio,Acme,804.80,360,sess-06717
2020-03-08T02:33:28Z,view,3700,400,home.kitchen,Nova,695.94,2071,sess-06796
2020-03-08T03:04:27Z,view,3734,400,home.kitchen,Umbra,59.44,4122,sess-16376
2020-03-08T04:33:13Z,view,4515,400,home.kitchen,Nova,207.91,2340,sess-16096
2020-03-08T06:21:44Z,cart,1251,400,home.kitchen,Nova,1455.09,1181,sess-13435
2020-03-08T06:26:55Z,cart,3571,200,electronics.smartphone,Nova,1304.78,4142,sess-15378
2020-03-08T06:43:58Z,view,7563,210,electronics.audio,Acme,391.94,3050,sess-02754
2020-03-08T07:30:39Z,view,5907,210,electronics.audio,Globex,954.99,2977,sess-14287
2020-03-08T10:57:57Z,view,3125,300,apparel.shoes,Acme,187.95,4966,sess-13036
2020-03-08T11:00:18Z,view,6429,300,apparel.shoes,Globex,1453.00,3496,sess-03594
2020-03-08T11:01:08Z,view,6917,300,apparel.shoes,Globex,441.04,3437,sess-11665
2020-03-08T12:32:22Z,view,6789,200,electronics.smartphone,Nova,527.85,4428,sess-01466
2020-03-08T12:38:31Z,view,7435,400,home.kitchen,Acme,975.40,4409,sess-02660
2020-03-08T13:18:26Z,view,7375,300,apparel.shoes,Globex,897.71,82,sess-18380
2020-03-08T13:56:38Z,view,9574,200,electronics.smartphone,Umbra,947.84,4998,sess-02899
2020-03-08T14:42:09Z,view,6818,300,apparel.shoes,Nova,1106.11,2664,sess-16727
2020-03-08T14:47:24Z,view,7206,210,electronics.audio,Acme,229.36,4774,sess-01069
2020-03-08T16:04:03Z,view,8812,200,electronics.smartphone,Globex,551.04,4866,sess-05184
2020-03-08T18:33:51Z,view,4012,210,electronics.audio,Globex,994.72,190,sess-04098
2020-03-08T18:48:38Z,cart,7031,400,home.kitchen,Nova,689.52,538,sess-06172
2020-03-08T18:56:00Z,view,9165,300,apparel.shoes,Globex,52.45,3043,sess-15195
2020-03-08T20:15:19Z,view,7984,400,home.kitchen,Umbra,668.13,885,sess-16066
2020-03-08T21:45:20Z,view,4862,300,apparel.shoes,Acme,774.07,2637,sess-15119
2020-03-08T22:55:29Z,view,2589,210,electronics.audio,Nova,441.26,211,sess-06782
2020-03-08T23:09:44Z,view,7227,210,electronics.audio,Umbra,1071.10,703,sess-09679
2020-03-09T00:55:28Z,view,8908,300,apparel.shoes,Umbra,447.87,1851,sess-03009
2020-03-09T02:26:08Z,view,6978,210,electronics.audio,Globex,212.15,941,sess-07110
2020-03-09T02:52:57Z,view,8811,300,apparel.shoes,Acme,501.99,4614,sess-03571
2020-03-09T03:18:32Z,view,7971,200,electronics.smartphone,Umbra,352.61,1097,sess-08341
2020-03-09T03:31:14Z,view,5035,200,electronics.smartphone,Globex,613.09,4545,sess-04115
2020-03-09T03:39:52Z,view,4673,400,home.kitchen,Umbra,972.60,1271,sess-16231
2020-03-09T03:47:59Z,view,3575,400,home.kitchen,Umbra,205.82,3065,sess-08341
2020-03-09T03:50:36Z,view,6853,200,electronics.smartphone,Acme,376.70,300,sess-17409
2020-03-09T04:27:34Z,view,7504,200,electronics.smartphone,Nova,929.06,4293,sess-02728
2020-03-09T04:53:01Z,view,1553,400,home.kitchen,Acme,454.12,2215,sess-09109
2020-03-09T05:28:02Z,view,7587,210,electronics.audio,Globex,740.61,2905,sess-00291
2020-03-09T05:35:14Z,view,9008,210,electronics.audio,Umbra,677.56,2308,sess-08739
2020-03-09T05:44:38Z,view,5896,210,electronics.audio,Nova,542.10,3196,sess-03499
2020-03-09T05:52:12Z,cart,7190,200,electronics.smartphone,Acme,1315.55,3283,sess-04299
2020-03-09T06:04:41Z,view,1209,210,electronics.audio,Acme,786.38,4028,sess-03447
2020-03-09T06:36:33Z,view,1107,400,home.kitchen,Umbra,760.01,2010,sess-15522
2020-03-09T07:27:27Z,view,5096,210,electronics.audio,Umbra,455.09,1112,sess-13642
2020-03-09T08:03:22Z,view,1402,300,apparel.shoes,Acme,1381.22,3955,sess-03426
2020-03-09T09:17:34Z,view,2129,400,home.kitchen,Nova,469.49,3811,sess-09251
2020-03-09T09:22:58Z,cart,9934,210,electronics.audio,Acme,932.41,2051,sess-00598
2020-03-09T10:15:12Z,view,2914,210,electronics.audio,Nova,410.89,2526,sess-10306
2020-03-09T11:06:55Z,view,1244,200,electronics.smartphone,Nova,1453.58,1169,sess-10144
2020-03-09T11:36:10Z,view,5553,210,electronics.audio,Nova,1274.93,1604,sess-00739
2020-03-09T12:25:34Z,view,2840,200,electronics.smartphone,Nova,1270.22,4357,sess-05185
2020-03-09T13:06:15Z,view,3859,210,electronics.audio,Umbra,752.33,309,sess-19539
2020-03-09T13:22:57Z,view,1086,400,home.kitchen,Acme,902.37,747,sess-04763
2020-03-09T15:42:50Z,view,1256,210,electronics.audio,Umbra,273.22,3990,sess-02646
2020-03-09T16:03:12Z,view,5923,210,electronics.audio,Globex,628.08,3630,sess-10515
2020-03-09T16:09:23Z,view,2975,300,apparel.shoes,Acme,347.28,3460,sess-04332
2020-03-09T16:16:39Z,view,8007,200,electronics.smartphone,Globex,1186.09,4019,sess-06728
2020-03-09T16:23:28Z,view,2895,400,home.kitchen,Acme,321.40,3950,sess-17717
2020-03-09T16:27:30Z,view,8822,400,home.kitchen,Globex,970.62,1634,sess-09413
2020-03-09T16:46:14Z,view,2173,210,electronics.audio,Acme,1386.59,2182,sess-14093
2020-03-09T17:54:30Z,view,1827,210,electronics.audio,Globex,865.01,3219,sess-14602
2020-03-09T18:02:34Z,view,6000,210,electronics.audio,Acme,472.54,713,sess-10016
2020-03-09T19:16:09Z,view,6463,300,apparel.shoes,Umbra,1495.54,2481,sess-13128
2020-03-09T20:21:51Z,view,6052,200,electronics.smartphone,Nova,993.25,3257,sess-15432
2020-03-09T20:50:00Z,view,4429,400,home.kitchen,Globex,1483.69,1378,sess-00088
2020-03-09T20:56:44Z,view,7183,200,electronics.smartphone,Acme,361.62,1653,sess-08183
2020-03-09T23:00:25Z,view,4753,210,electronics.audio,Acme,104.83,3355,sess-10211
2020-03-09T23:15:12Z,view,6973,400,home.kitchen,Acme,1374.20,394,sess-07491
2020-03-10T00:06:48Z,purchase,5552,300,apparel.shoes,Nova,508.21,1274,sess-07056
2020-03-10T00:35:32Z,purchase,6384,210,electronics.audio,Umbra,406.12,2929,sess-14344
2020-03-10T00:55:35Z,view,7786,300,apparel.shoes,Nova,1192.92,3074,sess-14811
2020-03-10T00:56:58Z,view,3787,300,apparel.shoes,Umbra,822.83,3076,sess-05273
2020-03-10T01:02:08Z,view,7046,300,apparel.shoes,Nova,8.70,3725,sess-15993
2020-03-10T01:11:35Z,view,4920,200,electronics.smartphone,Globex,830.62,1298,sess-10183
2020-03-10T01:49:51Z,cart,2970,400,home.kitchen,Umbra,1340.19,2298,sess-19289
2020-03-10T03:17:19Z,view,6914,400,home.kitchen,Umbra,469.03,4310,sess-06387
2020-03-10T04:21:33Z,view,3672,400,home.kitchen,Nova,1011.10,1465,sess-02149
2020-03-10T06:12:33Z,view,9189,200,electronics.smartphone,Acme,1287.65,3555,sess-10856
2020-03-10T07:26:28Z,view,2151,200,electronics.smartphone,Nova,406.28,2273,sess-03522
2020-03-10T07:47:41Z,view,9942,400,home.kitchen,Globex,1251.61,1503,sess-12320
2020-03-10T08:10:35Z,view,8111,210,electronics.audio,Globex,41.24,4330,sess-06302
2020-03-10T08:57:19Z,cart,2107,400,home.kitchen,Acme,242.97,369,sess-00968
2020-03-10T09:20:00Z,view,4706,300,apparel.shoes,Acme,1129.59,2201,sess-18490
2020-03-10T09:35:15Z,view,4960,300,apparel.shoes,Acme,375.64,3822,sess-04015
2020-03-10T09:47:24Z,view,6250,400,home.kitchen,Globex,884.18,3593,sess-05791
2020-03-10T09:56:47Z,view,4088,210,electronics.audio,Globex,1463.78,4082,sess-05957
2020-03-10T11:37:27Z,view,3292,400,home.kitchen,Nova,522.06,643,sess-16410
2020-03-10T12:30:21Z,view,4256,400,home.kitchen,Globex,492.57,2669,sess-07539
2020-03-10T12:40:47Z,view,6810,400,home.kitchen,Umbra,1450.53,2038,sess-12657
2020-03-10T12:51:47Z,view,6535,200,electronics.smartphone,Globex,739.97,2483,sess-10190
2020-03-10T12:56:33Z,view,6572,210,electronics.audio,Globex,494.37,3961,sess-17159
2020-03-10T13:06:33Z,view,9727,200,electronics.smartphone,Nova,1026.61,2737,sess-15206
2020-03-10T13:57:15Z,cart,4138,210,electronics.audio,Globex,808.00,2309,sess-05629
2020-03-10T14:37:40Z,cart,5915,400,home.kitchen,Globex,76.33,2056,sess-18421
2020-03-10T14:52:49Z,view,7326,210,electronics.audio,Umbra,481.43,669,sess-12286
2020-03-10T15:12:40Z,view,5669,400,home.kitchen,Acme,1407.16,3584,sess-09282
2020-03-10T16:05:33Z,view,9017,300,apparel.shoes,Acme,206.24,4074,sess-07564
2020-03-10T16:05:36Z,purchase,5792,200,electronics.smartphone,Umbra,765.27,3167,sess-07575
2020-03-10T16:58:23Z,view,2188,300,apparel.shoes,Acme,846.68,77,sess-15018
2020-03-10T17:17:07Z,view,9838,200,electronics.smartphone,Acme,258.76,3089,sess-19612
2020-03-10T17:19:47Z,purchase,9674,400,home.kitchen,Globex,1461.10,2929,sess-19137
2020-03-10T18:13:01Z,view,8713,210,electronics.audio,Globex,32.01,2287,sess-05288
2020-03-10T18:54:08Z,view,6605,200,electronics.smartphone,Acme,730.37,244,sess-19191
2020-03-10T19:21:01Z,purchase,1750,200,electronics.smartphone,Nova,1283.70,1867,sess-09483
2020-03-10T19:37:58Z,view,1665,400,home.kitchen,Nova,224.39,627,sess-10702
2020-03-10T19:40:30Z,view,4145,400,home.kitchen,Acme,447.21,1856,sess-04508
2020-03-10T19:47:25Z,view,5029,300,apparel.shoes,Acme,1265.11,1463,sess-06423
2020-03-10T21:33:20Z,view,4573,210,electronics.audio,Globex,1284.93,1603,sess-00300
2020-03-10T23:31:35Z,view,6974,300,apparel.shoes,Umbra,378.05,327,sess-11725
2020-03-11T01:27:58Z,view,6573,210,electronics.audio,Umbra,1382.28,4365,sess-11594
2020-03-11T03:44:07Z,view,9056,400,home.kitchen,Globex,503.30,748,sess-15402
2020-03-11T04:01:37Z,view,8393,210,electronics.audio,Acme,481.48,604,sess-01095
2020-03-11T05:37:32Z,cart,2734,200,electronics.smartphone,Globex,67.74,4995,sess-03339
2020-03-11T07:46:10Z,cart,2594,300,apparel.shoes,Acme,100.62,3738,sess-05594
2020-03-11T07:59:31Z,view,4589,400,home.kitchen,Globex,1033.26,4727,sess-11506
2020-03-11T08:00:04Z,view,7909,300,apparel.shoes,Nova,778.44,1471,sess-05359
2020-03-11T08:41:52Z,view,9385,400,home.kitchen,Globex,67.28,3324,sess-06705
2020-03-11T09:04:26Z,cart,8814,200,electronics.smartphone,Umbra,611.95,349,sess-15376
2020-03-11T09:17:04Z,view,6711,300,apparel.shoes,Umbra,158.88,4952,sess-18832
2020-03-11T09:21:58Z,cart,1280,300,apparel.shoes,Acme,1365.11,4115,sess-14110
2020-03-11T11:11:39Z,cart,3551,400,home.kitchen,Nova,1454.07,1543,sess-00020
2020-03-11T11:44:37Z,view,7626,400,home.kitchen,Acme,1153.16,3970,sess-16759
2020-03-11T11:52:51Z,view,6442,210,electronics.audio,Nova,1182.12,3373,sess-08132
2020-03-11T12:40:58Z,view,2778,400,home.kitchen,Nova,234.84,695,sess-05163
2020-03-11T13:08:44Z,view,4345,400,home.kitchen,Umbra,286.57,3201,sess-02088
2020-03-11T14:06:51Z,view,2041,200,electronics.smartphone,Nova,772.29,3902,sess-14690
2020-03-11T14:36:55Z,view,8651,400,home.kitchen,Globex,1093.68,444,sess-03225
2020-03-11T15:30:03Z,view,4593,300,apparel.shoes,Globex,1134.89,1134,sess-16697
2020-03-11T15:54:33Z,view,7300,400,home.kitchen,Umbra,1401.29,1794,sess-18080
2020-03-11T16:52:25Z,view,7138,210,electronics.audio,Nova,277.07,1527,sess-04402
2020-03-11T17:03:14Z,view,4625,400,home.kitchen,Umbra,1170.43,4690,sess-05458
2020-03-11T17:47:34Z,view,7200,210,electronics.audio,Umbra,331.37,4974,sess-04047
2020-03-11T20:41:06Z,view,3647,300,apparel.shoes,Acme,843.56,3620,sess-18078
2020-03-11T21:31:04Z,view,7088,210,electronics.audio,Umbra,456.97,3703,sess-09917
2020-03-11T22:56:49Z,view,6671,400,home.kitchen,Acme,1313.44,1271,sess-09033
2020-03-11T23:13:08Z,view,5166,400,home.kitchen,Umbra,565.18,4830,sess-01833
2020-03-11T23:51:11Z,view,1834,300,apparel.shoes,Umbra,563.06,3463,sess-16237
2020-03-12T01:32:03Z,view,2667,200,electronics.smartphone,Umbra,299.63,4399,sess-06127
2020-03-12T01:33:42Z,cart,4087,210,electronics.audio,Nova,1070.26,4577,sess-17225
2020-03-12T01:34:03Z,cart,3862,210,electronics.audio,Globex,509.91,4125,sess-01048
2020-03-12T01:40:06Z,view,7862,210,electronics.audio,Acme,181.01,860,sess-16764
2020-03-12T02:01:24Z,view,5097,200,electronics.smartphone,Nova,189.70,2655,sess-05374
2020-03-12T02:10:48Z,view,9646,400,home.kitchen,Umbra,591.85,2568,sess-19562
2020-03-12T02:11:43Z,view,1587,210,electronics.audio,Acme,683.38,1926,sess-14428
2020-03-12T02:36:14Z,view,8433,300,apparel.shoes,Globex,1190.68,4142,sess-19839
2020-03-12T02:52:51Z,view,8619,210,electronics.audio,Globex,912.84,2100,sess-12088
2020-03-12T03:13:48Z,view,6630,400,home.kitchen,Globex,21.05,3272,sess-06371
2020-03-12T04:10:05Z,view,2599,400,home.kitchen,Acme,453.89,3590,sess-14826
2020-03-12T04:21:53Z,view,5210,210,electronics.audio,Nova,511.38,3948,sess-09672
2020-03-12T04:56:27Z,view,6385,210,electronics.audio,Globex,475.65,1992,sess-11861
2020-03-12T06:43:49Z,purchase,5430,210,electronics.audio,Acme,318.91,423,sess-08160
2020-03-12T10:52:33Z,view,3263,400,home.kitchen,Acme,515.65,4961,sess-08529
2020-03-12T11:23:45Z,view,6558,200,electronics.smartphone,Globex,69.01,460,sess-11067
2020-03-12T11:29:01Z,view,1187,300,apparel.shoes,Nova,97.88,2143,sess-11782
2020-03-12T14:06:52Z,purchase,3906,400,home.kitchen,Nova,1103.94,611,sess-06127
2020-03-12T14:34:57Z,view,6023,300,apparel.shoes,Globex,292.91,2060,sess-07555
2020-03-12T14:47:10Z,cart,1056,400,home.kitchen,Globex,1154.20,4610,sess-01915
2020-03-12T14:52:56Z,view,1111,300,apparel.shoes,Acme,540.73,4994,sess-01736
2020-03-12T17:57:36Z,view,6107,210,electronics.audio,Globex,778.78,3269,sess-12237
2020-03-12T18:30:54Z,view,9249,210,electronics.audio,Acme,810.76,4706,sess-17965
2020-03-12T18:54:45Z,cart,5889,400,home.kitchen,Umbra,1450.89,3724,sess-16166
2020-03-12T19:03:48Z,view,2269,400,home.kitchen,Globex,247.33,3078,sess-04171
2020-03-12T20:59:17Z,view,2190,210,electronics.audio,Acme,1170.37,1763,sess-12179
2020-03-12T22:01:25Z,view,3246,210,electronics.audio,Umbra,831.68,4268,sess-07555
2020-03-12T22:03:23Z,view,4261,300,apparel.shoes,Globex,1486.04,2775,sess-06563
2020-03-12T22:31:13Z,view,1673,210,electronics.audio,Nova,1252.09,4748,sess-17042
2020-03-12T22:33:25Z,view,3644,200,electronics.smartphone,Globex,139.12,4376,sess-18452
2020-03-12T22:58:37Z,view,7745,210,electronics.audio,Nova,155.20,3625,sess-07119
2020-03-12T23:10:46Z,view,6592,200,electronics.smartphone,Umbra,1087.85,1691,sess-14650
2020-03-12T23:37:34Z,view,1255,300,apparel.shoes,Acme,1239.08,3719,sess-01342
2020-03-13T00:18:17Z,view,2857,300,apparel.shoes,Globex,480.88,780,sess-08658
2020-03-13T01:08:56Z,view,9501,200,electronics.smartphone,Globex,1186.15,4791,sess-17662
2020-03-13T01:18:58Z,view,3981,210,electronics.audio,Globex,1302.98,1058,sess-14177
2020-03-13T02:02:52Z,cart,5687,210,electronics.audio,Umbra,501.23,2925,sess-01567
2020-03-13T02:03:13Z,view,6043,400,home.kitchen,Nova,63.05,4820,sess-02335
2020-03-13T02:23:52Z,view,8066,300,apparel.shoes,Umbra,996.76,574,sess-10820
2020-03-13T02:31:44Z,view,8220,400,home.kitchen,Umbra,133.13,895,sess-05444
2020-03-13T02:41:17Z,view,7110,200,electronics.smartphone,Nova,76.36,2128,sess-16630
2020-03-13T03:19:39Z,cart,8535,200,electronics.smartphone,Umbra,1481.30,3362,sess-17744
2020-03-13T03:55:35Z,view,8355,210,electronics.audio,Globex,1241.04,3432,sess-07529
2020-03-13T04:33:02Z,view,7301,210,electronics.audio,Globex,1496.20,2952,sess-13672
2020-03-13T04:56:32Z,view,7658,200,electronics.smartphone,Nova,1482.42,2153,sess-17063
2020-03-13T05:36:51Z,view,2380,300,apparel.shoes,Umbra,1089.02,303,sess-17611
2020-03-13T05:51:25Z,view,1962,200,electronics.smartphone,Globex,1497.35,4815,sess-03858
2020-03-13T06:02:04Z,purchase,8357,200,electronics.smartphone,Acme,1213.65,1417,sess-05478
2020-03-13T06:17:54Z,view,4721,200,electronics.smartphone,Umbra,1070.48,3748,sess-03642
2020-03-13T06:27:34Z,view,3090,400,home.kitchen,Globex,1071.27,2123,sess-00312
2020-03-13T06:35:47Z,view,1865,210,electronics.audio,Globex,351.54,4244,sess-05892
2020-03-13T07:22:07Z,view,4898,300,apparel.shoes,Nova,401.72,4824,sess-10610
2020-03-13T07:40:15Z,purchase,3221,200,electronics.smartphone,Globex,1301.24,3372,sess-01943
2020-03-13T07:49:40Z,cart,7354,210,electronics.audio,Globex,111.02,4531,sess-17741
2020-03-13T08:58:10Z,view,9938,210,electronics.audio,Acme,226.40,296,sess-12099
2020-03-13T09:46:51Z,view,6072,200,electronics.smartphone,Acme,496.07,4579,sess-12344
2020-03-13T10:50:05Z,view,3996,400,home.kitchen,Acme,1126.50,4188,sess-09184
2020-03-13T11:09:04Z,view,8912,400,home.kitchen,Acme,264.61,4165,sess-05807
2020-03-13T12:25:49Z,view,1067,200,electronics.smartphone,Acme,519.80,2039,sess-07415
2020-03-13T13:47:46Z,view,9195,400,home.kitchen,Acme,1089.90,1597,sess-10305
2020-03-13T14:15:12Z,purchase,5254,300,apparel.shoes,Nova,534.01,4305,sess-18847
2020-03-13T15:04:10Z,view,7974,210,electronics.audio,Nova,640.21,3376,sess-02686
2020-03-13T15:11:27Z,view,2398,200,electronics.smartphone,Acme,1109.50,764,sess-14152
2020-03-13T15:23:11Z,view,4328,210,electronics.audio,Nova,743.78,1561,sess-08723
2020-03-13T15:38:23Z,view,5986,300,apparel.shoes,Umbra,1026.03,914,sess-03175
2020-03-13T15:47:46Z,view,5301,400,home.kitchen,Globex,1161.87,697,sess-13059
2020-03-13T15:53:12Z,view,7541,400,home.kitchen,Nova,311.02,3821,sess-15244
2020-03-13T16:11:56Z,view,9907,200,electronics.smartphone,Nova,1114.80,646,sess-18737
2020-03-13T16:12:55Z,view,4240,400,home.kitchen,Nova,372.32,1235,sess-13478
2020-03-13T18:12:42Z,view,1645,200,electronics.smartphone,Acme,550.47,2531,sess-14445
2020-03-13T19:07:25Z,view,9850,210,electronics.audio,Acme,1300.34,2054,sess-05718
2020-03-13T20:27:45Z,view,1558,210,electronics.audio,Nova,1484.95,3535,sess-00785
2020-03-13T20:51:41Z,view,5546,300,apparel.shoes,Umbra,1376.61,749,sess-06227
2020-03-13T21:28:07Z,cart,6534,400,home.kitchen,Globex,1251.36,3091,sess-15573
2020-03-13T21:45:09Z,purchase,2552,300,apparel.shoes,Umbra,1045.99,4915,sess-10629
2020-03-13T21:46:38Z,view,7461,300,apparel.shoes,Globex,23.11,1805,sess-01373
2020-03-13T21:49:26Z,view,4782,200,electronics.smartphone,Globex,1027.68,2048,sess-01526
2020-03-13T22:15:11Z,view,6133,200,electronics.smartphone,Globex,1161.32,3012,sess-09806
2020-03-13T23:08:19Z,view,4977,400,home.kitchen,Nova,1145.75,785,sess-12701
2020-03-13T23:45:07Z,view,9524,400,home.kitchen,Umbra,1332.52,4886,sess-17175
2020-03-14T00:07:15Z,cart,8501,300,apparel.shoes,Umbra,887.30,1414,sess-09747
2020-03-14T01:56:55Z,view,8187,300,apparel.shoes,Umbra,540.46,1581,sess-00700
2020-03-14T03:21:47Z,cart,8735,300,apparel.shoes,Globex,1390.98,3792,sess-06902
2020-03-14T05:07:04Z,view,1448,400,home.kitchen,Acme,1187.57,427,sess-06021
2020-03-14T05:19:20Z,view,9602,300,apparel.shoes,Globex,501.45,4404,sess-03066
2020-03-14T05:36:11Z,view,5256,400,home.kitchen,Umbra,787.36,1276,sess-09948
2020-03-14T06:21:25Z,view,9715,300,apparel.shoes,Umbra,107.35,2203,sess-13531
2020-03-14T06:48:32Z,view,2965,200,electronics.smartphone,Umbra,134.86,3641,sess-14165
2020-03-14T07:06:55Z,view,2570,300,apparel.shoes,Umbra,219.86,4378,sess-19007
2020-03-14T07:22:37Z,view,2847,200,electronics.smartphone,Umbra,18.24,4298,sess-08713
2020-03-14T08:13:22Z,view,1428,200,electronics.smartphone,Acme,144.15,2336,sess-10740
2020-03-14T08:27:42Z,view,5305,200,electronics.smartphone,Acme,1379.32,2930,sess-15553
2020-03-14T10:26:05Z,view,4841,300,apparel.shoes,Globex,812.53,2226,sess-11006
2020-03-14T10:53:46Z,view,7852,400,home.kitchen,Acme,930.22,3362,sess-06190
2020-03-14T11:13:45Z,view,8549,210,electronics.audio,Globex,88.97,2711,sess-03468
2020-03-14T11:24:37Z,cart,3254,210,electronics.audio,Nova,711.32,314,sess-09401
2020-03-14T11:34:27Z,view,6410,300,apparel.shoes,Acme,1048.97,821,sess-00102
2020-03-14T12:42:26Z,view,2804,210,electronics.audio,Umbra,1274.75,489,sess-11448
2020-03-14T14:13:39Z,cart,3879,200,electronics.smartphone,Globex,1288.78,4970,sess-02687
2020-03-14T14:29:07Z,view,1204,200,electronics.smartphone,Umbra,277.72,4663,sess-13648
2020-03-14T14:44:13Z,view,5079,210,electronics.audio,Nova,780.34,1453,sess-18501
2020-03-14T15:31:44Z,view,7668,200,electronics.smartphone,Globex,1260.52,2978,sess-02960
2020-03-14T15:35:17Z,purchase,1453,400,home.kitchen,Umbra,634.27,4579,sess-00866
2020-03-14T15:38:57Z,view,9442,400,home.kitchen,Nova,147.60,2687,sess-02843
2020-03-14T17:26:32Z,view,8338,400,home.kitchen,Globex,373.10,954,sess-18169
2020-03-14T17:55:46Z,view,9791,400,home.kitchen,Nova,112.69,1221,sess-18985
2020-03-14T19:26:04Z,view,2880,400,home.kitchen,Acme,1363.08,4462,sess-07367
2020-03-14T19:57:25Z,view,3973,300,apparel.shoes,Nova,152.62,223,sess-01917
2020-03-14T20:16:18Z,view,9074,400,home.kitchen,Globex,774.53,4680,sess-06432
2020-03-14T20:29:47Z,view,4325,300,apparel.shoes,Nova,16.13,4117,sess-15040
2020-03-14T20:39:06Z,view,2369,210,electronics.audio,Nova,559.50,553,sess-07922
2020-03-14T20:54:35Z,view,5995,300,apparel.shoes,Globex,46.83,3068,sess-09938
2020-03-14T20:54:53Z,cart,4483,300,apparel.shoes,Umbra,966.06,4090,sess-12965
2020-03-14T22:42:13Z,cart,7944,210,electronics.audio,Globex,898.91,3394,sess-04574
2020-03-14T23:14:50Z,view,4287,400,home.kitchen,Nova,740.63,5000,sess-12866
2020-03-15T00:20:18Z,view,1466,300,apparel.shoes,Nova,708.40,212,sess-10866
2020-03-15T00:33:05Z,cart,3807,300,apparel.shoes,Globex,102.74,4317,sess-14213
2020-03-15T01:10:38Z,view,2746,210,electronics.audio,Umbra,693.60,3239,sess-00302
2020-03-15T02:13:46Z,purchase,9582,300,apparel.shoes,Globex,1463.79,1108,sess-14093
2020-03-15T02:44:48Z,view,1801,210,electronics.audio,Acme,526.78,1515,sess-04859
2020-03-15T03:04:18Z,view,5560,200,electronics.smartphone,Globex,1423.06,3724,sess-01255
2020-03-15T03:11:17Z,view,1506,400,home.kitchen,Acme,1058.19,3419,sess-02174
2020-03-15T04:01:28Z,view,7073,210,electronics.audio,Acme,1296.81,2564,sess-13564
2020-03-15T04:03:10Z,view,7237,210,electronics.audio,Acme,406.27,1389,sess-04550
2020-03-15T04:04:17Z,view,4531,210,electronics.audio,Acme,615.74,2319,sess-06206
2020-03-15T04:40:06Z,view,8310,210,electronics.audio,Nova,850.89,1305,sess-05871
2020-03-15T05:18:50Z,cart,9899,200,electronics.smartphone,Umbra,1432.14,3111,sess-12929
2020-03-15T06:12:46Z,cart,6638,300,apparel.shoes,Nova,917.55,65,sess-09168
2020-03-15T06:50:25Z,purchase,6685,400,home.kitchen,Nova,750.90,2363,sess-03611
2020-03-15T06:55:52Z,view,4255,400,home.kitchen,Nova,959.49,132,sess-07064
2020-03-15T07:20:50Z,view,5670,200,electronics.smartphone,Nova,1358.43,688,sess-05254
2020-03-15T08:00:36Z,purchase,7582,210,electronics.audio,Nova,1152.13,3049,sess-15319
2020-03-15T08:45:28Z,view,5724,210,electronics.audio,Nova,172.48,631,sess-03584
2020-03-15T09:11:23Z,view,4668,210,electronics.audio,Umbra,63.44,374,sess-17484
2020-03-15T10:23:23Z,view,5072,400,home.kitchen,Acme,963.90,3948,sess-11330
2020-03-15T11:07:28Z,cart,8114,300,apparel.shoes,Acme,889.70,4747,sess-07288
2020-03-15T12:19:39Z,view,2128,300,apparel.shoes,Acme,1017.67,1452,sess-04422
2020-03-15T12:28:20Z,cart,4863,300,apparel.shoes,Nova,298.11,4550,sess-14163
2020-03-15T13:40:21Z,view,8711,300,apparel.shoes,Acme,71.69,2409,sess-01021
2020-03-15T13:43:21Z,view,1201,200,electronics.smartphone,Globex,577.55,2004,sess-01507
2020-03-15T13:44:03Z,cart,7235,400,home.kitchen,Globex,850.41,360,sess-05600
2020-03-15T14:02:16Z,view,8022,210,electronics.audio,Umbra,1020.75,4346,sess-10973
2020-03-15T14:37:36Z,view,1981,400,home.kitchen,Umbra,225.88,4279,sess-06575
2020-03-15T14:57:04Z,view,1965,210,electronics.audio,Acme,1112.06,4043,sess-08259
2020-03-15T16:28:20Z,view,8139,300,apparel.shoes,Nova,739.46,1352,sess-10340
2020-03-15T17:39:20Z,purchase,3200,400,home.kitchen,Globex,1100.01,607,sess-10635
2020-03-15T17:49:38Z,view,3300,300,apparel.shoes,Globex,880.96,3289,sess-04046
2020-03-15T18:25:51Z,purchase,8749,300,apparel.shoes,Nova,1189.63,3124,sess-12652
2020-03-15T18:39:50Z,view,2197,210,electronics.audio,Umbra,1334.59,3531,sess-09073
2020-03-15T19:54:07Z,view,9161,200,electronics.smartphone,Umbra,1020.41,220,sess-05869
2020-03-15T21:13:31Z,view,2807,400,home.kitchen,Acme,65.22,991,sess-12111
2020-03-15T21:38:43Z,view,3725,400,home.kitchen,Globex,1459.94,1318,sess-17542
2020-03-15T23:09:35Z,view,4411,200,electronics.smartphone,Acme,430.98,1335,sess-12731
2020-03-16T00:30:41Z,view,5521,200,electronics.smartphone,Acme,1389.25,4536,sess-16754
2020-03-16T01:08:20Z,view,9931,400,home.kitchen,Acme,1185.64,510,sess-17193
2020-03-16T01:12:13Z,cart,6305,200,electronics.smartphone,Umbra,372.63,1842,sess-14502
2020-03-16T01:15:44Z,view,6737,210,electronics.audio,Acme,1154.48,2321,sess-16450
2020-03-16T01:41:12Z,view,6067,210,electronics.audio,Acme,227.34,2676,sess-06900
2020-03-16T04:13:51Z,view,9037,200,electronics.smartphone,Acme,716.49,4537,sess-17675
2020-03-16T04:15:36Z,cart,8170,300,apparel.shoes,Globex,51.07,3125,sess-12948
2020-03-16T05:49:11Z,view,1806,200,electronics.smartphone,Nova,301.67,4249,sess-06897
2020-03-16T05:50:55Z,view,5053,200,electronics.smartphone,Acme,593.13,4337,sess-09992
2020-03-16T07:00:38Z,view,7481,300,apparel.shoes,Nova,487.29,4801,sess-03311
2020-03-16T07:16:13Z,view,8404,210,electronics.audio,Umbra,184.27,2526,sess-15183
2020-03-16T07:50:50Z,view,4670,200,electronics.smartphone,Umbra,540.07,2375,sess-08238
2020-03-16T08:01:45Z,purchase,2647,400,home.kitchen,Nova,1466.98,1127,sess-00170
2020-03-16T08:02:03Z,view,6304,210,electronics.audio,Globex,1179.79,1282,sess-06289
2020-03-16T08:07:41Z,view,1752,200,electronics.smartphone,Nova,1394.50,816,sess-15060
2020-03-16T09:10:50Z,view,8406,200,electronics.smartphone,Nova,257.07,2241,sess-06862
2020-03-16T09:34:36Z,view,5487,400,home.kitchen,Acme,652.77,3584,sess-01604
2020-03-16T10:56:49Z,view,3933,200,electronics.smartphone,Acme,1223.44,3994,sess-12839
2020-03-16T11:25:05Z,view,3732,400,home.kitchen,Acme,92.68,927,sess-04343
2020-03-16T11:37:55Z,view,5493,200,electronics.smartphone,Acme,1094.48,1,sess-09944
2020-03-16T12:01:59Z,view,4611,400,home.kitchen,Nova,1304.60,3680,sess-19310
2020-03-16T12:24:32Z,view,4112,210,electronics.audio,Nova,652.12,3986,sess-19885
2020-03-16T12:47:45Z,view,1939,300,apparel.shoes,Acme,1202.64,615,sess-13311
2020-03-16T12:53:26Z,view,2520,210,electronics.audio,Acme,514.36,4192,sess-18081
2020-03-16T14:25:58Z,view,4253,210,electronics.audio,Nova,805.58,2862,sess-13734
2020-03-16T15:56:17Z,view,6424,300,apparel.shoes,Umbra,1490.63,719,sess-01607
2020-03-16T16:02:27Z,view,1372,300,apparel.shoes,Nova,1295.84,4927,sess-12758
2020-03-16T17:00:35Z,view,3262,400,home.kitchen,Acme,1050.47,976,sess-07530
2020-03-16T18:52:47Z,view,1568,210,electronics.audio,Umbra,675.40,2597,sess-11268
2020-03-16T19:13:33Z,view,2927,300,apparel.shoes,Acme,680.33,4234,sess-16093
2020-03-16T19:22:00Z,view,4666,400,home.kitchen,Nova,511.29,2325,sess-01050
2020-03-16T19:36:06Z,view,3679,300,apparel.shoes,Globex,582.92,2119,sess-02962
2020-03-16T20:24:56Z,view,5968,300,apparel.shoes,Nova,1321.44,832,sess-18412
2020-03-16T20:32:13Z,cart,3394,200,electronics.smartphone,Acme,207.57,2619,sess-15108
2020-03-16T20:42:25Z,view,9137,210,electronics.audio,Globex,157.87,524,sess-02225
2020-03-16T21:45:27Z,view,3877,300,apparel.shoes,Nova,1053.74,979,sess-00416
2020-03-16T22:36:18Z,view,9412,400,home.kitchen,Umbra,420.37,1664,sess-13114
2020-03-16T22:50:00Z,view,7997,200,electronics.smartphone,Acme,836.65,2859,sess-11695
2020-03-17T00:59:38Z,view,5774,210,electronics.audio,Umbra,135.84,3005,sess-11707
2020-03-17T01:04:38Z,view,9185,210,electronics.audio,Nova,589.18,3184,sess-10727
2020-03-17T01:42:05Z,view,2529,300,apparel.shoes,Acme,998.44,2953,sess-08205
2020-03-17T01:58:30Z,view,2567,200,electronics.smartphone,Globex,691.96,2017,sess-13317
2020-03-17T02:40:50Z,view,2110,400,home.kitchen,Acme,1383.37,2888,sess-10862
2020-03-17T02:44:12Z,purchase,5595,210,electronics.audio,Nova,941.63,256,sess-11114
2020-03-17T03:02:36Z,view,1597,200,electronics.smartphone,Nova,821.40,1791,sess-06150
2020-03-17T03:03:13Z,view,5930,200,electronics.smartphone,Globex,37.62,3797,sess-04856
2020-03-17T03:35:47Z,view,1020,200,electronics.smartphone,Nova,632.38,395,sess-12647
2020-03-17T04:51:42Z,view,8457,400,home.kitchen,Umbra,1289.74,4185,sess-11801
2020-03-17T07:12:21Z,view,3304,400,home.kitchen,Acme,1473.66,2713,sess-02550
2020-03-17T08:21:27Z,cart,3367,300,apparel.shoes,Nova,1026.50,634,sess-19693
2020-03-17T09:09:12Z,purchase,7468,210,electronics.audio,Acme,1113.44,3282,sess-19352
2020-03-17T09:45:46Z,view,4675,210,electronics.audio,Acme,886.59,1075,sess-06921
2020-03-17T10:14:37Z,view,5187,210,electronics.audio,Acme,613.88,735,sess-05054
2020-03-17T10:32:45Z,view,2942,210,electronics.audio,Umbra,339.33,2359,sess-08974
2020-03-17T10:55:25Z,view,1550,210,electronics.audio,Acme,351.35,4912,sess-16730
2020-03-17T16:10:20Z,view,8107,200,electronics.smartphone,Nova,179.43,4378,sess-00588
2020-03-17T16:10:35Z,view,8503,400,home.kitchen,Umbra,1185.08,2492,sess-18588
2020-03-17T16:22:58Z,view,9591,300,apparel.shoes,Umbra,780.20,574,sess-14899
2020-03-17T16:25:17Z,view,3485,210,electronics.audio,Nova,1144.72,189,sess-18144
2020-03-17T16:29:36Z,view,7843,400,home.kitchen,Nova,1449.47,2372,sess-03775
2020-03-17T16:55:27Z,view,9966,210,electronics.audio,Nova,1172.55,2637,sess-13151
2020-03-17T17:22:09Z,view,8720,200,electronics.smartphone,Acme,200.15,376,sess-07953
2020-03-17T17:55:25Z,view,2946,200,electronics.smartphone,Nova,1033.54,1974,sess-12998
2020-03-17T18:36:23Z,view,6991,400,home.kitchen,Globex,994.35,115,sess-14234
2020-03-17T19:57:18Z,view,2461,210,electronics.audio,Umbra,859.06,2516,sess-19251
2020-03-17T20:14:07Z,cart,6233,400,home.kitchen,Umbra,204.60,3699,sess-15676
2020-03-17T20:22:05Z,view,3190,200,electronics.smartphone,Nova,1352.66,17,sess-19949
2020-03-17T20:41:38Z,cart,4153,200,electronics.smartphone,Globex,192.71,427,sess-04638
2020-03-17T21:00:53Z,view,4404,200,electronics.smartphone,Acme,239.80,1729,sess-08672
2020-03-17T22:52:47Z,view,5603,210,electronics.audio,Globex,171.77,2255,sess-08420
2020-03-17T23:18:51Z,view,8836,400,home.kitchen,Nova,593.61,4430,sess-01068
2020-03-18T01:14:43Z,view,6592,300,apparel.shoes,Globex,48.53,3245,sess-18643
2020-03-18T01:50:52Z,view,8424,300,apparel.shoes,Globex,1387.67,355,sess-03422
2020-03-18T02:22:02Z,view,2535,400,home.kitchen,Globex,1224.32,4063,sess-05948
2020-03-18T03:02:18Z,view,8884,200,electronics.smartphone,Nova,142.59,2280,sess-02729
2020-03-18T03:34:53Z,view,8966,400,home.kitchen,Nova,1118.07,2041,sess-00187
2020-03-18T04:52:29Z,cart,3022,400,home.kitchen,Acme,540.16,2892,sess-12334
2020-03-18T05:26:36Z,view,5195,210,electronics.audio,Acme,1077.48,1497,sess-08032
2020-03-18T05:46:30Z,purchase,9071,400,home.kitchen,Acme,8.12,757,sess-04978
2020-03-18T06:45:06Z,view,1389,210,electronics.audio,Umbra,114.51,3762,sess-10870
2020-03-18T07:02:17Z,view,1052,210,electronics.audio,Acme,918.77,3558,sess-02205
2020-03-18T07:31:40Z,view,2269,210,electronics.audio,Umbra,328.58,4855,sess-04995
2020-03-18T08:05:35Z,view,9785,400,home.kitchen,Umbra,1455.75,2713,sess-00905
2020-03-18T09:05:48Z,view,9333,210,electronics.audio,Umbra,780.74,3180,sess-16685
2020-03-18T10:23:12Z,view,2339,300,apparel.shoes,Globex,994.06,4125,sess-00534
2020-03-18T10:34:29Z,view,7997,400,home.kitchen,Acme,1461.37,1379,sess-01846
2020-03-18T11:14:10Z,view,4961,400,home.kitchen,Umbra,1018.19,4823,sess-06388
2020-03-18T12:24:05Z,cart,9807,200,electronics.smartphone,Globex,166.12,986,sess-10213
2020-03-18T12:29:38Z,view,2353,300,apparel.shoes,Umbra,1492.67,3478,sess-02587
2020-03-18T12:53:34Z,view,8522,200,electronics.smartphone,Acme,427.28,4882,sess-04021
2020-03-18T13:18:57Z,view,7058,400,home.kitchen,Acme,358.11,1437,sess-08561
2020-03-18T13:24:27Z,view,7004,400,home.kitchen,Umbra,1436.83,4829,sess-06067
2020-03-18T13:34:19Z,view,4552,300,apparel.shoes,Umbra,328.55,4187,sess-00781
2020-03-18T14:04:37Z,cart,9311,300,apparel.shoes,Umbra,1315.36,2460,sess-05571
2020-03-18T14:11:57Z,view,4250,400,home.kitchen,Globex,755.99,3883,sess-03378
2020-03-18T15:11:34Z,cart,7868,210,electronics.audio,Umbra,1448.12,1413,sess-05723
2020-03-18T15:47:35Z,view,8003,200,electronics.smartphone,Nova,1492.18,2282,sess-04741
2020-03-18T15:49:14Z,view,7730,210,electronics.audio,Umbra,1231.58,4923,sess-04677
2020-03-18T18:34:48Z,view,8713,200,electronics.smartphone,Umbra,840.75,1049,sess-08476
2020-03-18T22:54:47Z,cart,8687,210,electronics.audio,Acme,96.59,2360,sess-19393
2020-03-19T01:12:47Z,cart,1490,400,home.kitchen,Umbra,646.93,940,sess-05896
2020-03-19T01:51:32Z,view,2659,300,apparel.shoes,Nova,748.30,741,sess-13306
2020-03-19T05:01:23Z,view,1086,400,home.kitchen,Nova,1096.13,4285,sess-08956
2020-03-19T05:29:06Z,view,6284,400,home.kitchen,Nova,1287.23,96,sess-18747
2020-03-19T06:31:34Z,view,6243,300,apparel.shoes,Acme,806.78,3971,sess-10295
2020-03-19T08:32:35Z,view,6680,400,home.kitchen,Acme,37.12,3442,sess-14545
2020-03-19T09:12:25Z,view,3881,200,electronics.smartphone,Acme,815.29,1620,sess-08627
2020-03-19T09:28:29Z,view,9511,210,electronics.audio,Globex,799.83,796,sess-03317
2020-03-19T10:12:35Z,view,8951,200,electronics.smartphone,Globex,1047.07,3585,sess-18319
2020-03-19T10:39:10Z,cart,7944,300,apparel.shoes,Umbra,1034.06,1543,sess-04564
2020-03-19T11:07:20Z,view,4580,300,apparel.shoes,Nova,1120.50,4700,sess-08818
2020-03-19T11:10:37Z,view,5491,210,electronics.audio,Nova,851.43,1057,sess-09492
2020-03-19T12:09:15Z,view,8905,400,home.kitchen,Globex,221.24,3869,sess-07987
2020-03-19T15:01:11Z,view,7691,300,apparel.shoes,Nova,833.85,2673,sess-13186
2020-03-19T15:07:26Z,view,4041,210,electronics.audio,Umbra,1214.72,1647,sess-01933
2020-03-19T15:11:48Z,view,5201,210,electronics.audio,Acme,174.77,4926,sess-07738
2020-03-19T15:48:20Z,view,4758,210,electronics.audio,Globex,414.42,987,sess-04336
2020-03-19T16:35:10Z,view,9426,300,apparel.shoes,Umbra,448.17,4168,sess-14601
2020-03-19T18:19:40Z,view,7126,400,home.kitchen,Globex,210.58,1508,sess-12697
2020-03-19T18:52:56Z,view,4695,400,home.kitchen,Umbra,907.06,3013,sess-19281
2020-03-19T18:53:03Z,view,6851,300,apparel.shoes,Umbra,931.18,1051,sess-07686
2020-03-19T19:01:00Z,view,9069,400,home.kitchen,Acme,439.28,1474,sess-19970
2020-03-19T20:26:59Z,view,3388,210,electronics.audio,Nova,1035.85,2803,sess-05255
2020-03-19T20:50:34Z,view,3508,400,home.kitchen,Umbra,280.02,2391,sess-16568
2020-03-19T23:57:48Z,view,5029,200,electronics.smartphone,Umbra,1415.03,1122,sess-19214
2020-03-20T00:02:33Z,view,3761,210,electronics.audio,Acme,900.66,1796,sess-19186
2020-03-20T01:07:09Z,cart,5971,400,home.kitchen,Nova,44.40,1866,sess-00703
2020-03-20T03:40:35Z,view,6724,210,electronics.audio,Globex,223.93,2877,sess-04840
2020-03-20T03:44:30Z,view,2301,200,electronics.smartphone,Nova,292.99,3170,sess-10500
2020-03-20T04:17:34Z,view,9313,210,electronics.audio,Globex,470.64,641,sess-13968
2020-03-20T05:36:58Z,view,7898,400,home.kitchen,Globex,950.78,4138,sess-04863
2020-03-20T05:59:37Z,cart,1376,200,electronics.smartphone,Umbra,1461.32,4576,sess-07495
2020-03-20T06:42:30Z,view,3481,400,home.kitchen,Acme,427.49,3970,sess-06132
2020-03-20T08:47:54Z,view,3209,210,electronics.audio,Acme,306.38,517,sess-14998
2020-03-20T10:48:22Z,view,4651,300,apparel.shoes,Umbra,982.15,4788,sess-10703
2020-03-20T11:26:55Z,view,8051,210,electronics.audio,Globex,394.46,2065,sess-16374
2020-03-20T12:19:05Z,view,3580,300,apparel.shoes,Globex,186.44,1427,sess-11846
2020-03-20T13:09:09Z,cart,8947,400,home.kitchen,Umbra,879.91,3863,sess-00644
2020-03-20T13:17:54Z,view,3890,400,home.kitchen,Umbra,866.75,4964,sess-08159
2020-03-20T13:38:35Z,view,7735,300,apparel.shoes,Globex,667.90,3103,sess-17003
2020-03-20T13:55:57Z,view,4254,400,home.kitchen,Umbra,1248.09,4989,sess-06546
2020-03-20T14:26:18Z,cart,3527,200,electronics.smartphone,Nova,188.86,2980,sess-10965
2020-03-20T14:32:08Z,view,7775,400,home.kitchen,Nova,683.25,2650,sess-14775
2020-03-20T15:11:26Z,view,6793,400,home.kitchen,Globex,34.12,1147,sess-14972
2020-03-20T15:17:21Z,view,3299,200,electronics.smartphone,Globex,1435.81,1967,sess-16803
2020-03-20T15:25:01Z,view,9883,400,home.kitchen,Globex,873.64,1080,sess-06776
2020-03-20T16:19:19Z,view,1721,200,electronics.smartphone,Umbra,1079.71,517,sess-09203
2020-03-20T16:38:11Z,purchase,7694,200,electronics.smartphone,Globex,337.72,123,sess-08843
2020-03-20T17:46:28Z,view,3819,210,electronics.audio,Nova,358.09,2469,sess-10078
2020-03-20T18:21:54Z,view,2659,400,home.kitchen,Umbra,260.69,1802,sess-08791
2020-03-20T18:26:29Z,view,8491,200,electronics.smartphone,Nova,114.08,1522,sess-07261
2020-03-20T19:06:07Z,view,1310,210,electronics.audio,Nova,622.38,3613,sess-10280
2020-03-20T19:24:29Z,view,2195,400,home.kitchen,Umbra,728.96,491,sess-05180
2020-03-20T20:25:50Z,view,7088,300,apparel.shoes,Umbra,787.26,4619,sess-05438
2020-03-20T22:37:10Z,view,5942,200,electronics.smartphone,Globex,1380.55,85,sess-03163
2020-03-20T23:30:45Z,view,8365,210,electronics.audio,Umbra,1058.58,4852,sess-14076
2020-03-20T23:34:42Z,view,9850,300,apparel.shoes,Nova,1225.31,1307,sess-18799
2020-03-20T23:45:49Z,cart,4058,200,electronics.smartphone,Globex,581.91,1631,sess-02278
2020-03-21T04:55:42Z,view,9842,300,apparel.shoes,Umbra,941.56,4158,sess-07186
2020-03-21T07:07:26Z,view,5496,200,electronics.smartphone,Acme,318.72,2697,sess-17271
2020-03-21T07:34:26Z,view,2183,210,electronics.audio,Acme,457.77,2512,sess-07925
2020-03-21T08:22:04Z,view,6129,200,electronics.smartphone,Nova,1048.42,1539,sess-14051
2020-03-21T08:29:30Z,view,3868,200,electronics.smartphone,Acme,186.95,4151,sess-18950
2020-03-21T08:57:53Z,view,4643,200,electronics.smartphone,Globex,464.61,1055,sess-04665
2020-03-21T09:02:39Z,view,9399,400,home.kitchen,Nova,1086.39,1223,sess-13026
2020-03-21T10:45:50Z,purchase,5775,400,home.kitchen,Globex,503.05,3086,sess-01928
2020-03-21T10:46:14Z,view,4172,400,home.kitchen,Acme,854.44,3421,sess-04970
2020-03-21T11:05:19Z,view,9490,200,electronics.smartphone,Nova,22.67,3769,sess-10344
2020-03-21T11:09:23Z,view,2572,200,electronics.smartphone,Globex,942.26,1372,sess-17629
2020-03-21T11:49:29Z,view,5359,200,electronics.smartphone,Acme,67.58,60,sess-19086
2020-03-21T13:12:15Z,view,3223,400,home.kitchen,Nova,571.76,3783,sess-05955
2020-03-21T13:38:58Z,view,2037,300,apparel.shoes,Nova,647.32,4379,sess-13033
2020-03-21T13:40:46Z,view,5453,210,electronics.audio,Nova,1426.85,754,sess-17089
2020-03-21T13:41:43Z,view,9247,400,home.kitchen,Globex,1278.30,4762,sess-01070
2020-03-21T13:56:36Z,view,3977,200,electronics.smartphone,Umbra,1118.41,335,sess-00018
2020-03-21T14:30:10Z,purchase,8682,200,electronics.smartphone,Nova,599.34,1092,sess-10593
2020-03-21T15:28:33Z,view,6385,400,home.kitchen,Nova,908.53,529,sess-10397
2020-03-21T16:21:12Z,view,2473,300,apparel.shoes,Umbra,230.15,2567,sess-11689
2020-03-21T16:28:46Z,view,9832,210,electronics.audio,Acme,443.85,966,sess-09505
2020-03-21T16:49:49Z,view,9824,300,apparel.shoes,Umbra,1145.46,1497,sess-06344
2020-03-21T17:09:01Z,view,7814,210,electronics.audio,Umbra,527.36,4449,sess-17598
2020-03-21T18:08:36Z,cart,4393,210,electronics.audio,Acme,185.60,4438,sess-12946
2020-03-21T18:29:19Z,view,7755,300,apparel.shoes,Nova,846.90,3528,sess-10599
2020-03-21T18:56:29Z,view,8870,210,electronics.audio,Acme,720.02,1750,sess-06183
2020-03-21T19:06:18Z,view,9331,400,home.kitchen,Umbra,274.49,2965,sess-00598
2020-03-21T20:34:24Z,view,9480,200,electronics.smartphone,Umbra,1476.67,1107,sess-09891
2020-03-21T21:28:56Z,view,1732,200,electronics.smartphone,Globex,453.07,1943,sess-01204
2020-03-21T22:05:40Z,view,1369,300,apparel.shoes,Acme,1039.24,4614,sess-15720
2020-03-21T22:43:02Z,view,8717,210,electronics.audio,Acme,25.62,598,sess-00547
2020-03-21T23:14:31Z,view,9101,200,electronics.smartphone,Globex,342.62,1839,sess-07176
2020-03-22T01:21:09Z,view,9169,400,home.kitchen,Nova,742.73,4453,sess-00189
2020-03-22T02:11:46Z,purchase,5963,210,electronics.audio,Umbra,353.30,1338,sess-13903
2020-03-22T02:14:25Z,view,9810,300,apparel.shoes,Nova,1085.00,2392,sess-02188
2020-03-22T02:39:56Z,view,5198,210,electronics.audio,Acme,855.75,2461,sess-03012
2020-03-22T03:41:18Z,cart,8944,300,apparel.shoes,Globex,248.73,3376,sess-11152
2020-03-22T03:44:48Z,view,6049,400,home.kitchen,Acme,9.51,179,sess-12975
2020-03-22T05:58:32Z,view,3337,300,apparel.shoes,Acme,125.67,1612,sess-14158
2020-03-22T06:11:47Z,view,5221,300,apparel.shoes,Globex,1267.51,873,sess-04849
2020-03-22T06:31:37Z,view,3677,200,electronics.smartphone,Nova,1181.58,307,sess-08701
2020-03-22T07:05:06Z,view,2369,400,home.kitchen,Acme,1166.01,4760,sess-13823
2020-03-22T08:17:45Z,view,2820,210,electronics.audio,Umbra,1141.71,3814,sess-15027
2020-03-22T09:08:37Z,view,2049,210,electronics.audio,Acme,349.02,2770,sess-00690
2020-03-22T09:18:23Z,view,9907,300,apparel.shoes,Nova,1221.07,1687,sess-16218
2020-03-22T09:30:48Z,cart,1478,400,home.kitchen,Umbra,1150.63,1313,sess-10699
2020-03-22T09:31:40Z,view,8896,200,electronics.smartphone,Globex,952.32,953,sess-08449
2020-03-22T10:43:23Z,cart,3983,200,electronics.smartphone,Acme,1451.46,4935,sess-10428
2020-03-22T11:06:06Z,view,6212,400,home.kitchen,Acme,1064.97,796,sess-07253
2020-03-22T13:18:00Z,view,7547,200,electronics.smartphone,Globex,152.42,2717,sess-14106
2020-03-22T13:58:08Z,view,8570,200,electronics.smartphone,Globex,97.20,835,sess-04581
2020-03-22T14:08:37Z,cart,1578,400,home.kitchen,Nova,518.03,4777,sess-18745
2020-03-22T14:54:20Z,view,2943,300,apparel.shoes,Acme,195.38,1463,sess-17605
2020-03-22T16:03:31Z,view,7108,200,electronics.smartphone,Acme,83.74,979,sess-16451
2020-03-22T16:53:39Z,view,9458,210,electronics.audio,Globex,745.48,1181,sess-18418
2020-03-22T19:38:16Z,view,4155,200,electronics.smartphone,Globex,1255.38,3062,sess-12805
2020-03-22T20:08:11Z,view,2353,200,electronics.smartphone,Acme,1363.18,1000,sess-16031
2020-03-22T20:31:09Z,view,6950,300,apparel.shoes,Nova,801.10,866,sess-10413
2020-03-22T21:26:42Z,view,4272,210,electronics.audio,Globex,1019.88,1604,sess-08274
2020-03-22T21:38:44Z,cart,5221,200,electronics.smartphone,Globex,1423.93,3172,sess-00966
2020-03-22T22:00:52Z,cart,9346,400,home.kitchen,Globex,580.15,3475,sess-18090
2020-03-22T22:21:08Z,purchase,5344,300,apparel.shoes,Acme,606.03,390,sess-09743
2020-03-22T22:50:24Z,view,3029,400,home.kitchen,Nova,986.67,3993,sess-00227
2020-03-22T22:59:19Z,view,6736,200,electronics.smartphone,Nova,421.46,4557,sess-12045
2020-03-22T23:08:19Z,cart,2553,200,electronics.smartphone,Umbra,162.32,3309,sess-09251
2020-03-23T01:40:55Z,cart,8443,400,home.kitchen,Nova,755.30,4540,sess-08456
2020-03-23T01:52:17Z,view,8348,210,electronics.audio,Globex,1303.65,1304,sess-03777
2020-03-23T01:55:28Z,view,3945,400,home.kitchen,Globex,744.92,2114,sess-09049
2020-03-23T02:16:43Z,view,6468,200,electronics.smartphone,Umbra,1255.17,2882,sess-17637
2020-03-23T02:40:34Z,view,9220,300,apparel.shoes,Acme,1179.88,4201,sess-17913
2020-03-23T03:05:15Z,view,3106,210,electronics.audio,Acme,579.42,1201,sess-19905
2020-03-23T03:11:50Z,view,3101,200,electronics.smartphone,Umbra,857.01,533,sess-04176
2020-03-23T03:56:55Z,view,2792,400,home.kitchen,Globex,1485.67,371,sess-00570
2020-03-23T04:35:56Z,view,5581,400,home.kitchen,Acme,1469.01,3693,sess-05895
2020-03-23T05:25:57Z,view,1653,200,electronics.smartphone,Acme,43.67,3540,sess-10562
2020-03-23T07:09:21Z,view,5888,200,electronics.smartphone,Globex,572.02,3793,sess-17841
2020-03-23T08:10:51Z,view,9848,210,electronics.audio,Globex,476.43,2856,sess-02270
2020-03-23T08:11:48Z,view,1126,200,electronics.smartphone,Umbra,573.41,4075,sess-14112
2020-03-23T08:44:45Z,view,4062,210,electronics.audio,Nova,1226.35,1290,sess-11870
2020-03-23T11:16:44Z,view,2217,200,electronics.smartphone,Acme,1264.60,398,sess-00210
2020-03-23T12:52:06Z,purchase,8409,200,electronics.smartphone,Nova,599.04,1836,sess-18936
2020-03-23T14:00:39Z,view,9372,400,home.kitchen,Acme,1482.63,1905,sess-16497
2020-03-23T14:06:39Z,view,1178,300,apparel.shoes,Acme,1193.88,2695,sess-07005
2020-03-23T14:09:00Z,view,1396,200,electronics.smartphone,Globex,68.05,430,sess-07390
2020-03-23T14:10:16Z,view,6824,200,electronics.smartphone,Umbra,193.11,1261,sess-17576
2020-03-23T15:06:21Z,view,4040,200,electronics.smartphone,Globex,1188.43,752,sess-03002
2020-03-23T16:04:12Z,view,6729,210,electronics.audio,Globex,1386.70,3623,sess-04779
2020-03-23T16:28:18Z,view,6270,210,electronics.audio,Acme,160.17,3035,sess-01260
2020-03-23T17:18:10Z,view,1662,300,apparel.shoes,Acme,400.21,1793,sess-15980
2020-03-23T18:54:15Z,view,5318,300,apparel.shoes,Umbra,1388.63,3534,sess-12132
2020-03-23T18:56:02Z,view,7805,400,home.kitchen,Nova,738.68,192,sess-09303
2020-03-23T19:13:12Z,view,5198,400,home.kitchen,Nova,82.91,599,sess-03123
2020-03-23T19:25:17Z,view,1911,400,home.kitchen,Umbra,1474.13,998,sess-09828
2020-03-23T20:03:53Z,view,9320,200,electronics.smartphone,Nova,106.60,657,sess-06090
2020-03-23T22:29:28Z,cart,5722,210,electronics.audio,Acme,1342.91,4489,sess-15410
2020-03-23T23:21:28Z,purchase,8805,400,home.kitchen,Acme,1213.79,2652,sess-07587
2020-03-24T02:10:57Z,view,4242,200,electronics.smartphone,Globex,56.00,1493,sess-00470
2020-03-24T03:06:32Z,purchase,9501,400,home.kitchen,Globex,703.66,2131,sess-05327
2020-03-24T03:42:38Z,view,3292,210,electronics.audio,Nova,1494.59,293,sess-06328
2020-03-24T04:00:41Z,view,2766,200,electronics.smartphone,Umbra,180.62,4837,sess-03231
2020-03-24T06:31:49Z,view,4005,400,home.kitchen,Globex,1418.80,4659,sess-03131
2020-03-24T07:35:23Z,cart,7208,210,electronics.audio,Umbra,461.08,910,sess-11089
2020-03-24T08:49:46Z,view,3018,400,home.kitchen,Globex,281.29,3542,sess-04793
2020-03-24T09:02:10Z,view,9301,400,home.kitchen,Acme,1237.58,2339,sess-07152
2020-03-24T09:02:29Z,view,7969,400,home.kitchen,Nova,1141.21,3865,sess-10719
2020-03-24T09:10:26Z,view,3785,210,electronics.audio,Nova,576.90,1435,sess-02588
2020-03-24T09:57:36Z,cart,5012,210,electronics.audio,Umbra,538.54,2661,sess-01501
2020-03-24T10:03:36Z,view,2946,210,electronics.audio,Acme,807.65,767,sess-08203
2020-03-24T12:35:06Z,view,8606,300,apparel.shoes,Nova,824.90,3972,sess-15118
2020-03-24T12:58:47Z,view,7723,200,electronics.smartphone,Nova,244.58,1150,sess-04712
2020-03-24T13:16:59Z,view,4470,200,electronics.smartphone,Globex,1132.72,1557,sess-03845
2020-03-24T13:41:29Z,cart,7376,210,electronics.audio,Nova,1287.88,2894,sess-06161
2020-03-24T17:13:26Z,cart,9288,210,electronics.audio,Umbra,1321.89,2173,sess-04341
2020-03-24T17:14:48Z,view,2031,200,electronics.smartphone,Globex,427.81,4647,sess-03511
2020-03-24T18:15:30Z,view,2591,300,apparel.shoes,Umbra,1065.08,2704,sess-02428
2020-03-24T18:18:34Z,view,5713,200,electronics.smartphone,Acme,1033.33,3418,sess-05878
2020-03-24T19:29:03Z,view,4056,300,apparel.shoes,Nova,805.45,1964,sess-07267
2020-03-24T19:47:56Z,view,8986,200,electronics.smartphone,Acme,142.61,712,sess-15561
2020-03-24T21:14:17Z,view,6534,300,apparel.shoes,Globex,797.26,2671,sess-13071
2020-03-24T22:44:45Z,view,8757,210,electronics.audio,Globex,645.02,3791,sess-09148
2020-03-24T22:55:39Z,view,1171,210,electronics.audio,Umbra,1316.41,1782,sess-12273
2020-03-24T23:02:52Z,view,3901,200,electronics.smartphone,Nova,1300.83,3599,sess-16055
2020-03-24T23:18:28Z,cart,2262,300,apparel.shoes,Globex,1479.45,1102,sess-10541
2020-03-24T23:28:43Z,cart,5411,200,electronics.smartphone,Umbra,1068.82,2979,sess-09194
2020-03-25T00:38:10Z,cart,9998,400,home.kitchen,Acme,1239.28,3858,sess-17614
2020-03-25T00:42:41Z,view,3514,400,home.kitchen,Acme,1446.21,2592,sess-14210
2020-03-25T02:16:15Z,view,8035,300,apparel.shoes,Umbra,968.71,2577,sess-04582
2020-03-25T02:22:56Z,view,8576,300,apparel.shoes,Globex,169.26,2014,sess-14908
2020-03-25T02:26:17Z,view,6273,400,home.kitchen,Umbra,915.45,4130,sess-12605
2020-03-25T03:31:18Z,view,5754,210,electronics.audio,Acme,327.34,1323,sess-12252
2020-03-25T03:41:59Z,cart,3100,300,apparel.shoes,Globex,872.41,4724,sess-06042
2020-03-25T05:37:06Z,view,4278,400,home.kitchen,Globex,170.69,2504,sess-10281
2020-03-25T05:38:14Z,view,3255,200,electronics.smartphone,Acme,976.09,4338,sess-12025
2020-03-25T05:49:57Z,view,4847,210,electronics.audio,Umbra,308.14,1983,sess-08697
2020-03-25T06:21:41Z,purchase,9785,400,home.kitchen,Acme,27.27,4654,sess-01501
2020-03-25T06:43:38Z,view,5366,200,electronics.smartphone,Nova,276.50,3215,sess-02340
2020-03-25T06:45:33Z,cart,9123,400,home.kitchen,Globex,1383.91,3573,sess-16799
2020-03-25T08:00:09Z,view,4770,300,apparel.shoes,Globex,289.25,4974,sess-11545
2020-03-25T09:40:02Z,purchase,7349,400,home.kitchen,Globex,85.43,3413,sess-10246
2020-03-25T11:11:33Z,view,2079,300,apparel.shoes,Globex,582.91,2701,sess-03097
2020-03-25T11:50:06Z,view,6529,300,apparel.shoes,Acme,1248.73,3106,sess-09118
2020-03-25T12:25:37Z,view,9741,210,electronics.audio,Umbra,630.23,1259,sess-01436
2020-03-25T13:33:42Z,view,2766,210,electronics.audio,Acme,706.28,269,sess-16826
2020-03-25T14:15:49Z,purchase,6080,300,apparel.shoes,Acme,816.83,4223,sess-13050
2020-03-25T14:25:08Z,view,7766,400,home.kitchen,Umbra,854.87,775,sess-15226
2020-03-25T16:32:02Z,view,3422,200,electronics.smartphone,Globex,1023.19,2141,sess-19839
2020-03-25T18:13:50Z,view,8020,200,electronics.smartphone,Acme,245.59,2287,sess-18239
2020-03-25T19:14:49Z,cart,2153,210,electronics.audio,Acme,66.25,2797,sess-08917
2020-03-25T21:35:13Z,view,3223,400,home.kitchen,Acme,149.80,1809,sess-07030
2020-03-25T22:17:43Z,view,3110,200,electronics.smartphone,Acme,136.29,4712,sess-06758
2020-03-25T22:31:21Z,view,6534,200,electronics.smartphone,Acme,279.98,2474,sess-13846
2020-03-25T23:28:14Z,view,4159,300,apparel.shoes,Globex,691.08,923,sess-10836
2020-03-26T00:48:09Z,cart,3463,200,electronics.smartphone,Globex,1062.81,57,sess-11047
2020-03-26T03:38:28Z,view,1687,300,apparel.shoes,Umbra,1073.25,4534,sess-07470
2020-03-26T04:45:55Z,view,8799,300,apparel.shoes,Globex,865.02,980,sess-12230
2020-03-26T05:30:56Z,view,8165,200,electronics.smartphone,Nova,553.06,2089,sess-11411
2020-03-26T06:21:56Z,view,4095,200,electronics.smartphone,Globex,58.61,1218,sess-01789
2020-03-26T07:43:36Z,purchase,4431,210,electronics.audio,Umbra,541.39,4562,sess-01542
2020-03-26T09:59:01Z,view,4048,200,electronics.smartphone,Umbra,844.70,4089,sess-16966
2020-03-26T10:30:05Z,view,1486,200,electronics.smartphone,Globex,332.32,1632,sess-06483
2020-03-26T10:52:49Z,view,1228,400,home.kitchen,Nova,556.04,2167,sess-17583
2020-03-26T11:40:02Z,view,9381,400,home.kitchen,Acme,159.92,3605,sess-14044
2020-03-26T12:57:29Z,view,1928,400,home.kitchen,Acme,1405.71,4473,sess-03634
2020-03-26T13:05:55Z,view,6219,400,home.kitchen,Nova,1052.27,1368,sess-01705
2020-03-26T13:14:20Z,view,5532,210,electronics.audio,Globex,1050.16,3654,sess-01567
2020-03-26T13:20:19Z,cart,9179,210,electronics.audio,Umbra,427.97,2302,sess-11816
2020-03-26T13:38:57Z,view,7757,300,apparel.shoes,Globex,1052.72,2893,sess-16925
2020-03-26T14:04:15Z,view,9376,210,electronics.audio,Globex,176.95,1531,sess-08175
2020-03-26T14:31:43Z,view,5254,200,electronics.smartphone,Umbra,459.91,353,sess-03631
2020-03-26T14:46:24Z,view,1208,210,electronics.audio,Acme,270.39,3888,sess-14023
2020-03-26T15:07:37Z,view,5616,300,apparel.shoes,Nova,309.38,4955,sess-06902
2020-03-26T15:15:12Z,cart,7047,300,apparel.shoes,Globex,1326.56,2659,sess-02728
2020-03-26T15:28:58Z,cart,2654,200,electronics.smartphone,Nova,1317.45,2344,sess-17552
2020-03-26T16:00:30Z,view,3837,300,apparel.shoes,Nova,534.66,3766,sess-17470
2020-03-26T18:25:44Z,cart,6707,300,apparel.shoes,Acme,994.29,852,sess-08884
2020-03-26T19:50:31Z,view,3430,400,home.kitchen,Acme,696.72,2635,sess-02665
2020-03-26T21:18:24Z,cart,2007,400,home.kitchen,Acme,754.78,533,sess-06323
2020-03-26T21:32:21Z,view,8041,300,apparel.shoes,Umbra,907.47,1972,sess-07553
2020-03-26T22:00:11Z,view,7721,400,home.kitchen,Umbra,1269.72,2611,sess-02112
2020-03-26T22:06:12Z,view,8428,300,apparel.shoes,Acme,318.21,2989,sess-05330
2020-03-26T22:08:30Z,view,5064,300,apparel.shoes,Umbra,672.87,56,sess-08546
2020-03-26T23:13:08Z,view,6036,210,electronics.audio,Acme,88.53,2718,sess-15693
2020-03-26T23:24:08Z,cart,7011,300,apparel.shoes,Umbra,370.09,4518,sess-09591
2020-03-26T23:34:28Z,view,7484,400,home.kitchen,Umbra,763.80,63,sess-12277
2020-03-27T01:36:08Z,view,9399,300,apparel.shoes,Nova,585.19,1638,sess-16044
2020-03-27T01:41:04Z,view,9254,400,home.kitchen,Acme,334.40,4302,sess-08482
2020-03-27T01:50:48Z,view,7484,200,electronics.smartphone,Umbra,715.45,2716,sess-07785
2020-03-27T02:15:59Z,view,9568,300,apparel.shoes,Acme,194.76,4238,sess-08496
2020-03-27T02:41:57Z,view,4398,300,apparel.shoes,Acme,1115.98,2804,sess-16508
2020-03-27T03:16:12Z,view,1813,210,electronics.audio,Globex,157.90,4383,sess-00726
2020-03-27T03:39:17Z,view,3231,300,apparel.shoes,Globex,869.61,3314,sess-19359
2020-03-27T03:42:29Z,view,9461,300,apparel.shoes,Globex,1170.73,3882,sess-19505
2020-03-27T03:46:00Z,view,6331,200,electronics.smartphone,Nova,397.96,2963,sess-08510
2020-03-27T03:46:08Z,view,7638,210,electronics.audio,Globex,622.39,3095,sess-18449
2020-03-27T03:56:16Z,view,7132,400,home.kitchen,Acme,277.36,2452,sess-11944
2020-03-27T04:30:52Z,view,9875,210,electronics.audio,Nova,1111.98,143,sess-05256
2020-03-27T04:47:30Z,purchase,1886,210,electronics.audio,Umbra,1027.09,1733,sess-00752
2020-03-27T05:15:52Z,purchase,3548,200,electronics.smartphone,Globex,103.64,995,sess-00110
2020-03-27T06:52:15Z,view,6527,210,electronics.audio,Nova,590.49,1500,sess-16285
2020-03-27T12:52:54Z,view,8257,210,electronics.audio,Globex,1002.16,196,sess-06766
2020-03-27T13:12:08Z,view,9011,210,electronics.audio,Umbra,1400.88,2598,sess-15723
2020-03-27T13:36:54Z,purchase,1036,400,home.kitchen,Nova,1204.57,3523,sess-01566
2020-03-27T13:59:28Z,view,6221,200,electronics.smartphone,Globex,1119.69,3392,sess-13476
2020-03-27T15:44:29Z,view,7928,210,electronics.audio,Nova,325.09,1786,sess-04728
2020-03-27T16:15:26Z,view,7671,200,electronics.smartphone,Umbra,987.53,1697,sess-00614
2020-03-27T16:17:58Z,view,7131,200,electronics.smartphone,Globex,1403.54,4697,sess-15497
2020-03-27T16:45:14Z,view,7270,200,electronics.smartphone,Umbra,1362.91,3496,sess-05663
2020-03-27T18:13:50Z,view,6699,400,home.kitchen,Nova,1034.20,2484,sess-07351
2020-03-27T18:42:50Z,view,3999,400,home.kitchen,Nova,755.83,3596,sess-11600
2020-03-27T19:00:10Z,view,6920,300,apparel.shoes,Globex,361.19,4825,sess-17330
2020-03-27T19:35:40Z,view,2097,300,apparel.shoes,Nova,830.32,713,sess-12718
2020-03-27T19:42:08Z,view,5346,210,electronics.audio,Umbra,628.85,2858,sess-10853
2020-03-27T19:45:08Z,cart,5232,300,apparel.shoes,Acme,1053.27,2789,sess-09164
2020-03-27T21:11:19Z,purchase,8892,200,electronics.smartphone,Umbra,962.69,523,sess-11020
2020-03-27T22:05:49Z,view,4817,210,electronics.audio,Globex,895.99,2692,sess-04836
2020-03-27T22:19:55Z,view,6759,210,electronics.audio,Umbra,1120.57,240,sess-02975
2020-03-27T23:26:04Z,view,8942,300,apparel.shoes,Umbra,1277.91,676,sess-04156
2020-03-27T23:53:59Z,view,5646,400,home.kitchen,Acme,158.87,4930,sess-06953
2020-03-27T23:59:20Z,view,5466,210,electronics.audio,Globex,623.39,3353,sess-00336
2020-03-28T00:09:06Z,view,1659,300,apparel.shoes,Globex,666.13,1436,sess-15418
2020-03-28T01:05:13Z,view,5771,400,home.kitchen,Nova,612.46,3519,sess-03050
2020-03-28T02:01:54Z,view,3174,210,electronics.audio,Globex,434.18,2544,sess-01748
2020-03-28T02:24:30Z,view,1387,210,electronics.audio,Umbra,1297.21,1583,sess-13057
2020-03-28T02:49:41Z,view,4519,400,home.kitchen,Umbra,181.14,3713,sess-08612
2020-03-28T03:05:47Z,view,8889,200,electronics.smartphone,Nova,791.98,656,sess-04656
2020-03-28T03:56:37Z,view,1884,200,electronics.smartphone,Acme,934.70,2840,sess-13463
2020-03-28T04:43:14Z,cart,8451,200,electronics.smartphone,Umbra,246.40,2570,sess-05562
2020-03-28T04:55:17Z,view,9102,210,electronics.audio,Umbra,162.26,3543,sess-13818
2020-03-28T05:18:59Z,view,4463,210,electronics.audio,Acme,1386.62,4644,sess-15582
2020-03-28T06:00:14Z,cart,5918,200,electronics.smartphone,Umbra,1498.92,1122,sess-08464
2020-03-28T06:20:00Z,view,9222,200,electronics.smartphone,Globex,120.25,1139,sess-14415
2020-03-28T06:37:14Z,view,5430,400,home.kitchen,Acme,332.44,1474,sess-00855
2020-03-28T07:19:26Z,view,9721,200,electronics.smartphone,Globex,944.88,3357,sess-05187
2020-03-28T08:40:29Z,purchase,2841,400,home.kitchen,Umbra,340.66,4029,sess-05557
2020-03-28T10:41:05Z,view,1120,200,electronics.smartphone,Umbra,892.69,4191,sess-12263
2020-03-28T11:02:21Z,view,6258,200,electronics.smartphone,Acme,812.65,3125,sess-03716
2020-03-28T12:03:41Z,view,9888,210,electronics.audio,Globex,216.63,2870,sess-18002
2020-03-28T13:47:58Z,view,7170,200,electronics.smartphone,Globex,259.63,4776,sess-17263
2020-03-28T14:02:21Z,view,9077,400,home.kitchen,Globex,144.90,922,sess-04852
2020-03-28T14:18:58Z,view,2661,200,electronics.smartphone,Acme,557.33,460,sess-11230
2020-03-28T15:53:39Z,view,9217,300,apparel.shoes,Umbra,275.98,375,sess-19813
2020-03-28T16:40:43Z,cart,1035,400,home.kitchen,Nova,1178.77,3199,sess-08691
2020-03-28T16:55:03Z,purchase,5213,400,home.kitchen,Globex,814.96,746,sess-03757
2020-03-28T18:04:50Z,view,4932,200,electronics.smartphone,Nova,131.45,768,sess-05411
2020-03-28T19:51:45Z,view,1869,210,electronics.audio,Umbra,1179.37,464,sess-06551
2020-03-28T19:53:05Z,view,3301,400,home.kitchen,Nova,548.39,1016,sess-18637
2020-03-28T20:13:13Z,view,7742,400,home.kitchen,Acme,1044.39,2764,sess-14549
2020-03-28T20:24:00Z,view,4675,200,electronics.smartphone,Globex,225.33,197,sess-07428
2020-03-28T20:26:25Z,cart,3509,400,home.kitchen,Globex,339.64,3721,sess-17579
2020-03-28T21:11:41Z,view,9666,200,electronics.smartphone,Nova,909.14,719,sess-15849
2020-03-28T21:14:51Z,view,8516,200,electronics.smartphone,Globex,170.07,4295,sess-09473
2020-03-28T21:23:26Z,view,5840,400,home.kitchen,Nova,1321.94,791,sess-07174
2020-03-28T21:38:29Z,view,8994,300,apparel.shoes,Globex,355.98,4433,sess-01177
2020-03-28T21:44:00Z,view,1935,400,home.kitchen,Nova,1083.34,895,sess-18131
2020-03-28T22:14:47Z,view,7371,210,electronics.audio,Acme,1199.24,1947,sess-16742
2020-03-28T22:38:16Z,cart,1414,400,home.kitchen,Globex,904.48,3609,sess-02274
2020-03-28T23:41:39Z,view,9571,210,electronics.audio,Acme,458.95,2374,sess-18290
2020-03-28T23:43:14Z,view,2807,400,home.kitchen,Acme,545.07,4258,sess-04454
2020-03-29T00:29:26Z,view,7563,200,electronics.smartphone,Acme,546.97,420,sess-18687
2020-03-29T00:30:41Z,view,3718,200,electronics.smartphone,Nova,855.96,2520,sess-19499
2020-03-29T01:21:56Z,view,9046,300,apparel.shoes,Acme,1237.41,4279,sess-02511
2020-03-29T02:27:38Z,view,4349,200,electronics.smartphone,Umbra,1147.42,2470,sess-06922
2020-03-29T03:20:46Z,view,9948,200,electronics.smartphone,Globex,446.86,4157,sess-10856
2020-03-29T04:46:41Z,view,1255,210,electronics.audio,Acme,1035.64,371,sess-12501
2020-03-29T05:04:14Z,cart,8606,300,apparel.shoes,Umbra,1311.84,411,sess-03271
2020-03-29T05:19:50Z,view,4570,210,electronics.audio,Globex,376.90,2575,sess-11576
2020-03-29T06:13:41Z,view,9866,300,apparel.shoes,Umbra,906.98,1193,sess-04831
2020-03-29T06:16:09Z,view,8496,300,apparel.shoes,Globex,1045.45,1341,sess-18913
2020-03-29T06:54:34Z,view,2296,200,electronics.smartphone,Umbra,478.73,1328,sess-11260
2020-03-29T07:09:13Z,view,4349,300,apparel.shoes,Globex,180.23,3791,sess-19063
2020-03-29T07:50:03Z,view,2006,300,apparel.shoes,Acme,82.17,3877,sess-18945
2020-03-29T08:22:15Z,view,2868,400,home.kitchen,Umbra,535.93,799,sess-07267
2020-03-29T11:32:21Z,view,9391,210,electronics.audio,Acme,1350.37,3057,sess-04171
2020-03-29T11:39:09Z,view,6805,400,home.kitchen,Acme,365.95,1045,sess-13184
2020-03-29T11:54:17Z,view,2876,200,electronics.smartphone,Nova,513.56,4399,sess-08744
2020-03-29T13:35:26Z,view,9963,210,electronics.audio,Umbra,180.79,3426,sess-13088
2020-03-29T15:14:31Z,view,7782,300,apparel.shoes,Umbra,302.84,1852,sess-06169
2020-03-29T17:19:19Z,purchase,5598,200,electronics.smartphone,Umbra,1158.15,2248,sess-02803
2020-03-29T18:03:59Z,view,1820,300,apparel.shoes,Acme,509.51,4910,sess-12102
2020-03-29T21:29:31Z,view,5038,210,electronics.audio,Umbra,1412.52,2286,sess-18288
2020-03-29T21:39:08Z,view,3928,300,apparel.shoes,Acme,672.92,2403,sess-11695
2020-03-29T22:51:41Z,view,9246,400,home.kitchen,Umbra,1236.65,4823,sess-10031
2020-03-29T23:13:09Z,cart,4187,400,home.kitchen,Nova,575.60,4100,sess-03927
2020-03-30T00:17:05Z,view,1691,210,electronics.audio,Globex,724.44,4503,sess-17070
2020-03-30T01:24:24Z,cart,8460,210,electronics.audio,Umbra,144.22,4743,sess-11803
2020-03-30T02:06:13Z,view,1515,210,electronics.audio,Nova,1136.10,966,sess-06691
2020-03-30T02:37:53Z,view,2218,400,home.kitchen,Nova,466.04,4350,sess-11921
2020-03-30T02:43:08Z,view,5214,400,home.kitchen,Globex,650.45,1314,sess-12062
2020-03-30T02:59:29Z,view,7652,300,apparel.shoes,Acme,1047.37,3761,sess-18514
2020-03-30T03:02:05Z,view,9548,400,home.kitchen,Acme,208.50,3451,sess-15616
2020-03-30T03:02:37Z,view,4346,300,apparel.shoes,Nova,200.66,2574,sess-07822
2020-03-30T03:26:43Z,view,8593,400,home.kitchen,Nova,235.27,1840,sess-00880
2020-03-30T03:35:24Z,view,8897,210,electronics.audio,Globex,129.43,163,sess-12499
2020-03-30T04:00:10Z,view,8165,400,home.kitchen,Globex,1476.36,649,sess-15651
2020-03-30T05:07:12Z,cart,7364,400,home.kitchen,Acme,1377.30,65,sess-12878
2020-03-30T05:22:36Z,cart,2137,200,electronics.smartphone,Umbra,625.54,3850,sess-03117
2020-03-30T05:32:57Z,view,2548,210,electronics.audio,Umbra,1309.30,4906,sess-05477
2020-03-30T05:41:35Z,view,8970,300,apparel.shoes,Umbra,1242.49,2077,sess-11938
2020-03-30T06:29:27Z,cart,8303,210,electronics.audio,Nova,930.42,809,sess-02454
2020-03-30T07:23:51Z,purchase,1011,400,home.kitchen,Globex,1364.56,3505,sess-06630
2020-03-30T07:41:40Z,view,4047,210,electronics.audio,Umbra,68.14,3128,sess-09486
2020-03-30T07:49:40Z,view,7840,300,apparel.shoes,Globex,1348.29,184,sess-09748
2020-03-30T09:37:21Z,view,6179,300,apparel.shoes,Umbra,666.10,1237,sess-14411
2020-03-30T12:04:47Z,view,3851,400,home.kitchen,Umbra,1251.42,4663,sess-09862
2020-03-30T12:08:56Z,view,1955,300,apparel.shoes,Acme,110.23,2178,sess-17335
2020-03-30T12:26:51Z,view,6657,400,home.kitchen,Umbra,796.74,681,sess-06802
2020-03-30T13:39:45Z,view,7347,200,electronics.smartphone,Umbra,662.13,4229,sess-01616
2020-03-30T13:57:56Z,view,8240,210,electronics.audio,Acme,516.36,4896,sess-17142
2020-03-30T15:08:46Z,cart,8711,200,electronics.smartphone,Globex,693.15,1823,sess-06540
2020-03-30T15:35:15Z,cart,8381,400,home.kitchen,Acme,1485.10,3627,sess-09744
2020-03-30T15:46:21Z,view,3837,210,electronics.audio,Umbra,914.47,4925,sess-00278
2020-03-30T15:48:03Z,view,3200,300,apparel.shoes,Nova,541.32,2717,sess-15728
2020-03-30T17:01:45Z,cart,4596,210,electronics.audio,Nova,596.87,1663,sess-14814
2020-03-30T17:30:42Z,view,1282,400,home.kitchen,Umbra,1039.22,763,sess-09642
2020-03-30T18:33:12Z,view,8904,400,home.kitchen,Umbra,728.22,1465,sess-12132
2020-03-30T20:33:35Z,cart,9005,300,apparel.shoes,Globex,1318.69,160,sess-03666
2020-03-30T21:23:05Z,view,6688,300,apparel.shoes,Umbra,138.88,3946,sess-17684
2020-03-30T21:46:30Z,view,8584,200,electronics.smartphone,Nova,670.60,2666,sess-18190
2020-03-30T22:52:54Z,view,5396,200,electronics.smartphone,Nova,1228.69,3978,sess-07175
2020-03-30T23:40:05Z,view,3713,200,electronics.smartphone,Acme,1158.53,204,sess-18744
2020-03-31T02:08:07Z,view,2350,400,home.kitchen,Acme,419.81,4396,sess-17618
2020-03-31T02:51:30Z,view,9552,300,apparel.shoes,Nova,989.15,2088,sess-03239
2020-03-31T04:37:52Z,cart,3616,300,apparel.shoes,Acme,1332.26,3322,sess-16467
2020-03-31T05:03:24Z,view,3333,400,home.kitchen,Acme,180.35,2257,sess-10731
2020-03-31T05:08:16Z,cart,7247,400,home.kitchen,Umbra,278.57,3887,sess-04539
2020-03-31T06:01:07Z,cart,2251,400,home.kitchen,Umbra,721.88,955,sess-04301
2020-03-31T06:02:45Z,view,5605,210,electronics.audio,Globex,1150.84,3219,sess-03372
2020-03-31T07:01:43Z,view,6375,200,electronics.smartphone,Nova,688.13,4045,sess-03792
2020-03-31T07:16:03Z,view,2539,400,home.kitchen,Umbra,1023.76,4270,sess-06831
2020-03-31T08:07:58Z,cart,2426,200,electronics.smartphone,Acme,159.14,2731,sess-15299
2020-03-31T08:15:50Z,cart,7832,300,apparel.shoes,Nova,1033.98,2017,sess-06864
2020-03-31T09:29:02Z,view,7505,200,electronics.smartphone,Nova,1382.14,347,sess-14295
2020-03-31T09:58:15Z,view,2468,210,electronics.audio,Acme,394.31,2600,sess-17381
2020-03-31T10:18:27Z,view,3954,300,apparel.shoes,Acme,1480.03,663,sess-15978
2020-03-31T10:42:21Z,view,8971,200,electronics.smartphone,Nova,566.01,626,sess-06891
2020-03-31T10:50:48Z,view,3113,400,home.kitchen,Umbra,938.82,3612,sess-12018
2020-03-31T11:34:57Z,cart,1358,300,apparel.shoes,Umbra,1050.38,1151,sess-02229
2020-03-31T11:44:05Z,view,1959,400,home.kitchen,Acme,917.44,4748,sess-02607
2020-03-31T12:19:34Z,view,7948,400,home.kitchen,Acme,173.70,1756,sess-16851
2020-03-31T12:21:46Z,view,3960,200,electronics.smartphone,Acme,673.61,4908,sess-05897
2020-03-31T18:42:40Z,view,8391,400,home.kitchen,Umbra,1207.73,3831,sess-14173
2020-03-31T19:49:53Z,view,2444,400,home.kitchen,Acme,134.19,953,sess-02968
2020-03-31T20:03:21Z,cart,2111,300,apparel.shoes,Globex,181.99,4566,sess-17465
2020-03-31T21:46:39Z,cart,9333,400,home.kitchen,Nova,407.58,4133,sess-12618
2020-03-31T22:13:43Z,view,3440,400,home.kitchen,Globex,1397.40,4967,sess-16893
2020-03-31T22:44:17Z,view,8992,210,electronics.audio,Acme,1121.88,3551,sess-14620
2020-03-31T23:06:17Z,view,6331,400,home.kitchen,Acme,699.78,2027,sess-13922
2020-03-31T23:23:02Z,cart,6673,200,electronics.smartphone,Globex,23.28,831,sess-13254
2020-03-31T23:40:22Z,view,4438,300,apparel.shoes,Nova,418.59,2629,sess-06572
2020-04-01T00:05:56Z,view,5422,400,home.kitchen,Globex,184.25,1396,sess-04515
2020-04-01T01:30:10Z,view,7870,200,electronics.smartphone,Umbra,1374.20,1840,sess-10545
2020-04-01T02:09:42Z,view,1408,200,electronics.smartphone,Globex,1421.94,3315,sess-16365
2020-04-01T02:39:31Z,view,5018,210,electronics.audio,Nova,802.65,4748,sess-14557
2020-04-01T02:47:24Z,view,5300,210,electronics.audio,Nova,69.15,3330,sess-01956
2020-04-01T03:09:14Z,view,8460,200,electronics.smartphone,Acme,740.53,3710,sess-08918
2020-04-01T03:12:13Z,view,4836,300,apparel.shoes,Globex,1159.94,4720,sess-10450
2020-04-01T05:10:59Z,view,8129,400,home.kitchen,Nova,739.40,3089,sess-02700
2020-04-01T05:55:28Z,view,6582,300,apparel.shoes,Globex,1353.27,4729,sess-10849
2020-04-01T08:00:06Z,cart,4920,300,apparel.shoes,Globex,1382.47,1436,sess-15473
2020-04-01T08:18:57Z,cart,1479,200,electronics.smartphone,Nova,212.41,1836,sess-01568
2020-04-01T08:20:50Z,view,7223,400,home.kitchen,Umbra,706.57,2764,sess-07910
2020-04-01T09:16:33Z,view,2383,210,electronics.audio,Acme,1446.53,3193,sess-15446
2020-04-01T09:53:56Z,view,2998,300,apparel.shoes,Globex,1427.07,3230,sess-12241
2020-04-01T10:00:59Z,view,6435,200,electronics.smartphone,Acme,270.30,1651,sess-04276
2020-04-01T10:42:17Z,view,3322,300,apparel.shoes,Nova,945.19,2583,sess-12289
2020-04-01T11:21:27Z,view,5394,300,apparel.shoes,Globex,345.62,2223,sess-09469
2020-04-01T11:35:15Z,view,5216,400,home.kitchen,Umbra,666.07,4951,sess-18052
2020-04-01T11:52:00Z,view,7163,210,electronics.audio,Acme,558.23,3440,sess-14866
2020-04-01T11:58:38Z,view,1430,200,electronics.smartphone,Nova,897.40,735,sess-11598
2020-04-01T13:44:13Z,view,2076,210,electronics.audio,Nova,880.12,1034,sess-09012
2020-04-01T14:25:49Z,view,9240,210,electronics.audio,Nova,368.49,3606,sess-08978
2020-04-01T14:31:43Z,view,1051,210,electronics.audio,Nova,1310.78,2640,sess-00545
2020-04-01T14:54:04Z,view,5829,300,apparel.shoes,Globex,1187.43,3060,sess-00776
2020-04-01T15:39:56Z,view,2986,400,home.kitchen,Nova,759.07,3021,sess-02508
2020-04-01T16:20:56Z,view,4806,200,electronics.smartphone,Nova,517.47,4257,sess-11007
2020-04-01T17:34:22Z,view,5993,200,electronics.smartphone,Globex,849.54,4296,sess-01350
2020-04-01T17:40:24Z,view,5496,200,electronics.smartphone,Nova,260.85,3451,sess-03908
2020-04-01T18:17:41Z,view,3750,200,electronics.smartphone,Umbra,165.99,1369,sess-01443
2020-04-01T18:58:50Z,purchase,7293,300,apparel.shoes,Umbra,1353.95,3426,sess-08136
2020-04-01T21:49:41Z,view,7822,210,electronics.audio,Acme,1016.98,630,sess-08067
2020-04-01T22:32:15Z,view,8074,400,home.kitchen,Acme,41.10,211,sess-07080
2020-04-01T23:11:16Z,view,2168,200,electronics.smartphone,Umbra,503.97,2952,sess-01255
2020-04-01T23:17:30Z,view,2478,400,home.kitchen,Nova,1211.00,1951,sess-19655
2020-04-01T23:27:31Z,view,3041,300,apparel.shoes,Acme,613.14,4354,sess-03605
2020-04-02T01:32:22Z,cart,1380,300,apparel.shoes,Nova,234.77,4650,sess-01056
2020-04-02T01:43:11Z,cart,4666,210,electronics.audio,Umbra,591.15,1178,sess-08456
2020-04-02T02:21:12Z,view,5228,400,home.kitchen,Umbra,1352.48,4728,sess-18304
2020-04-02T03:15:42Z,view,2791,300,apparel.shoes,Nova,830.11,1347,sess-07993
2020-04-02T03:47:00Z,view,4105,200,electronics.smartphone,Acme,634.48,2334,sess-01320
2020-04-02T03:53:23Z,view,3897,210,electronics.audio,Globex,1206.51,3780,sess-16392
2020-04-02T04:01:29Z,view,4641,200,electronics.smartphone,Umbra,464.09,2911,sess-07319
2020-04-02T04:34:02Z,view,4239,200,electronics.smartphone,Acme,1271.68,3633,sess-04221
2020-04-02T05:19:43Z,view,1225,300,apparel.shoes,Globex,709.43,2813,sess-03647
2020-04-02T05:58:40Z,view,4909,300,apparel.shoes,Nova,254.13,1395,sess-10326
2020-04-02T06:49:28Z,view,6649,200,electronics.smartphone,Globex,1104.10,1976,sess-03397
2020-04-02T07:17:56Z,view,2312,300,apparel.shoes,Nova,1390.11,4028,sess-15437
2020-04-02T07:28:58Z,view,3016,400,home.kitchen,Globex,740.48,1113,sess-17516
2020-04-02T07:29:22Z,view,6903,400,home.kitchen,Umbra,1327.73,3537,sess-02833
2020-04-02T07:51:47Z,view,4082,200,electronics.smartphone,Umbra,317.29,4814,sess-18313
2020-04-02T07:58:27Z,view,4519,400,home.kitchen,Globex,693.90,1509,sess-10528
2020-04-02T08:02:27Z,view,9341,210,electronics.audio,Nova,63.18,3289,sess-16387
2020-04-02T08:17:20Z,view,9586,300,apparel.shoes,Acme,199.19,1626,sess-18612
2020-04-02T08:37:03Z,cart,9843,210,electronics.audio,Umbra,139.93,164,sess-00692
2020-04-02T09:04:21Z,cart,2387,200,electronics.smartphone,Acme,976.57,449,sess-08854
2020-04-02T09:14:35Z,cart,1832,300,apparel.shoes,Globex,70.91,757,sess-13880
2020-04-02T09:19:02Z,purchase,2766,210,electronics.audio,Globex,1249.61,3880,sess-07811
2020-04-02T09:40:09Z,view,8069,300,apparel.shoes,Acme,649.12,1738,sess-04936
2020-04-02T10:58:52Z,view,8863,200,electronics.smartphone,Umbra,941.31,3539,sess-00788
2020-04-02T11:11:03Z,view,1612,300,apparel.shoes,Umbra,88.60,4721,sess-12503
2020-04-02T11:34:21Z,view,1121,210,electronics.audio,Globex,732.91,1345,sess-08212
2020-04-02T11:48:22Z,cart,4530,200,electronics.smartphone,Umbra,148.97,2084,sess-15616
2020-04-02T12:34:24Z,view,5638,400,home.kitchen,Nova,1183.31,1173,sess-00810
2020-04-02T12:42:16Z,view,5742,210,electronics.audio,Umbra,906.16,307,sess-00304
2020-04-02T13:02:42Z,view,3780,400,home.kitchen,Acme,951.25,695,sess-09300
2020-04-02T13:42:20Z,view,5422,210,electronics.audio,Acme,906.77,889,sess-03421
2020-04-02T14:31:57Z,cart,7723,400,home.kitchen,Acme,641.64,2882,sess-11542
2020-04-02T15:11:45Z,view,8046,400,home.kitchen,Globex,1207.77,1927,sess-09387
2020-04-02T16:30:08Z,view,2713,300,apparel.shoes,Acme,715.87,2940,sess-00259
2020-04-02T18:00:05Z,view,4555,210,electronics.audio,Globex,229.10,777,sess-00538
2020-04-02T18:11:28Z,view,9153,200,electronics.smartphone,Nova,921.72,1583,sess-19776
2020-04-02T20:17:51Z,view,1202,300,apparel.shoes,Acme,339.86,4300,sess-18896
2020-04-02T20:34:50Z,view,2466,300,apparel.shoes,Acme,1030.49,2038,sess-05168
2020-04-02T21:02:36Z,cart,6946,200,electronics.smartphone,Globex,672.69,2585,sess-19119
2020-04-02T22:20:20Z,view,1673,210,electronics.audio,Nova,758.10,4756,sess-05878
2020-04-02T23:44:13Z,cart,8329,210,electronics.audio,Acme,852.34,163,sess-16115
2020-04-02T23:50:55Z,view,5381,200,electronics.smartphone,Umbra,1144.80,238,sess-05912
2020-04-03T01:53:46Z,purchase,8756,210,electronics.audio,Acme,1090.23,4050,sess-18140
2020-04-03T02:14:52Z,view,5990,200,electronics.smartphone,Umbra,1008.85,4165,sess-18427
2020-04-03T02:54:06Z,view,2431,210,electronics.audio,Acme,1106.07,618,sess-00317
2020-04-03T03:07:34Z,view,6688,200,electronics.smartphone,Acme,108.09,4365,sess-14038
2020-04-03T03:42:43Z,view,5544,300,apparel.shoes,Umbra,1211.18,3222,sess-09203
2020-04-03T04:42:52Z,view,1134,400,home.kitchen,Nova,742.90,1908,sess-02956
2020-04-03T04:57:44Z,view,5250,210,electronics.audio,Umbra,1352.95,1508,sess-01762
2020-04-03T05:14:46Z,view,6638,210,electronics.audio,Nova,358.57,4097,sess-00448
2020-04-03T06:23:52Z,purchase,8077,300,apparel.shoes,Umbra,480.86,1728,sess-16542
2020-04-03T06:38:07Z,view,9085,210,electronics.audio,Umbra,1218.48,936,sess-02621
2020-04-03T09:41:38Z,cart,7752,300,apparel.shoes,Umbra,384.00,233,sess-14963
2020-04-03T10:29:36Z,view,7743,300,apparel.shoes,Globex,1166.15,729,sess-03581
2020-04-03T12:02:58Z,view,1227,400,home.kitchen,Globex,1055.37,1558,sess-00239
2020-04-03T12:05:04Z,view,4898,400,home.kitchen,Acme,1102.87,3606,sess-05482
2020-04-03T12:14:56Z,view,7336,300,apparel.shoes,Nova,920.85,3684,sess-07788
2020-04-03T12:18:40Z,cart,1785,200,electronics.smartphone,Nova,587.40,1399,sess-10421
2020-04-03T12:35:32Z,view,4560,300,apparel.shoes,Globex,439.42,1646,sess-06872
2020-04-03T14:47:44Z,view,9398,300,apparel.shoes,Umbra,202.85,3478,sess-13343
2020-04-03T16:03:36Z,view,1640,400,home.kitchen,Umbra,1378.75,747,sess-09435
2020-04-03T16:04:26Z,view,7115,210,electronics.audio,Nova,484.46,3042,sess-18056
2020-04-03T17:22:26Z,cart,9505,400,home.kitchen,Umbra,474.98,2280,sess-18847
2020-04-03T20:14:49Z,view,4182,210,electronics.audio,Nova,1128.61,3575,sess-08365
2020-04-03T20:50:32Z,cart,3593,200,electronics.smartphone,Nova,757.29,2931,sess-16405
2020-04-03T20:56:30Z,view,2006,300,apparel.shoes,Acme,1256.22,231,sess-19349
2020-04-03T22:47:03Z,view,1928,200,electronics.smartphone,Globex,70.36,1039,sess-14371
2020-04-04T00:09:34Z,view,5432,210,electronics.audio,Nova,763.87,342,sess-03410
2020-04-04T00:40:49Z,view,8317,300,apparel.shoes,Umbra,1041.30,94,sess-08691
2020-04-04T00:59:20Z,cart,7243,400,home.kitchen,Nova,1426.07,938,sess-06409
2020-04-04T02:19:36Z,view,9691,200,electronics.smartphone,Globex,250.35,4615,sess-00278
2020-04-04T02:31:00Z,view,7235,300,apparel.shoes,Acme,539.26,798,sess-14030
2020-04-04T02:42:59Z,view,8006,210,electronics.audio,Umbra,430.55,3029,sess-12653
2020-04-04T03:40:23Z,purchase,9753,200,electronics.smartphone,Acme,580.43,230,sess-01547
2020-04-04T03:46:40Z,purchase,9698,400,home.kitchen,Nova,827.83,2817,sess-13943
2020-04-04T05:31:21Z,view,8272,210,electronics.audio,Nova,1305.71,2880,sess-14652
2020-04-04T05:59:56Z,purchase,5315,400,home.kitchen,Umbra,927.32,4053,sess-19368
2020-04-04T06:18:17Z,view,6135,400,home.kitchen,Nova,259.98,4473,sess-06236
2020-04-04T06:18:18Z,purchase,7442,200,electronics.smartphone,Acme,326.64,4141,sess-14983
2020-04-04T06:49:52Z,view,8933,210,electronics.audio,Umbra,75.74,3047,sess-09442
2020-04-04T07:56:14Z,view,9779,300,apparel.shoes,Acme,500.92,154,sess-06825
2020-04-04T08:43:29Z,view,8732,300,apparel.shoes,Umbra,503.91,2488,sess-12151
2020-04-04T09:34:23Z,view,8749,210,electronics.audio,Nova,990.18,3335,sess-06240
2020-04-04T11:13:49Z,view,9796,300,apparel.shoes,Globex,376.11,4865,sess-02785
2020-04-04T12:20:08Z,view,5831,400,home.kitchen,Globex,20.56,2660,sess-01877
2020-04-04T12:56:26Z,view,4522,200,electronics.smartphone,Nova,376.09,2686,sess-04861
2020-04-04T15:03:09Z,view,1748,400,home.kitchen,Umbra,466.36,394,sess-10309
2020-04-04T15:04:51Z,view,9320,300,apparel.shoes,Acme,380.62,2694,sess-13751
2020-04-04T15:27:49Z,view,6198,400,home.kitchen,Globex,1393.62,1428,sess-18415
2020-04-04T19:35:45Z,view,8908,400,home.kitchen,Acme,572.73,4661,sess-14358
2020-04-04T20:01:31Z,view,3846,300,apparel.shoes,Acme,1210.28,1443,sess-07752
2020-04-04T20:38:01Z,cart,9042,300,apparel.shoes,Acme,907.25,3542,sess-10162
2020-04-04T20:44:49Z,view,1404,400,home.kitchen,Acme,969.81,1472,sess-14474
2020-04-04T21:04:56Z,view,8198,400,home.kitchen,Globex,653.77,1326,sess-04584
2020-04-04T23:22:17Z,view,1869,300,apparel.shoes,Acme,992.26,3809,sess-00274
2020-04-04T23:44:05Z,view,4158,210,electronics.audio,Globex,687.39,1645,sess-01889
2020-04-05T01:20:31Z,view,9035,210,electronics.audio,Nova,1415.39,2604,sess-19765
2020-04-05T01:28:55Z,view,8121,210,electronics.audio,Umbra,1175.09,2261,sess-13799
2020-04-05T01:58:17Z,view,8162,400,home.kitchen,Acme,275.75,3170,sess-10262
2020-04-05T02:16:13Z,view,5336,210,electronics.audio,Globex,659.46,3977,sess-11489
2020-04-05T02:16:42Z,view,5280,200,electronics.smartphone,Umbra,515.53,2013,sess-12383
2020-04-05T02:18:32Z,view,8306,200,electronics.smartphone,Acme,1158.22,99,sess-02892
2020-04-05T02:40:14Z,cart,2291,400,home.kitchen,Globex,929.69,4523,sess-09607
2020-04-05T04:12:47Z,view,7716,400,home.kitchen,Nova,760.94,2965,sess-02612
2020-04-05T04:24:59Z,view,8813,400,home.kitchen,Nova,1481.72,1397,sess-00654
2020-04-05T05:50:48Z,cart,8780,400,home.kitchen,Nova,1405.77,2019,sess-09101
2020-04-05T07:21:05Z,view,8438,300,apparel.shoes,Nova,199.44,1262,sess-16532
2020-04-05T08:21:24Z,cart,9289,200,electronics.smartphone,Globex,931.50,3106,sess-06080
2020-04-05T10:15:17Z,view,3420,200,electronics.smartphone,Acme,1270.49,4806,sess-04642
2020-04-05T10:34:01Z,purchase,9775,200,electronics.smartphone,Globex,482.87,1556,sess-12719
2020-04-05T11:55:28Z,view,2584,210,electronics.audio,Globex,511.93,3227,sess-12229
2020-04-05T12:19:03Z,purchase,3306,200,electronics.smartphone,Acme,1207.86,1849,sess-13023
2020-04-05T12:30:35Z,view,6352,300,apparel.shoes,Umbra,1180.84,3404,sess-05756
2020-04-05T13:36:25Z,view,8179,210,electronics.audio,Umbra,1168.88,286,sess-04137
2020-04-05T15:17:26Z,cart,8350,200,electronics.smartphone,Globex,266.35,1381,sess-17155
2020-04-05T15:26:04Z,view,9702,200,electronics.smartphone,Nova,398.71,1270,sess-14726
2020-04-05T16:49:23Z,cart,2893,210,electronics.audio,Umbra,1473.89,3588,sess-03867
2020-04-05T17:18:57Z,view,1815,210,electronics.audio,Globex,228.13,3286,sess-14055
2020-04-05T18:10:26Z,view,9128,400,home.kitchen,Acme,790.14,3004,sess-14090
2020-04-05T18:59:36Z,view,7479,210,electronics.audio,Globex,1090.80,1276,sess-14617
2020-04-05T20:36:21Z,view,8461,210,electronics.audio,Acme,1416.38,3878,sess-01069
2020-04-05T21:23:54Z,view,2915,210,electronics.audio,Globex,664.13,338,sess-10376
2020-04-05T21:52:07Z,cart,9345,210,electronics.audio,Nova,892.36,687,sess-04990
2020-04-05T21:59:35Z,view,2035,300,apparel.shoes,Globex,625.66,990,sess-08975
2020-04-05T23:25:16Z,purchase,6121,210,electronics.audio,Acme,200.50,2616,sess-11318
2020-04-06T00:08:44Z,view,3294,200,electronics.smartphone,Umbra,335.43,1213,sess-17098
2020-04-06T01:36:24Z,cart,8821,400,home.kitchen,Nova,251.41,2566,sess-13275
2020-04-06T02:07:59Z,cart,2002,200,electronics.smartphone,Nova,993.12,4885,sess-06876
2020-04-06T02:29:35Z,view,3414,210,electronics.audio,Acme,589.11,2461,sess-04366
2020-04-06T02:51:14Z,view,1530,400,home.kitchen,Nova,1423.49,4957,sess-05028
2020-04-06T03:32:39Z,view,6995,300,apparel.shoes,Umbra,631.54,1507,sess-16344
2020-04-06T04:04:30Z,view,4081,400,home.kitchen,Umbra,1481.56,31,sess-18709
2020-04-06T04:44:08Z,purchase,7030,200,electronics.smartphone,Acme,1114.06,1764,sess-06252
2020-04-06T05:12:31Z,view,1629,400,home.kitchen,Umbra,1201.31,76,sess-11821
2020-04-06T05:27:25Z,purchase,7406,210,electronics.audio,Acme,220.39,4471,sess-09666
2020-04-06T05:29:26Z,cart,9051,300,apparel.shoes,Nova,1455.89,3315,sess-13626
2020-04-06T05:34:55Z,view,3660,200,electronics.smartphone,Umbra,608.46,246,sess-16304
2020-04-06T05:39:12Z,cart,8126,400,home.kitchen,Umbra,382.60,3272,sess-15519
2020-04-06T05:54:12Z,view,3698,300,apparel.shoes,Nova,491.60,1858,sess-10974
2020-04-06T06:39:12Z,view,8052,200,electronics.smartphone,Globex,15.79,2400,sess-19563
2020-04-06T09:25:52Z,cart,7303,300,apparel.shoes,Acme,854.28,2509,sess-00907
2020-04-06T10:08:38Z,view,7226,400,home.kitchen,Umbra,409.07,3182,sess-01180
2020-04-06T10:31:42Z,cart,2771,300,apparel.shoes,Nova,865.82,4741,sess-00842
2020-04-06T10:48:29Z,view,5478,200,electronics.smartphone,Nova,831.79,3691,sess-16077
2020-04-06T11:36:47Z,view,8776,300,apparel.shoes,Acme,1440.34,4304,sess-10991
2020-04-06T12:09:51Z,view,1992,300,apparel.shoes,Nova,427.27,1597,sess-17155
2020-04-06T13:21:41Z,cart,5963,300,apparel.shoes,Nova,969.48,3228,sess-02236
2020-04-06T13:27:11Z,view,3397,300,apparel.shoes,Nova,191.02,2087,sess-19857
2020-04-06T14:27:08Z,view,5961,210,electronics.audio,Acme,1074.28,1983,sess-08280
2020-04-06T15:13:09Z,view,4254,300,apparel.shoes,Globex,593.27,692,sess-13583
2020-04-06T16:37:44Z,view,9978,200,electronics.smartphone,Umbra,1452.35,4640,sess-16579
2020-04-06T17:49:08Z,cart,6620,300,apparel.shoes,Acme,999.29,2583,sess-07852
2020-04-06T18:17:22Z,view,4946,300,apparel.shoes,Nova,337.95,2711,sess-09115
2020-04-06T21:10:00Z,view,8950,400,home.kitchen,Acme,728.58,1386,sess-17211
2020-04-06T21:16:52Z,view,4268,300,apparel.shoes,Nova,538.55,3293,sess-19713
2020-04-06T21:31:55Z,cart,5182,400,home.kitchen,Nova,29.14,4168,sess-03670
2020-04-06T22:38:26Z,view,1806,400,home.kitchen,Acme,312.42,3661,sess-14371
2020-04-06T23:01:40Z,view,1514,300,apparel.shoes,Globex,33.72,1071,sess-00350
2020-04-06T23:40:33Z,view,3402,200,electronics.smartphone,Nova,207.72,3645,sess-03181
2020-04-07T00:20:43Z,view,1711,300,apparel.shoes,Umbra,1204.44,4341,sess-14057
2020-04-07T00:38:35Z,cart,5949,400,home.kitchen,Umbra,164.45,1632,sess-12606
2020-04-07T00:51:20Z,view,2077,400,home.kitchen,Nova,445.90,835,sess-01829
2020-04-07T00:51:36Z,cart,7317,210,electronics.audio,Globex,1183.46,3438,sess-00803
2020-04-07T05:11:31Z,view,3120,200,electronics.smartphone,Acme,1448.17,3553,sess-14071
2020-04-07T07:08:07Z,view,9723,400,home.kitchen,Nova,1127.34,4207,sess-02458
2020-04-07T07:27:42Z,view,1833,400,home.kitchen,Nova,1335.44,1634,sess-07117
2020-04-07T10:11:28Z,view,6614,210,electronics.audio,Globex,348.57,3715,sess-19548
2020-04-07T10:46:56Z,view,3996,300,apparel.shoes,Nova,687.53,933,sess-13133
2020-04-07T14:01:01Z,view,7755,210,electronics.audio,Umbra,942.75,1525,sess-16993
2020-04-07T14:01:21Z,view,9871,300,apparel.shoes,Nova,96.17,3392,sess-19325
2020-04-07T17:08:14Z,view,7648,210,electronics.audio,Nova,681.21,3450,sess-13689
2020-04-07T17:36:37Z,view,9071,300,apparel.shoes,Nova,808.63,952,sess-03185
2020-04-07T18:31:39Z,view,8547,300,apparel.shoes,Nova,496.48,4817,sess-13788
2020-04-07T18:37:23Z,view,5965,210,electronics.audio,Nova,472.13,1345,sess-16105
2020-04-07T18:52:14Z,view,6298,300,apparel.shoes,Globex,477.78,1423,sess-00492
2020-04-07T19:44:18Z,cart,2082,300,apparel.shoes,Globex,1206.42,401,sess-01029
2020-04-07T20:07:15Z,view,8161,400,home.kitchen,Nova,1106.99,3234,sess-08189
2020-04-07T22:37:00Z,view,5956,200,electronics.smartphone,Globex,549.49,1719,sess-15507
2020-04-07T23:14:35Z,purchase,6528,400,home.kitchen,Acme,1137.78,3461,sess-15514
2020-04-08T00:50:45Z,view,5942,200,electronics.smartphone,Umbra,287.03,1684,sess-16966
2020-04-08T01:19:41Z,cart,2335,300,apparel.shoes,Globex,468.80,4774,sess-04635
2020-04-08T03:36:18Z,view,9044,300,apparel.shoes,Umbra,424.05,4718,sess-07944
2020-04-08T03:38:45Z,view,8126,200,electronics.smartphone,Umbra,1277.12,1071,sess-07759
2020-04-08T05:15:35Z,view,9736,300,apparel.shoes,Umbra,1489.77,4151,sess-08016
2020-04-08T05:38:01Z,view,5461,210,electronics.audio,Globex,1342.78,4205,sess-00679
2020-04-08T06:31:02Z,view,6251,200,electronics.smartphone,Globex,800.23,4320,sess-18449
2020-04-08T06:32:46Z,view,3955,400,home.kitchen,Globex,1328.45,2311,sess-00690
2020-04-08T06:54:18Z,view,8511,300,apparel.shoes,Acme,204.60,696,sess-19031
2020-04-08T07:38:34Z,view,4083,200,electronics.smartphone,Umbra,345.43,1533,sess-10532
2020-04-08T07:42:36Z,view,1745,300,apparel.shoes,Umbra,574.50,44,sess-08312
2020-04-08T08:24:49Z,cart,8552,200,electronics.smartphone,Nova,652.57,415,sess-05505
2020-04-08T09:46:25Z,view,4798,400,home.kitchen,Acme,987.68,3319,sess-06045
2020-04-08T10:18:04Z,view,9201,210,electronics.audio,Acme,953.32,2618,sess-10583
2020-04-08T10:56:51Z,view,5599,200,electronics.smartphone,Acme,298.15,4038,sess-19859
2020-04-08T11:33:00Z,view,2937,300,apparel.shoes,Globex,1496.71,2524,sess-07723
2020-04-08T11:48:16Z,cart,4637,200,electronics.smartphone,Umbra,625.27,3696,sess-11456
2020-04-08T12:23:06Z,view,2245,210,electronics.audio,Umbra,1432.51,2791,sess-19831
2020-04-08T12:50:08Z,view,4948,210,electronics.audio,Acme,534.89,1573,sess-17251
2020-04-08T13:03:51Z,cart,3868,200,electronics.smartphone,Nova,59.33,3424,sess-05761
2020-04-08T14:08:07Z,view,9783,300,apparel.shoes,Globex,416.96,3470,sess-18504
2020-04-08T14:37:51Z,view,1202,210,electronics.audio,Acme,1375.74,957,sess-03025
2020-04-08T15:57:55Z,view,6253,300,apparel.shoes,Umbra,270.57,4942,sess-06582
2020-04-08T16:05:49Z,view,6152,210,electronics.audio,Acme,1129.62,129,sess-06789
2020-04-08T16:59:26Z,view,5286,300,apparel.shoes,Umbra,665.72,2602,sess-13476
2020-04-08T17:32:40Z,view,7534,200,electronics.smartphone,Acme,1157.46,2091,sess-05834
2020-04-08T18:23:26Z,view,1130,210,electronics.audio,Acme,241.52,1267,sess-03451
2020-04-08T18:44:52Z,view,4919,300,apparel.shoes,Umbra,417.53,3,sess-05160
2020-04-08T19:15:31Z,view,7790,400,home.kitchen,Globex,579.05,4716,sess-06372
2020-04-08T19:43:10Z,view,3510,400,home.kitchen,Nova,621.90,808,sess-17768
2020-04-08T20:11:39Z,view,8600,400,home.kitchen,Umbra,1310.65,2346,sess-14728
2020-04-08T20:36:58Z,view,9177,400,home.kitchen,Umbra,1135.67,2282,sess-19069
2020-04-08T21:34:12Z,view,4633,300,apparel.shoes,Umbra,1088.12,3038,sess-02623
2020-04-08T22:06:05Z,cart,9860,210,electronics.audio,Umbra,421.24,4995,sess-13895
2020-04-08T22:37:00Z,view,6877,400,home.kitchen,Nova,1059.96,4169,sess-10041
2020-04-09T00:37:54Z,cart,6419,210,electronics.audio,Acme,560.82,1451,sess-12777
2020-04-09T00:44:52Z,view,4613,400,home.kitchen,Umbra,1218.22,517,sess-06641
2020-04-09T01:54:10Z,view,3351,200,electronics.smartphone,Acme,1364.15,591,sess-13973
2020-04-09T03:39:00Z,cart,2761,200,electronics.smartphone,Umbra,1092.62,3531,sess-04389
2020-04-09T03:41:00Z,view,5656,300,apparel.shoes,Umbra,554.08,3492,sess-19152
2020-04-09T03:58:14Z,cart,6885,400,home.kitchen,Acme,1377.72,1544,sess-05403
2020-04-09T04:21:07Z,view,1483,210,electronics.audio,Nova,145.77,4055,sess-03916
2020-04-09T05:22:27Z,view,9444,200,electronics.smartphone,Globex,227.11,2773,sess-19445
2020-04-09T05:34:38Z,view,6046,400,home.kitchen,Acme,628.60,3485,sess-18458
2020-04-09T05:47:46Z,view,2442,400,home.kitchen,Acme,1455.43,2577,sess-08271
2020-04-09T05:50:53Z,view,6640,400,home.kitchen,Globex,1479.70,732,sess-19095
2020-04-09T06:07:34Z,view,4595,400,home.kitchen,Globex,586.34,2236,sess-14282
2020-04-09T06:33:59Z,view,4360,400,home.kitchen,Globex,1332.07,4460,sess-14489
2020-04-09T06:41:30Z,view,2078,210,electronics.audio,Nova,1324.49,4360,sess-03311
2020-04-09T06:52:21Z,view,7520,210,electronics.audio,Umbra,1068.94,623,sess-06509
2020-04-09T07:02:25Z,view,5459,400,home.kitchen,Acme,1459.28,2689,sess-16674
2020-04-09T08:10:52Z,view,9602,400,home.kitchen,Umbra,910.25,3823,sess-17029
2020-04-09T08:46:54Z,cart,1916,210,electronics.audio,Acme,777.38,1363,sess-08463
2020-04-09T08:59:17Z,view,7884,200,electronics.smartphone,Globex,1466.83,2089,sess-19834
2020-04-09T09:29:08Z,view,5906,200,electronics.smartphone,Acme,608.70,2309,sess-11359
2020-04-09T10:15:51Z,view,9938,400,home.kitchen,Umbra,1208.01,2373,sess-09900
2020-04-09T10:43:17Z,cart,5872,210,electronics.audio,Acme,948.87,1724,sess-05251
2020-04-09T10:51:23Z,view,8572,210,electronics.audio,Nova,1024.63,573,sess-00226
2020-04-09T12:42:34Z,view,6415,300,apparel.shoes,Globex,764.39,1906,sess-18674
2020-04-09T15:11:37Z,view,4188,210,electronics.audio,Umbra,1147.14,2978,sess-15184
2020-04-09T17:03:09Z,view,1474,210,electronics.audio,Acme,1335.27,2384,sess-08780
2020-04-09T17:22:08Z,cart,8183,210,electronics.audio,Nova,1194.51,2387,sess-02267
2020-04-09T17:31:48Z,view,1750,200,electronics.smartphone,Acme,1076.70,1345,sess-16136
2020-04-09T17:37:30Z,view,8264,210,electronics.audio,Globex,1034.63,365,sess-09029
2020-04-09T20:06:44Z,view,2847,400,home.kitchen,Globex,35.99,2212,sess-17017
2020-04-09T21:10:31Z,view,6272,400,home.kitchen,Acme,354.18,1546,sess-07826
2020-04-09T21:27:52Z,view,2856,300,apparel.shoes,Acme,888.23,3945,sess-15690
2020-04-09T22:57:21Z,cart,6710,210,electronics.audio,Umbra,778.92,2510,sess-06287
2020-04-10T00:42:56Z,purchase,3532,400,home.kitchen,Acme,1217.10,1940,sess-05325
2020-04-10T01:01:05Z,view,7183,400,home.kitchen,Globex,1246.52,245,sess-01218
2020-04-10T03:03:43Z,view,1831,210,electronics.audio,Umbra,83.47,4351,sess-07395
2020-04-10T03:32:41Z,view,8826,200,electronics.smartphone,Umbra,374.37,4206,sess-02379
2020-04-10T06:45:03Z,view,9850,300,apparel.shoes,Acme,236.01,3434,sess-19246
2020-04-10T07:41:00Z,view,1729,200,electronics.smartphone,Globex,769.76,843,sess-17847
2020-04-10T08:01:36Z,view,7520,200,electronics.smartphone,Nova,754.07,4151,sess-09388
2020-04-10T09:16:46Z,view,9372,200,electronics.smartphone,Acme,857.70,635,sess-07766
2020-04-10T09:19:34Z,view,8398,400,home.kitchen,Acme,682.98,1872,sess-13560
2020-04-10T10:32:01Z,cart,5927,210,electronics.audio,Globex,845.77,1183,sess-15173
2020-04-10T10:40:22Z,view,5772,210,electronics.audio,Globex,364.64,3517,sess-00052
2020-04-10T10:43:03Z,view,1744,200,electronics.smartphone,Acme,1151.60,4725,sess-08673
2020-04-10T11:21:24Z,view,8675,300,apparel.shoes,Umbra,588.60,1075,sess-09614
2020-04-10T11:26:21Z,view,5508,300,apparel.shoes,Nova,165.47,3205,sess-12643
2020-04-10T11:29:58Z,view,9172,300,apparel.shoes,Globex,1421.99,3469,sess-14421
2020-04-10T14:25:48Z,view,3606,210,electronics.audio,Umbra,1128.16,3286,sess-18025
2020-04-10T14:42:40Z,view,8851,400,home.kitchen,Acme,1385.63,4770,sess-13134
2020-04-10T15:19:43Z,purchase,3292,300,apparel.shoes,Nova,392.84,209,sess-16298
2020-04-10T15:33:01Z,view,8218,300,apparel.shoes,Globex,756.85,3783,sess-09234
2020-04-10T16:23:25Z,view,1096,400,home.kitchen,Globex,1280.90,2882,sess-09785
2020-04-10T18:11:35Z,cart,1271,200,electronics.smartphone,Globex,759.02,1658,sess-17129
2020-04-10T18:14:30Z,view,7164,200,electronics.smartphone,Nova,1474.76,2520,sess-03407
2020-04-10T19:04:11Z,view,5874,300,apparel.shoes,Acme,65.90,823,sess-13227
2020-04-10T19:30:51Z,view,5703,200,electronics.smartphone,Umbra,1149.91,3350,sess-05898
2020-04-10T19:50:57Z,view,6132,400,home.kitchen,Nova,644.37,4128,sess-11717
2020-04-10T20:40:59Z,view,6916,200,electronics.smartphone,Umbra,1259.27,2593,sess-04325
2020-04-10T21:59:14Z,view,5885,200,electronics.smartphone,Acme,42.80,2139,sess-06693
2020-04-10T22:41:02Z,view,7799,300,apparel.shoes,Globex,1131.49,2955,sess-08043
2020-04-10T22:54:13Z,view,8598,300,apparel.shoes,Nova,1393.21,1187,sess-05492
2020-04-11T00:08:35Z,view,8594,400,home.kitchen,Umbra,1224.59,3257,sess-10604
2020-04-11T00:23:46Z,view,8449,400,home.kitchen,Acme,1006.94,95,sess-15930
2020-04-11T00:26:00Z,view,6531,200,electronics.smartphone,Nova,60.88,1391,sess-00646
2020-04-11T00:42:08Z,view,5466,400,home.kitchen,Globex,576.87,3030,sess-03206
2020-04-11T00:57:21Z,view,2310,400,home.kitchen,Nova,708.72,2946,sess-13050
2020-04-11T01:04:09Z,view,9846,200,electronics.smartphone,Acme,1162.37,4854,sess-08477
2020-04-11T01:17:24Z,view,3321,210,electronics.audio,Umbra,390.99,4905,sess-08067
2020-04-11T01:30:51Z,cart,3002,300,apparel.shoes,Acme,1411.99,3366,sess-11587
2020-04-11T01:46:51Z,view,3043,200,electronics.smartphone,Acme,818.92,4147,sess-09784
2020-04-11T01:58:58Z,view,8787,210,electronics.audio,Globex,1309.29,4504,sess-05411
2020-04-11T03:24:53Z,view,7116,210,electronics.audio,Nova,808.62,4428,sess-05512
2020-04-11T04:01:33Z,view,3549,200,electronics.smartphone,Nova,411.79,1290,sess-01631
2020-04-11T04:08:36Z,view,6489,400,home.kitchen,Nova,272.37,4383,sess-11956
2020-04-11T04:42:41Z,purchase,2210,210,electronics.audio,Umbra,452.24,3619,sess-11324
2020-04-11T05:58:09Z,view,1023,300,apparel.shoes,Umbra,1100.27,3941,sess-06338
2020-04-11T06:40:39Z,cart,7408,200,electronics.smartphone,Acme,1178.23,1592,sess-19848
2020-04-11T07:07:18Z,view,7255,300,apparel.shoes,Globex,1417.39,1338,sess-13110
2020-04-11T07:56:50Z,view,1724,400,home.kitchen,Nova,758.80,329,sess-15423
2020-04-11T07:57:45Z,cart,3248,200,electronics.smartphone,Globex,1044.61,3407,sess-14944
2020-04-11T08:49:07Z,view,7144,200,electronics.smartphone,Umbra,164.34,1683,sess-10352
2020-04-11T09:41:56Z,view,5230,210,electronics.audio,Globex,626.29,1385,sess-09579
2020-04-11T11:13:43Z,view,6518,200,electronics.smartphone,Globex,798.94,2240,sess-02205
2020-04-11T11:19:50Z,view,5813,400,home.kitchen,Globex,341.72,53,sess-12778
2020-04-11T11:45:11Z,view,5183,300,apparel.shoes,Nova,965.15,4945,sess-00759
2020-04-11T15:31:49Z,view,8116,200,electronics.smartphone,Globex,128.51,3934,sess-09486
2020-04-11T16:41:58Z,view,9520,400,home.kitchen,Umbra,508.86,2178,sess-15923
2020-04-11T16:54:04Z,view,4140,210,electronics.audio,Globex,480.34,4363,sess-12393
2020-04-11T17:19:01Z,view,8899,200,electronics.smartphone,Nova,1044.68,428,sess-12686
2020-04-11T17:46:16Z,view,7785,400,home.kitchen,Acme,175.16,2238,sess-07064
2020-04-11T18:13:41Z,view,1513,300,apparel.shoes,Nova,1213.76,4925,sess-12462
2020-04-11T19:39:05Z,view,6852,210,electronics.audio,Umbra,1112.81,4079,sess-01013
2020-04-11T20:04:23Z,view,3149,400,home.kitchen,Acme,1284.65,2778,sess-09531
2020-04-11T20:11:07Z,view,2144,200,electronics.smartphone,Globex,436.07,3423,sess-17202
2020-04-11T20:52:46Z,view,7960,200,electronics.smartphone,Acme,728.96,916,sess-02548
2020-04-11T21:27:37Z,view,8901,200,electronics.smartphone,Nova,6.79,1068,sess-19775
2020-04-11T22:08:19Z,view,1834,400,home.kitchen,Nova,1272.21,2735,sess-00259
2020-04-11T22:48:41Z,view,3869,400,home.kitchen,Nova,928.52,3401,sess-08164
2020-04-11T23:33:30Z,view,3976,200,electronics.smartphone,Acme,1172.76,4713,sess-11135
2020-04-12T01:01:17Z,view,4729,200,electronics.smartphone,Umbra,947.17,2119,sess-13358
2020-04-12T01:13:46Z,cart,2406,200,electronics.smartphone,Globex,1384.12,1477,sess-03551
2020-04-12T02:29:34Z,view,5484,400,home.kitchen,Umbra,728.87,775,sess-19428
2020-04-12T02:45:01Z,view,2656,200,electronics.smartphone,Umbra,335.98,3978,sess-07955
2020-04-12T02:57:06Z,view,1601,210,electronics.audio,Umbra,855.22,4795,sess-12638
2020-04-12T03:38:24Z,cart,2639,400,home.kitchen,Umbra,1255.62,2906,sess-11810
2020-04-12T04:51:30Z,view,3617,210,electronics.audio,Umbra,431.17,354,sess-01771
2020-04-12T06:10:38Z,cart,2702,400,home.kitchen,Acme,1318.56,1685,sess-17622
2020-04-12T06:24:13Z,view,5628,200,electronics.smartphone,Nova,1079.37,2726,sess-10485
2020-04-12T06:33:25Z,view,4769,200,electronics.smartphone,Acme,320.79,1132,sess-16383
2020-04-12T07:42:21Z,view,2298,300,apparel.shoes,Umbra,443.26,4303,sess-08361
2020-04-12T08:14:33Z,view,8017,300,apparel.shoes,Umbra,1179.56,1382,sess-00159
2020-04-12T08:52:17Z,view,2776,200,electronics.smartphone,Acme,1180.71,4888,sess-14240
2020-04-12T09:39:59Z,view,2175,200,electronics.smartphone,Globex,732.62,129,sess-04719
2020-04-12T10:11:45Z,view,6623,200,electronics.smartphone,Globex,1178.70,3089,sess-12506
2020-04-12T11:13:10Z,cart,7396,210,electronics.audio,Globex,778.33,1424,sess-13210
2020-04-12T12:03:02Z,view,6626,200,electronics.smartphone,Nova,63.52,691,sess-16534
2020-04-12T12:12:36Z,view,9444,210,electronics.audio,Nova,1390.31,4951,sess-03413
2020-04-12T14:49:38Z,cart,5862,200,electronics.smartphone,Nova,727.49,1997,sess-00681
2020-04-12T15:00:17Z,view,5947,210,electronics.audio,Umbra,1351.25,3247,sess-08012
2020-04-12T16:40:10Z,view,7078,210,electronics.audio,Nova,71.70,3125,sess-12105
2020-04-12T16:57:12Z,view,6024,300,apparel.shoes,Umbra,715.55,1297,sess-18601
2020-04-12T16:58:38Z,view,5050,300,apparel.shoes,Acme,362.67,2272,sess-17082
2020-04-12T17:59:16Z,view,3068,200,electronics.smartphone,Acme,155.05,4115,sess-19340
2020-04-12T18:36:49Z,purchase,6450,400,home.kitchen,Acme,400.67,493,sess-08462
2020-04-12T22:18:25Z,view,8043,210,electronics.audio,Globex,700.16,4752,sess-19880
2020-04-12T22:22:34Z,view,6276,300,apparel.shoes,Globex,584.91,170,sess-16353
2020-04-12T23:06:35Z,view,2435,400,home.kitchen,Umbra,626.34,1767,sess-14557
2020-04-13T00:29:20Z,view,4814,400,home.kitchen,Umbra,1437.33,3240,sess-11109
2020-04-13T01:08:44Z,cart,3156,210,electronics.audio,Acme,183.54,679,sess-13749
2020-04-13T02:08:57Z,cart,6028,200,electronics.smartphone,Nova,1272.15,4657,sess-10519
2020-04-13T02:29:03Z,cart,3249,200,electronics.smartphone,Globex,565.80,3602,sess-04035
2020-04-13T02:54:18Z,cart,4496,400,home.kitchen,Nova,615.76,1903,sess-03289
2020-04-13T03:03:28Z,view,1715,400,home.kitchen,Umbra,360.11,3366,sess-11938
2020-04-13T04:02:59Z,view,9337,210,electronics.audio,Globex,1088.31,2100,sess-11646
2020-04-13T04:12:59Z,view,7686,400,home.kitchen,Globex,329.82,2292,sess-01073
2020-04-13T04:30:28Z,view,8947,200,electronics.smartphone,Umbra,356.77,4219,sess-03804
2020-04-13T05:10:23Z,view,3898,300,apparel.shoes,Acme,1222.47,3611,sess-05817
2020-04-13T05:41:18Z,view,6655,400,home.kitchen,Nova,657.26,2946,sess-12484
2020-04-13T07:07:14Z,view,1138,200,electronics.smartphone,Umbra,790.27,557,sess-00392
2020-04-13T07:51:25Z,view,3930,210,electronics.audio,Umbra,1096.59,421,sess-13749
2020-04-13T08:16:59Z,view,1256,400,home.kitchen,Acme,892.95,1972,sess-06753
2020-04-13T12:40:25Z,view,8755,400,home.kitchen,Nova,971.04,958,sess-16214
2020-04-13T13:52:53Z,view,6896,400,home.kitchen,Nova,285.15,2210,sess-03350
2020-04-13T14:22:56Z,view,3578,400,home.kitchen,Nova,327.30,4869,sess-17461
2020-04-13T14:32:40Z,view,5152,400,home.kitchen,Globex,596.23,4917,sess-00342
2020-04-13T14:49:41Z,view,5347,400,home.kitchen,Globex,336.59,36,sess-17392
2020-04-13T14:57:42Z,view,2032,400,home.kitchen,Acme,1447.61,4429,sess-10084
2020-04-13T15:20:02Z,view,4425,210,electronics.audio,Globex,96.61,1620,sess-04346
2020-04-13T15:26:00Z,cart,7132,400,home.kitchen,Nova,485.13,4969,sess-00966
2020-04-13T15:57:08Z,view,7965,210,electronics.audio,Umbra,1498.97,839,sess-08112
2020-04-13T16:04:45Z,view,4978,400,home.kitchen,Umbra,123.21,2089,sess-06663
2020-04-13T17:12:18Z,view,7962,300,apparel.shoes,Umbra,1204.62,2119,sess-03800
2020-04-13T17:14:55Z,view,5444,400,home.kitchen,Nova,783.80,3645,sess-11901
2020-04-13T17:33:09Z,view,8798,400,home.kitchen,Nova,410.07,1040,sess-06756
2020-04-13T18:26:41Z,cart,5397,400,home.kitchen,Globex,134.56,2641,sess-08045
2020-04-13T19:53:13Z,view,2369,210,electronics.audio,Nova,127.16,1162,sess-02270
2020-04-13T20:25:12Z,view,4207,300,apparel.shoes,Acme,977.44,2680,sess-08531
2020-04-13T21:29:48Z,purchase,9041,200,electronics.smartphone,Umbra,326.73,3530,sess-04370
2020-04-13T21:38:50Z,view,8563,400,home.kitchen,Globex,1349.14,2658,sess-13214
2020-04-13T21:42:18Z,view,5896,200,electronics.smartphone,Globex,609.57,2132,sess-05698
2020-04-13T21:48:32Z,view,8695,400,home.kitchen,Acme,1047.88,199,sess-18459
2020-04-13T21:58:53Z,view,4498,300,apparel.shoes,Umbra,816.53,3219,sess-04632
2020-04-13T22:37:17Z,view,2016,210,electronics.audio,Acme,53.30,2418,sess-06685
2020-04-13T23:30:24Z,view,3276,210,electronics.audio,Umbra,993.02,4758,sess-00007
2020-04-14T00:20:36Z,view,2765,300,apparel.shoes,Umbra,1060.91,2241,sess-14941
2020-04-14T00:25:58Z,view,4909,400,home.kitchen,Acme,654.55,475,sess-08012
2020-04-14T00:31:29Z,view,7735,200,electronics.smartphone,Nova,937.89,1910,sess-19647
2020-04-14T00:36:01Z,view,4018,200,electronics.smartphone,Umbra,1404.59,2076,sess-09653
2020-04-14T01:32:44Z,view,5617,210,electronics.audio,Umbra,783.74,4679,sess-13976
2020-04-14T02:37:05Z,view,6371,200,electronics.smartphone,Acme,1168.93,4231,sess-19084
2020-04-14T03:39:55Z,view,6703,300,apparel.shoes,Nova,1444.77,2847,sess-09061
2020-04-14T03:51:21Z,view,3650,300,apparel.shoes,Nova,41.50,3763,sess-18691
2020-04-14T04:10:37Z,purchase,7021,300,apparel.shoes,Umbra,719.88,1810,sess-07181
2020-04-14T07:08:59Z,cart,8252,200,electronics.smartphone,Acme,923.55,1596,sess-19299
2020-04-14T07:09:25Z,view,4793,400,home.kitchen,Nova,899.08,388,sess-09389
2020-04-14T08:18:27Z,cart,9383,200,electronics.smartphone,Umbra,968.28,615,sess-03320
2020-04-14T08:25:03Z,view,9361,200,electronics.smartphone,Acme,772.31,3650,sess-01824
2020-04-14T08:59:39Z,cart,4209,300,apparel.shoes,Globex,592.38,1537,sess-03957
2020-04-14T09:38:09Z,view,1535,300,apparel.shoes,Nova,256.47,2252,sess-07368
2020-04-14T10:13:07Z,view,3470,200,electronics.smartphone,Globex,1480.85,1126,sess-06564
2020-04-14T10:36:43Z,view,4541,210,electronics.audio,Globex,563.36,4993,sess-14910
2020-04-14T11:17:21Z,cart,3369,210,electronics.audio,Globex,521.35,4043,sess-14127
2020-04-14T11:25:16Z,view,6529,400,home.kitchen,Acme,1140.85,332,sess-08941
2020-04-14T11:35:59Z,cart,5289,300,apparel.shoes,Acme,557.61,1930,sess-14778
2020-04-14T12:01:59Z,purchase,8282,200,electronics.smartphone,Umbra,704.52,350,sess-11624
2020-04-14T13:11:39Z,view,7178,400,home.kitchen,Nova,1137.42,4614,sess-15848
2020-04-14T14:32:15Z,view,6881,200,electronics.smartphone,Acme,69.96,2818,sess-19783
2020-04-14T14:40:12Z,view,3858,200,electronics.smartphone,Globex,846.91,1241,sess-11530
2020-04-14T15:16:13Z,purchase,9031,400,home.kitchen,Globex,955.20,865,sess-14206
2020-04-14T17:36:32Z,view,7451,400,home.kitchen,Acme,663.17,327,sess-11381
2020-04-14T17:51:03Z,view,3413,200,electronics.smartphone,Globex,364.64,3777,sess-03512
2020-04-14T17:58:22Z,view,2170,400,home.kitchen,Globex,1141.41,3459,sess-17916
2020-04-14T18:46:15Z,view,8987,400,home.kitchen,Globex,530.40,248,sess-02142
2020-04-14T19:08:33Z,view,9451,210,electronics.audio,Umbra,1085.15,4809,sess-18109
2020-04-14T20:24:56Z,view,6618,200,electronics.smartphone,Nova,669.35,2791,sess-10475
2020-04-14T22:00:05Z,view,4116,210,electronics.audio,Globex,279.31,4394,sess-14701
2020-04-14T23:00:03Z,cart,4562,400,home.kitchen,Nova,57.97,2498,sess-16893
2020-04-15T01:49:49Z,view,4403,200,electronics.smartphone,Acme,874.00,1865,sess-07994
2020-04-15T02:38:59Z,cart,6772,200,electronics.smartphone,Nova,266.76,4473,sess-11094
2020-04-15T02:49:55Z,view,7430,300,apparel.shoes,Acme,440.04,1830,sess-19321
2020-04-15T03:44:12Z,view,5020,200,electronics.smartphone,Nova,84.41,1193,sess-03319
2020-04-15T04:07:07Z,view,4804,210,electronics.audio,Umbra,1001.93,3778,sess-08323
2020-04-15T04:27:09Z,view,3159,400,home.kitchen,Nova,469.04,762,sess-15345
2020-04-15T06:02:07Z,view,8133,200,electronics.smartphone,Umbra,551.70,2853,sess-05834
2020-04-15T07:13:33Z,view,6292,200,electronics.smartphone,Nova,1021.86,3544,sess-13333
2020-04-15T07:43:47Z,cart,9158,210,electronics.audio,Globex,1494.48,714,sess-09875
2020-04-15T08:52:37Z,view,9457,200,electronics.smartphone,Umbra,992.91,1529,sess-18903
2020-04-15T10:38:07Z,view,7916,210,electronics.audio,Umbra,895.85,4886,sess-02082
2020-04-15T12:53:08Z,view,4833,400,home.kitchen,Globex,1213.89,4375,sess-07838
2020-04-15T13:23:26Z,view,6628,200,electronics.smartphone,Umbra,771.43,4383,sess-00354
2020-04-15T13:59:31Z,cart,5285,300,apparel.shoes,Umbra,701.68,2947,sess-16804
2020-04-15T14:51:13Z,view,1254,400,home.kitchen,Acme,1149.44,1367,sess-03959
2020-04-15T15:33:40Z,view,6656,300,apparel.shoes,Umbra,1245.19,3707,sess-15933
2020-04-15T16:32:48Z,cart,5609,200,electronics.smartphone,Umbra,983.12,4055,sess-19580
2020-04-15T16:44:03Z,view,9327,210,electronics.audio,Acme,126.70,4785,sess-16024
2020-04-15T17:03:54Z,purchase,5145,200,electronics.smartphone,Nova,1235.87,2247,sess-01876
2020-04-15T17:04:57Z,cart,7208,300,apparel.shoes,Globex,102.06,555,sess-14003
2020-04-15T19:38:17Z,view,1374,400,home.kitchen,Acme,856.11,2663,sess-19983
2020-04-15T20:04:54Z,view,1600,210,electronics.audio,Globex,1498.10,4519,sess-08540
2020-04-15T20:33:09Z,view,2636,300,apparel.shoes,Nova,1049.68,3857,sess-18017
2020-04-15T22:28:52Z,view,4652,200,electronics.smartphone,Umbra,931.54,3723,sess-10879
2020-04-15T22:46:40Z,view,2461,300,apparel.shoes,Umbra,693.81,583,sess-05872
2020-04-15T23:22:43Z,view,7688,400,home.kitchen,Globex,1132.85,1223,sess-09827
2020-04-15T23:28:38Z,view,5051,200,electronics.smartphone,Acme,361.62,1634,sess-00668
2020-04-15T23:33:43Z,view,1516,400,home.kitchen,Nova,387.39,4096,sess-10474
2020-04-15T23:52:39Z,cart,9653,210,electronics.audio,Umbra,857.70,4065,sess-06231
2020-04-16T01:07:27Z,view,7992,300,apparel.shoes,Acme,233.20,2561,sess-08353
2020-04-16T01:27:43Z,view,4173,200,electronics.smartphone,Nova,1453.02,924,sess-04890
2020-04-16T02:04:17Z,view,9270,400,home.kitchen,Nova,242.94,3496,sess-17953
2020-04-16T02:19:03Z,view,3128,210,electronics.audio,Globex,1065.96,1685,sess-10151
2020-04-16T02:29:50Z,purchase,6911,300,apparel.shoes,Acme,929.33,2405,sess-07159
2020-04-16T02:31:50Z,view,7652,400,home.kitchen,Globex,995.42,3126,sess-14261
2020-04-16T03:08:52Z,view,6085,210,electronics.audio,Acme,74.09,1841,sess-06526
2020-04-16T03:17:41Z,view,9693,200,electronics.smartphone,Nova,929.44,2290,sess-08145
2020-04-16T03:27:39Z,view,2960,300,apparel.shoes,Globex,67.78,3243,sess-07966
2020-04-16T04:24:26Z,view,7672,210,electronics.audio,Umbra,109.07,2381,sess-14024
2020-04-16T04:26:11Z,purchase,4648,300,apparel.shoes,Nova,173.05,755,sess-13759
2020-04-16T05:14:37Z,view,6224,200,electronics.smartphone,Globex,665.64,599,sess-06437
2020-04-16T05:22:38Z,view,2402,210,electronics.audio,Nova,1138.46,1978,sess-13318
2020-04-16T05:26:40Z,view,8938,210,electronics.audio,Acme,1408.93,3279,sess-02667
2020-04-16T05:46:50Z,view,2900,300,apparel.shoes,Globex,716.97,431,sess-05492
2020-04-16T06:27:16Z,view,2523,300,apparel.shoes,Umbra,1397.44,3269,sess-11207
2020-04-16T06:33:49Z,view,4804,210,electronics.audio,Globex,1033.77,1892,sess-00855
2020-04-16T07:38:48Z,view,8687,300,apparel.shoes,Umbra,740.44,4384,sess-00273
2020-04-16T07:44:15Z,view,8354,300,apparel.shoes,Globex,656.36,3350,sess-14738
2020-04-16T07:44:32Z,view,2279,400,home.kitchen,Acme,771.28,4901,sess-09633
2020-04-16T08:17:32Z,cart,5009,200,electronics.smartphone,Globex,564.52,1263,sess-18198
2020-04-16T10:28:46Z,purchase,9230,300,apparel.shoes,Globex,1061.25,1012,sess-08961
2020-04-16T10:41:06Z,view,2020,400,home.kitchen,Nova,490.95,1132,sess-16997
2020-04-16T10:49:38Z,view,3435,200,electronics.smartphone,Acme,672.81,1201,sess-10495
2020-04-16T10:50:41Z,view,7352,300,apparel.shoes,Acme,930.79,3072,sess-06831
2020-04-16T11:31:59Z,view,9237,300,apparel.shoes,Nova,972.59,107,sess-19883
2020-04-16T12:20:08Z,cart,5712,200,electronics.smartphone,Globex,985.68,648,sess-11350
2020-04-16T12:54:01Z,cart,1881,210,electronics.audio,Nova,174.18,1883,sess-17484
2020-04-16T15:28:03Z,view,4085,400,home.kitchen,Acme,1375.33,3312,sess-01363
2020-04-16T15:36:47Z,view,5541,200,electronics.smartphone,Nova,545.83,4040,sess-02187
2020-04-16T16:00:01Z,view,7292,300,apparel.shoes,Acme,470.08,1474,sess-13950
2020-04-16T16:01:41Z,view,5839,400,home.kitchen,Umbra,1365.98,1314,sess-01292
2020-04-16T16:13:11Z,view,1060,210,electronics.audio,Umbra,323.64,1828,sess-07546
2020-04-16T16:17:53Z,view,6283,200,electronics.smartphone,Acme,1033.49,1352,sess-19197
2020-04-16T17:57:57Z,view,6536,300,apparel.shoes,Globex,970.25,3925,sess-15549
2020-04-16T18:22:07Z,view,2404,300,apparel.shoes,Globex,709.76,1775,sess-14720
2020-04-16T19:17:45Z,view,7617,400,home.kitchen,Acme,579.71,575,sess-17699
2020-04-16T19:34:57Z,view,6119,300,apparel.shoes,Globex,323.04,2881,sess-03395
2020-04-16T20:31:06Z,view,7004,210,electronics.audio,Globex,368.39,3383,sess-11136
2020-04-16T21:12:52Z,view,3654,400,home.kitchen,Globex,133.86,1698,sess-09256
2020-04-16T21:17:56Z,view,6707,210,electronics.audio,Umbra,314.27,2556,sess-11242
2020-04-16T22:05:46Z,view,9948,400,home.kitchen,Umbra,61.61,4722,sess-12025
2020-04-16T22:37:51Z,view,3885,400,home.kitchen,Nova,1379.83,4275,sess-08851
2020-04-17T01:27:37Z,view,4335,200,electronics.smartphone,Acme,435.60,2188,sess-17997
2020-04-17T02:55:09Z,view,6289,300,apparel.shoes,Umbra,200.24,2324,sess-11068
2020-04-17T06:28:10Z,view,4651,400,home.kitchen,Nova,1302.24,4231,sess-13299
2020-04-17T07:30:03Z,cart,7978,400,home.kitchen,Umbra,1038.70,4793,sess-05520
2020-04-17T07:59:47Z,view,7028,300,apparel.shoes,Nova,1325.88,418,sess-16941
2020-04-17T08:04:25Z,view,7209,400,home.kitchen,Globex,490.90,2756,sess-00941
2020-04-17T09:50:18Z,purchase,1159,210,electronics.audio,Globex,876.82,4867,sess-11540
2020-04-17T09:50:35Z,view,5639,300,apparel.shoes,Acme,112.13,3479,sess-19561
2020-04-17T10:48:58Z,view,7660,300,apparel.shoes,Nova,1133.78,46,sess-08787
2020-04-17T10:58:18Z,view,1797,400,home.kitchen,Acme,1229.59,2500,sess-09290
2020-04-17T12:31:17Z,view,3396,210,electronics.audio,Globex,1015.97,2639,sess-08112
2020-04-17T12:45:23Z,purchase,4263,400,home.kitchen,Acme,944.03,2177,sess-01671
2020-04-17T12:54:02Z,view,8125,400,home.kitchen,Nova,186.72,398,sess-15230
2020-04-17T13:25:31Z,view,5902,400,home.kitchen,Umbra,767.02,4864,sess-11023
2020-04-17T13:40:53Z,view,2098,200,electronics.smartphone,Nova,693.86,3092,sess-04454
2020-04-17T14:00:02Z,cart,3721,210,electronics.audio,Umbra,842.93,2276,sess-04683
2020-04-17T14:01:28Z,view,8320,400,home.kitchen,Umbra,868.94,1003,sess-17098
2020-04-17T15:10:14Z,purchase,6530,400,home.kitchen,Nova,964.33,2109,sess-16012
2020-04-17T15:19:29Z,cart,2538,210,electronics.audio,Umbra,506.84,820,sess-09982
2020-04-17T15:21:57Z,view,3483,300,apparel.shoes,Nova,775.50,2702,sess-12824
2020-04-17T15:49:48Z,view,1745,300,apparel.shoes,Acme,1416.41,447,sess-18133
2020-04-17T15:59:32Z,view,5872,300,apparel.shoes,Globex,859.80,1946,sess-03143
2020-04-17T16:00:59Z,view,7541,200,electronics.smartphone,Nova,1365.90,4955,sess-08089
2020-04-17T16:46:48Z,view,5590,400,home.kitchen,Umbra,382.13,4969,sess-03302
2020-04-17T17:19:27Z,view,7299,210,electronics.audio,Nova,411.23,3115,sess-00755
2020-04-17T17:47:53Z,view,4432,300,apparel.shoes,Acme,256.76,3261,sess-10096
2020-04-17T18:58:17Z,cart,3328,300,apparel.shoes,Umbra,1216.55,4613,sess-06169
2020-04-17T19:50:40Z,view,5028,210,electronics.audio,Globex,810.43,3140,sess-13719
2020-04-17T21:35:28Z,view,5952,200,electronics.smartphone,Globex,1026.13,1497,sess-07322
2020-04-17T22:12:33Z,view,4103,300,apparel.shoes,Nova,796.70,3299,sess-05789
2020-04-17T22:27:46Z,view,4268,210,electronics.audio,Umbra,1191.26,1281,sess-19850
2020-04-17T22:37:34Z,cart,8679,200,electronics.smartphone,Nova,753.21,2492,sess-13190
2020-04-17T22:39:27Z,cart,4137,300,apparel.shoes,Umbra,335.62,738,sess-09935
2020-04-17T22:57:00Z,view,8130,400,home.kitchen,Nova,79.24,2604,sess-10490
2020-04-17T23:20:45Z,cart,1044,210,electronics.audio,Globex,1253.67,105,sess-02917
2020-04-17T23:27:02Z,view,1231,200,electronics.smartphone,Acme,1392.79,4308,sess-14260
2020-04-18T00:51:02Z,view,6254,210,electronics.audio,Acme,1475.44,2395,sess-02723
2020-04-18T02:45:22Z,view,4260,210,electronics.audio,Globex,736.16,3927,sess-08710
2020-04-18T03:38:35Z,cart,2382,300,apparel.shoes,Nova,235.45,1189,sess-19515
2020-04-18T05:28:04Z,view,2601,300,apparel.shoes,Umbra,312.83,4001,sess-03279
2020-04-18T06:24:17Z,view,9348,400,home.kitchen,Acme,784.28,3331,sess-05154
2020-04-18T06:57:24Z,view,3610,210,electronics.audio,Acme,1319.22,4082,sess-16867
2020-04-18T07:18:48Z,view,7553,400,home.kitchen,Umbra,284.29,3603,sess-12670
2020-04-18T08:11:19Z,view,2253,200,electronics.smartphone,Nova,306.89,4260,sess-16129
2020-04-18T08:20:51Z,purchase,2956,200,electronics.smartphone,Globex,834.35,3236,sess-06624
2020-04-18T09:29:13Z,cart,2291,210,electronics.audio,Nova,674.91,3761,sess-14556
2020-04-18T09:34:23Z,view,7770,400,home.kitchen,Nova,935.84,445,sess-06147
2020-04-18T11:03:31Z,view,1265,300,apparel.shoes,Nova,1302.30,2474,sess-10059
2020-04-18T11:47:33Z,cart,6185,300,apparel.shoes,Umbra,1401.06,117,sess-04932
2020-04-18T12:22:24Z,view,6227,300,apparel.shoes,Umbra,723.27,3693,sess-11735
2020-04-18T13:11:38Z,cart,9755,200,electronics.smartphone,Umbra,1398.05,4714,sess-07911
2020-04-18T13:12:39Z,view,4311,200,electronics.smartphone,Globex,1199.54,759,sess-14542
2020-04-18T14:10:11Z,view,7129,400,home.kitchen,Globex,884.94,3205,sess-15174
2020-04-18T16:00:02Z,view,6765,300,apparel.shoes,Umbra,1467.48,2912,sess-09907
2020-04-18T17:06:46Z,cart,1121,400,home.kitchen,Umbra,358.94,4735,sess-16324
2020-04-18T20:28:08Z,view,5277,200,electronics.smartphone,Umbra,840.15,1434,sess-13341
2020-04-18T20:50:31Z,view,3906,200,electronics.smartphone,Acme,1176.88,3899,sess-19655
2020-04-18T22:06:03Z,view,8347,300,apparel.shoes,Acme,631.41,962,sess-14291
2020-04-18T22:27:06Z,view,6789,210,electronics.audio,Umbra,1193.06,2563,sess-12421
2020-04-18T22:54:02Z,cart,9901,400,home.kitchen,Nova,205.63,4296,sess-16185
2020-04-19T00:01:09Z,view,7997,400,home.kitchen,Umbra,827.20,853,sess-05467
2020-04-19T00:05:29Z,purchase,8414,300,apparel.shoes,Globex,129.04,3574,sess-18131
2020-04-19T00:41:28Z,view,2713,200,electronics.smartphone,Umbra,225.97,3956,sess-16420
2020-04-19T02:49:28Z,view,4365,200,electronics.smartphone,Nova,1063.70,2963,sess-05146
2020-04-19T03:20:36Z,view,6288,210,electronics.audio,Umbra,469.24,131,sess-03653
2020-04-19T04:44:28Z,view,1812,210,electronics.audio,Nova,280.46,1907,sess-03751
2020-04-19T05:11:10Z,view,6871,400,home.kitchen,Umbra,1477.80,2596,sess-13603
2020-04-19T05:18:15Z,purchase,7572,400,home.kitchen,Acme,1316.76,2460,sess-01315
2020-04-19T05:32:09Z,view,6795,200,electronics.smartphone,Umbra,494.04,648,sess-07289
2020-04-19T06:04:41Z,view,7671,300,apparel.shoes,Nova,268.92,4927,sess-08872
2020-04-19T06:21:58Z,view,6956,210,electronics.audio,Acme,1428.28,270,sess-13058
2020-04-19T06:50:46Z,purchase,9576,200,electronics.smartphone,Acme,818.40,2955,sess-02218
2020-04-19T06:52:38Z,view,3643,200,electronics.smartphone,Globex,659.98,2360,sess-06299
2020-04-19T06:59:02Z,purchase,8433,210,electronics.audio,Acme,1144.13,27,sess-08631
2020-04-19T09:06:15Z,view,5963,210,electronics.audio,Nova,549.42,1216,sess-19145
2020-04-19T09:21:09Z,view,2738,300,apparel.shoes,Globex,314.23,1898,sess-09131
2020-04-19T09:38:52Z,view,5179,210,electronics.audio,Acme,177.42,843,sess-18806
2020-04-19T09:45:27Z,view,8560,200,electronics.smartphone,Umbra,1076.32,963,sess-05046
2020-04-19T11:19:57Z,view,2826,400,home.kitchen,Nova,1340.58,1493,sess-15978
2020-04-19T11:39:03Z,view,8705,200,electronics.smartphone,Globex,1436.15,1790,sess-04151
2020-04-19T13:09:05Z,cart,5110,300,apparel.shoes,Umbra,323.07,3115,sess-11516
2020-04-19T13:30:44Z,view,6083,400,home.kitchen,Acme,256.36,2782,sess-07261
2020-04-19T14:17:56Z,view,8888,300,apparel.shoes,Acme,879.00,2715,sess-01995
2020-04-19T14:18:29Z,view,4908,200,electronics.smartphone,Nova,1041.69,2502,sess-03833
2020-04-19T14:37:27Z,view,5081,210,electronics.audio,Acme,34.00,4003,sess-18459
2020-04-19T15:42:44Z,view,2156,210,electronics.audio,Globex,847.65,2207,sess-06313
2020-04-19T16:27:05Z,view,2992,300,apparel.shoes,Globex,39.44,1580,sess-19862
2020-04-19T17:31:21Z,view,7977,400,home.kitchen,Globex,47.69,2207,sess-18924
2020-04-19T18:01:28Z,view,1488,300,apparel.shoes,Nova,651.44,2787,sess-12756
2020-04-19T18:20:03Z,view,4441,300,apparel.shoes,Globex,970.67,2817,sess-06939
2020-04-19T18:32:39Z,view,1706,210,electronics.audio,Acme,206.41,1048,sess-18793
2020-04-19T19:40:10Z,view,3255,210,electronics.audio,Umbra,878.86,362,sess-01983
2020-04-19T19:48:31Z,view,9286,210,electronics.audio,Acme,198.43,1042,sess-15885
2020-04-19T20:20:33Z,view,5841,400,home.kitchen,Acme,1376.37,4658,sess-01564
2020-04-19T21:47:56Z,view,2907,400,home.kitchen,Globex,458.29,1570,sess-18708
2020-04-19T23:47:02Z,view,3271,300,apparel.shoes,Acme,393.67,533,sess-15150
2020-04-20T02:43:44Z,cart,8025,210,electronics.audio,Umbra,1428.00,3387,sess-13413
2020-04-20T03:54:42Z,view,7201,400,home.kitchen,Umbra,1254.03,2993,sess-19258
2020-04-20T04:37:35Z,view,3727,400,home.kitchen,Globex,86.55,3461,sess-09648
2020-04-20T04:42:48Z,view,3893,200,electronics.smartphone,Umbra,1340.44,3454,sess-16371
2020-04-20T04:46:00Z,view,5230,210,electronics.audio,Globex,1383.27,1788,sess-15326
2020-04-20T05:32:10Z,view,2208,400,home.kitchen,Umbra,677.71,1027,sess-10389
2020-04-20T06:55:44Z,view,1090,210,electronics.audio,Nova,1207.14,874,sess-13932
2020-04-20T07:02:48Z,view,3063,400,home.kitchen,Nova,1145.68,3301,sess-00196
2020-04-20T07:08:15Z,view,9964,210,electronics.audio,Acme,102.37,2602,sess-01859
2020-04-20T07:23:04Z,view,3871,200,electronics.smartphone,Umbra,1276.60,4050,sess-14385
2020-04-20T09:07:10Z,cart,3697,300,apparel.shoes,Umbra,342.08,1327,sess-10573
2020-04-20T09:16:48Z,cart,8993,200,electronics.smartphone,Nova,566.85,4594,sess-19879
2020-04-20T10:54:39Z,view,5902,300,apparel.shoes,Globex,1072.95,2331,sess-18769
2020-04-20T11:07:36Z,view,3332,200,electronics.smartphone,Nova,351.05,2293,sess-03049
2020-04-20T12:24:30Z,view,3508,400,home.kitchen,Umbra,994.19,1684,sess-00305
2020-04-20T12:41:36Z,view,3769,400,home.kitchen,Acme,423.97,2992,sess-08281
2020-04-20T13:06:02Z,view,6866,400,home.kitchen,Acme,1435.70,598,sess-10416
2020-04-20T13:10:27Z,view,7168,400,home.kitchen,Nova,702.71,2857,sess-15041
2020-04-20T14:13:48Z,view,3391,200,electronics.smartphone,Umbra,766.71,4601,sess-08835
2020-04-20T15:46:28Z,view,4152,200,electronics.smartphone,Globex,1436.15,4439,sess-18903
2020-04-20T15:48:33Z,cart,3784,210,electronics.audio,Nova,134.28,4736,sess-18113
2020-04-20T18:46:40Z,view,5334,400,home.kitchen,Nova,548.60,758,sess-16053
2020-04-20T19:27:52Z,view,3791,400,home.kitchen,Umbra,754.14,2820,sess-05108
2020-04-20T20:55:16Z,view,2443,300,apparel.shoes,Acme,885.36,3578,sess-03469
2020-04-20T22:05:15Z,cart,9120,400,home.kitchen,Umbra,1008.66,385,sess-11286
2020-04-20T22:29:33Z,view,4545,210,electronics.audio,Umbra,1465.03,3967,sess-09061
2020-04-20T23:16:17Z,cart,1289,400,home.kitchen,Umbra,573.63,1636,sess-02980
2020-04-20T23:56:41Z,view,9196,200,electronics.smartphone,Umbra,872.73,989,sess-17104
2020-04-21T00:57:34Z,purchase,2077,200,electronics.smartphone,Nova,1079.71,2534,sess-13047
2020-04-21T01:14:08Z,view,2437,200,electronics.smartphone,Globex,303.19,2292,sess-12551
2020-04-21T01:52:21Z,view,7403,210,electronics.audio,Acme,440.69,4018,sess-03524
2020-04-21T02:46:38Z,view,4640,400,home.kitchen,Umbra,189.64,3102,sess-03441
2020-04-21T03:23:54Z,view,4757,300,apparel.shoes,Globex,193.99,2027,sess-09312
2020-04-21T05:16:51Z,view,6011,400,home.kitchen,Acme,1049.86,4077,sess-09411
2020-04-21T05:49:09Z,view,1972,210,electronics.audio,Umbra,585.72,3521,sess-06915
2020-04-21T06:06:00Z,view,9052,200,electronics.smartphone,Umbra,625.33,191,sess-11140
2020-04-21T08:31:16Z,view,3584,300,apparel.shoes,Acme,919.46,3590,sess-17801
2020-04-21T09:37:57Z,view,1257,400,home.kitchen,Umbra,22.72,55,sess-17440
2020-04-21T10:02:22Z,view,5576,300,apparel.shoes,Acme,712.48,1451,sess-13965
2020-04-21T10:08:34Z,view,6547,210,electronics.audio,Umbra,900.68,2545,sess-14058
2020-04-21T11:11:37Z,cart,1323,400,home.kitchen,Nova,1176.29,3226,sess-18221
2020-04-21T11:27:11Z,view,7861,300,apparel.shoes,Acme,180.67,38,sess-18276
2020-04-21T11:50:18Z,view,8493,400,home.kitchen,Acme,750.75,4828,sess-16522
2020-04-21T12:03:50Z,view,5310,400,home.kitchen,Globex,526.31,3116,sess-19134
2020-04-21T12:09:01Z,view,1553,210,electronics.audio,Umbra,443.74,4190,sess-08293
2020-04-21T12:35:12Z,view,7316,400,home.kitchen,Acme,785.37,3887,sess-11633
2020-04-21T13:00:25Z,view,3722,210,electronics.audio,Umbra,1326.32,2181,sess-17048
2020-04-21T13:23:54Z,purchase,9745,200,electronics.smartphone,Globex,1338.55,1634,sess-12226
2020-04-21T13:36:48Z,view,1936,300,apparel.shoes,Globex,1379.48,411,sess-19143
2020-04-21T13:37:37Z,view,5082,200,electronics.smartphone,Umbra,699.64,995,sess-14958
2020-04-21T13:42:26Z,view,1919,300,apparel.shoes,Nova,222.63,2404,sess-11747
2020-04-21T14:00:11Z,view,7258,400,home.kitchen,Umbra,66.32,2587,sess-17376
2020-04-21T16:20:46Z,view,8219,210,electronics.audio,Globex,56.50,2934,sess-05831
2020-04-21T16:36:13Z,view,7946,200,electronics.smartphone,Acme,774.94,4168,sess-04471
2020-04-21T16:36:21Z,view,9474,300,apparel.shoes,Nova,1378.00,357,sess-07358
2020-04-21T18:26:56Z,view,7929,210,electronics.audio,Nova,456.82,1359,sess-13988
2020-04-21T18:57:48Z,view,4094,210,electronics.audio,Acme,155.84,1215,sess-06755
2020-04-21T19:06:35Z,view,6119,300,apparel.shoes,Acme,1007.95,2723,sess-06493
2020-04-21T19:25:48Z,cart,6546,300,apparel.shoes,Nova,1279.25,3257,sess-02632
2020-04-21T19:29:41Z,view,4921,400,home.kitchen,Umbra,574.09,4523,sess-10539
2020-04-21T20:12:05Z,view,2262,210,electronics.audio,Acme,1175.80,552,sess-03327
2020-04-21T20:32:55Z,cart,5925,210,electronics.audio,Nova,443.63,379,sess-17022
2020-04-21T20:37:29Z,view,4180,200,electronics.smartphone,Globex,456.89,2427,sess-07455
2020-04-21T21:41:21Z,view,8393,200,electronics.smartphone,Nova,1253.61,2766,sess-03980
2020-04-21T22:25:56Z,cart,7302,300,apparel.shoes,Globex,1029.45,2534,sess-11891
2020-04-21T22:54:36Z,view,7360,210,electronics.audio,Nova,705.39,3787,sess-03064
2020-04-22T00:11:06Z,view,9225,200,electronics.smartphone,Acme,849.75,1485,sess-15178
2020-04-22T00:47:40Z,view,2731,210,electronics.audio,Umbra,612.74,1347,sess-14732
2020-04-22T01:23:36Z,purchase,5940,400,home.kitchen,Globex,157.21,4906,sess-16371
2020-04-22T04:11:04Z,view,3258,400,home.kitchen,Globex,732.57,4709,sess-12574
2020-04-22T04:29:29Z,view,2629,210,electronics.audio,Globex,1294.00,2665,sess-02081
2020-04-22T04:36:06Z,view,3788,210,electronics.audio,Acme,1219.36,722,sess-06264
2020-04-22T04:42:29Z,view,6567,300,apparel.shoes,Umbra,1130.18,1848,sess-13735
2020-04-22T05:19:33Z,cart,8399,200,electronics.smartphone,Nova,372.35,3743,sess-01390
2020-04-22T06:39:07Z,view,6752,200,electronics.smartphone,Globex,976.55,4961,sess-06520
2020-04-22T06:41:02Z,view,4114,400,home.kitchen,Globex,7.53,2087,sess-01455
2020-04-22T08:39:38Z,view,8348,400,home.kitchen,Globex,1446.40,3093,sess-12310
2020-04-22T08:50:39Z,view,9317,300,apparel.shoes,Acme,1144.95,4989,sess-06518
2020-04-22T10:10:08Z,cart,2256,300,apparel.shoes,Umbra,652.20,2473,sess-16537
2020-04-22T10:35:00Z,view,4367,300,apparel.shoes,Umbra,1084.45,1557,sess-13412
2020-04-22T11:36:06Z,view,3661,300,apparel.shoes,Umbra,1274.92,4620,sess-07880
2020-04-22T11:39:08Z,cart,1575,200,electronics.smartphone,Umbra,703.45,2924,sess-10657
2020-04-22T13:38:05Z,view,4346,210,electronics.audio,Globex,1454.51,4266,sess-00744
2020-04-22T15:16:13Z,view,6770,210,electronics.audio,Acme,735.03,1387,sess-04587
2020-04-22T15:24:23Z,view,3536,400,home.kitchen,Acme,92.43,1556,sess-09723
2020-04-22T16:22:32Z,view,7275,210,electronics.audio,Nova,614.36,1252,sess-07011
2020-04-22T16:43:45Z,view,8517,210,electronics.audio,Nova,894.36,3510,sess-12227
2020-04-22T17:34:28Z,purchase,5496,300,apparel.shoes,Umbra,1497.62,1562,sess-19793
2020-04-22T20:25:39Z,cart,2691,300,apparel.shoes,Globex,398.66,4272,sess-08962
2020-04-22T22:05:21Z,view,2898,300,apparel.shoes,Globex,496.24,1924,sess-12748
2020-04-22T22:47:46Z,view,1409,200,electronics.smartphone,Acme,1106.02,2254,sess-08025
2020-04-23T00:04:59Z,view,3654,200,electronics.smartphone,Umbra,298.79,708,sess-18692
2020-04-23T01:13:15Z,view,8400,400,home.kitchen,Globex,1169.20,741,sess-16406
2020-04-23T01:34:31Z,purchase,7033,400,home.kitchen,Globex,1164.95,4848,sess-16167
2020-04-23T01:38:08Z,view,4276,300,apparel.shoes,Umbra,495.12,4603,sess-02884
2020-04-23T02:57:59Z,view,1797,210,electronics.audio,Nova,1116.98,2318,sess-10590
2020-04-23T03:15:37Z,view,1323,200,electronics.smartphone,Umbra,573.48,396,sess-03795
2020-04-23T03:23:54Z,view,7719,400,home.kitchen,Umbra,14.83,3620,sess-02602
2020-04-23T03:49:36Z,view,3019,210,electronics.audio,Acme,594.15,343,sess-00165
2020-04-23T03:54:47Z,view,7788,210,electronics.audio,Globex,682.58,3296,sess-08234
2020-04-23T04:06:54Z,cart,9653,400,home.kitchen,Globex,172.75,2964,sess-02560
2020-04-23T04:17:53Z,view,3627,200,electronics.smartphone,Umbra,634.20,2138,sess-16592
2020-04-23T05:56:35Z,view,7505,210,electronics.audio,Acme,1318.64,844,sess-03132
2020-04-23T06:31:07Z,view,6921,210,electronics.audio,Acme,815.77,800,sess-09463
2020-04-23T06:48:23Z,view,1086,400,home.kitchen,Nova,1253.27,650,sess-00623
2020-04-23T07:01:53Z,cart,4052,300,apparel.shoes,Nova,733.60,2092,sess-11174
2020-04-23T08:01:42Z,view,9148,200,electronics.smartphone,Umbra,1433.02,3214,sess-05188
2020-04-23T09:14:24Z,view,6882,210,electronics.audio,Umbra,635.91,2273,sess-04211
2020-04-23T09:35:10Z,view,8292,210,electronics.audio,Umbra,1065.76,720,sess-10473
2020-04-23T09:46:56Z,cart,9747,210,electronics.audio,Umbra,1354.22,4915,sess-14517
2020-04-23T09:49:04Z,view,7744,300,apparel.shoes,Acme,603.68,4059,sess-09445
2020-04-23T10:04:42Z,view,2291,210,electronics.audio,Acme,1262.99,1897,sess-01609
2020-04-23T10:18:06Z,view,1468,300,apparel.shoes,Acme,402.04,3902,sess-17397
2020-04-23T11:05:38Z,cart,2090,200,electronics.smartphone,Umbra,684.87,1548,sess-08350
2020-04-23T11:11:51Z,view,3435,400,home.kitchen,Nova,750.84,284,sess-08054
2020-04-23T11:14:17Z,view,5468,210,electronics.audio,Globex,1206.29,1118,sess-00955
2020-04-23T11:49:47Z,cart,6549,400,home.kitchen,Acme,213.44,921,sess-15696
2020-04-23T12:54:50Z,view,2159,300,apparel.shoes,Nova,1394.40,3410,sess-19601
2020-04-23T13:00:47Z,view,2037,300,apparel.shoes,Globex,1026.42,4416,sess-12698
2020-04-23T13:04:53Z,purchase,5483,300,apparel.shoes,Umbra,526.09,3946,sess-06529
2020-04-23T13:11:11Z,view,2565,400,home.kitchen,Umbra,1298.77,4334,sess-11433
2020-04-23T13:25:49Z,view,9094,210,electronics.audio,Globex,556.52,216,sess-11826
2020-04-23T14:03:38Z,view,9022,300,apparel.shoes,Nova,520.96,1218,sess-14633
2020-04-23T14:53:57Z,cart,9329,200,electronics.smartphone,Acme,366.03,4972,sess-17815
2020-04-23T15:35:36Z,view,3105,210,electronics.audio,Nova,1302.27,2645,sess-00556
2020-04-23T17:06:16Z,view,2697,300,apparel.shoes,Globex,165.02,1101,sess-08667
2020-04-23T18:00:20Z,view,9516,200,electronics.smartphone,Umbra,1022.90,2423,sess-13740
2020-04-23T18:36:58Z,purchase,9656,400,home.kitchen,Nova,494.43,28,sess-04886
2020-04-23T19:23:51Z,view,6464,200,electronics.smartphone,Globex,311.78,1996,sess-04127
2020-04-23T19:39:02Z,view,2257,300,apparel.shoes,Acme,696.75,740,sess-19467
2020-04-23T20:07:33Z,cart,6303,300,apparel.shoes,Globex,900.03,3838,sess-09022
2020-04-23T20:10:24Z,view,3267,210,electronics.audio,Acme,1311.80,2049,sess-01710
2020-04-24T00:59:29Z,view,8207,200,electronics.smartphone,Globex,541.29,73,sess-15285
2020-04-24T01:14:50Z,view,3347,300,apparel.shoes,Globex,416.36,4271,sess-07244
2020-04-24T01:47:13Z,view,9751,210,electronics.audio,Globex,408.57,2006,sess-05355
2020-04-24T02:12:33Z,view,2944,300,apparel.shoes,Acme,621.45,4075,sess-00583
2020-04-24T04:16:50Z,cart,9051,210,electronics.audio,Nova,95.75,656,sess-15338
2020-04-24T05:06:24Z,purchase,6926,210,electronics.audio,Nova,30.65,24,sess-06662
2020-04-24T06:04:34Z,view,6989,400,home.kitchen,Acme,267.02,3813,sess-01340
2020-04-24T06:29:27Z,view,8309,210,electronics.audio,Nova,607.12,640,sess-12102
2020-04-24T07:36:46Z,view,9481,200,electronics.smartphone,Acme,763.13,4805,sess-04739
2020-04-24T07:48:52Z,view,5781,200,electronics.smartphone,Globex,1088.64,3390,sess-12708
2020-04-24T08:57:54Z,purchase,2022,300,apparel.shoes,Umbra,6.26,3025,sess-17986
2020-04-24T10:29:47Z,view,9709,400,home.kitchen,Acme,1450.35,722,sess-06109
2020-04-24T10:53:08Z,view,8150,400,home.kitchen,Nova,538.00,951,sess-16218
2020-04-24T11:50:26Z,view,5909,300,apparel.shoes,Umbra,416.56,2165,sess-17439
2020-04-24T12:10:26Z,view,2775,300,apparel.shoes,Umbra,1326.93,1916,sess-15450
2020-04-24T12:34:51Z,view,1157,300,apparel.shoes,Nova,579.00,3970,sess-04474
2020-04-24T13:16:13Z,view,4659,210,electronics.audio,Globex,932.88,26,sess-10723
2020-04-24T13:53:09Z,view,5215,210,electronics.audio,Nova,428.42,3117,sess-15193
2020-04-24T14:12:28Z,view,9255,210,electronics.audio,Nova,1142.36,4445,sess-10564
2020-04-24T15:32:18Z,view,9886,200,electronics.smartphone,Nova,723.24,2773,sess-02785
2020-04-24T17:52:48Z,view,9963,210,electronics.audio,Acme,114.00,2701,sess-02043
2020-04-24T18:10:44Z,view,3213,400,home.kitchen,Nova,687.53,4418,sess-05802
2020-04-24T20:04:19Z,view,4305,210,electronics.audio,Acme,1465.11,266,sess-07876
2020-04-24T20:54:56Z,view,4728,400,home.kitchen,Globex,119.02,3530,sess-18430
2020-04-24T22:03:45Z,view,7266,200,electronics.smartphone,Umbra,729.60,2942,sess-15719
2020-04-24T22:11:34Z,view,9197,300,apparel.shoes,Globex,991.46,4047,sess-05587
2020-04-24T23:02:09Z,view,2965,200,electronics.smartphone,Globex,986.31,708,sess-19815
2020-04-24T23:06:05Z,view,8794,210,electronics.audio,Umbra,1278.75,3829,sess-19654
2020-04-25T00:30:42Z,purchase,9761,300,apparel.shoes,Globex,88.68,4406,sess-02604
2020-04-25T00:53:02Z,view,8383,400,home.kitchen,Umbra,232.83,2690,sess-10017
2020-04-25T01:53:15Z,view,4014,210,electronics.audio,Acme,276.13,1809,sess-08282
2020-04-25T03:20:27Z,view,7708,200,electronics.smartphone,Globex,695.87,2240,sess-13583
2020-04-25T03:56:22Z,view,6098,200,electronics.smartphone,Acme,515.47,2243,sess-18369
2020-04-25T04:04:28Z,view,5838,300,apparel.shoes,Umbra,1050.84,3643,sess-10836
2020-04-25T05:06:09Z,view,6097,200,electronics.smartphone,Acme,1277.69,4152,sess-13219
2020-04-25T05:54:05Z,view,5056,210,electronics.audio,Acme,974.49,672,sess-10947
2020-04-25T06:14:07Z,cart,1718,300,apparel.shoes,Globex,1499.73,3712,sess-10647
2020-04-25T07:37:19Z,view,3422,400,home.kitchen,Umbra,1079.71,523,sess-11614
2020-04-25T07:42:20Z,view,7841,300,apparel.shoes,Globex,348.88,2419,sess-04995
2020-04-25T08:22:10Z,cart,3719,400,home.kitchen,Umbra,1209.13,1141,sess-06771
2020-04-25T08:26:55Z,view,3742,300,apparel.shoes,Umbra,433.23,2102,sess-13049
2020-04-25T08:50:25Z,view,8326,400,home.kitchen,Umbra,478.31,1603,sess-06740
2020-04-25T09:01:12Z,view,1334,300,apparel.shoes,Nova,478.19,3848,sess-19268
2020-04-25T10:37:36Z,view,8953,300,apparel.shoes,Nova,1403.59,1756,sess-17670
2020-04-25T11:15:23Z,view,9720,210,electronics.audio,Acme,53.24,1393,sess-12782
2020-04-25T11:19:45Z,view,2740,210,electronics.audio,Umbra,114.01,3618,sess-08487
2020-04-25T11:33:11Z,view,5747,400,home.kitchen,Acme,128.40,3231,sess-04851
2020-04-25T11:40:21Z,view,9938,200,electronics.smartphone,Nova,1366.66,606,sess-00649
2020-04-25T12:36:23Z,view,5814,400,home.kitchen,Acme,1305.44,4974,sess-06393
2020-04-25T12:42:13Z,view,1685,400,home.kitchen,Acme,594.26,4981,sess-12465
2020-04-25T13:17:36Z,view,7134,210,electronics.audio,Nova,259.76,4252,sess-19660
2020-04-25T14:11:07Z,cart,9589,210,electronics.audio,Acme,367.08,3115,sess-04843
2020-04-25T14:34:14Z,purchase,9827,300,apparel.shoes,Umbra,442.49,1380,sess-10606
2020-04-25T14:48:06Z,view,7199,210,electronics.audio,Nova,1094.60,2514,sess-09651
2020-04-25T15:19:28Z,cart,9970,200,electronics.smartphone,Umbra,629.27,2857,sess-02214
2020-04-25T17:57:20Z,view,6606,400,home.kitchen,Nova,1006.06,4461,sess-07739
2020-04-25T18:43:37Z,view,8901,200,electronics.smartphone,Umbra,1478.12,3041,sess-10336
2020-04-25T19:35:59Z,cart,2917,300,apparel.shoes,Umbra,1220.66,4205,sess-08445
2020-04-25T19:57:27Z,view,2816,200,electronics.smartphone,Globex,949.77,4095,sess-19554
2020-04-25T20:24:54Z,view,9592,400,home.kitchen,Umbra,296.56,4263,sess-14452
2020-04-25T20:55:46Z,view,7864,200,electronics.smartphone,Acme,781.76,917,sess-16430
2020-04-25T21:22:30Z,view,3075,200,electronics.smartphone,Umbra,577.51,4279,sess-19246
2020-04-25T21:25:10Z,view,7747,210,electronics.audio,Umbra,876.40,2710,sess-03280
2020-04-25T21:27:35Z,view,5366,210,electronics.audio,Nova,1421.96,4372,sess-01833
2020-04-25T22:38:45Z,view,5490,300,apparel.shoes,Nova,1454.05,3760,sess-06641
2020-04-25T22:43:08Z,cart,8905,300,apparel.shoes,Acme,1035.94,1417,sess-16000
2020-04-25T23:04:27Z,view,5273,300,apparel.shoes,Nova,226.18,1305,sess-02787
2020-04-25T23:29:26Z,view,3931,210,electronics.audio,Umbra,162.74,4575,sess-18290
2020-04-25T23:41:44Z,view,6488,200,electronics.smartphone,Acme,398.11,3518,sess-08913
2020-04-26T00:06:00Z,view,7054,300,apparel.shoes,Nova,259.50,402,sess-12000
2020-04-26T00:53:48Z,view,5933,210,electronics.audio,Umbra,782.28,2693,sess-15144
2020-04-26T02:29:47Z,cart,7412,210,electronics.audio,Nova,1202.99,1579,sess-12889
2020-04-26T02:48:27Z,view,5223,400,home.kitchen,Acme,1185.19,1549,sess-00180
2020-04-26T02:58:00Z,view,7204,400,home.kitchen,Globex,1244.07,2878,sess-17893
2020-04-26T03:08:56Z,view,3630,300,apparel.shoes,Acme,107.16,4102,sess-07925
2020-04-26T03:13:39Z,view,6091,300,apparel.shoes,Globex,1314.52,1420,sess-18479
2020-04-26T05:59:38Z,cart,1847,300,apparel.shoes,Acme,943.02,2253,sess-02719
2020-04-26T06:15:30Z,view,2234,210,electronics.audio,Nova,847.78,1452,sess-16192
2020-04-26T06:28:52Z,cart,5336,400,home.kitchen,Umbra,1004.31,2460,sess-01269
2020-04-26T06:39:12Z,view,5578,210,electronics.audio,Nova,466.20,880,sess-00104
2020-04-26T06:58:42Z,view,1235,210,electronics.audio,Umbra,685.59,923,sess-02822
2020-04-26T07:05:51Z,view,9082,300,apparel.shoes,Nova,1346.47,2795,sess-01583
2020-04-26T07:46:34Z,view,3267,210,electronics.audio,Globex,975.31,2744,sess-07820
2020-04-26T07:54:31Z,view,9220,200,electronics.smartphone,Globex,747.47,2509,sess-19669
2020-04-26T08:23:31Z,view,5626,300,apparel.shoes,Acme,200.70,1599,sess-17958
2020-04-26T08:45:06Z,view,1458,210,electronics.audio,Umbra,587.20,2322,sess-14978
2020-04-26T08:53:09Z,view,2198,400,home.kitchen,Nova,300.14,2382,sess-02208
2020-04-26T09:11:12Z,view,9306,210,electronics.audio,Umbra,489.49,4305,sess-08495
2020-04-26T10:45:57Z,view,5842,400,home.kitchen,Acme,141.08,3077,sess-17546
2020-04-26T10:57:42Z,view,4464,200,electronics.smartphone,Umbra,1114.35,2565,sess-16738
2020-04-26T11:11:13Z,view,4760,210,electronics.audio,Umbra,1054.23,4774,sess-16105
2020-04-26T11:12:42Z,purchase,1085,300,apparel.shoes,Globex,1209.05,3713,sess-11108
2020-04-26T11:54:11Z,cart,2252,300,apparel.shoes,Nova,949.28,618,sess-00611
2020-04-26T12:31:16Z,view,8542,200,electronics.smartphone,Globex,553.79,2914,sess-05116
2020-04-26T14:49:57Z,view,3695,210,electronics.audio,Nova,1022.04,2688,sess-17051
2020-04-26T15:05:49Z,view,3895,300,apparel.shoes,Acme,1468.25,2098,sess-00513
2020-04-26T15:42:28Z,view,8775,200,electronics.smartphone,Nova,1083.49,2176,sess-18956
2020-04-26T15:43:48Z,view,5040,210,electronics.audio,Nova,878.96,4599,sess-17662
2020-04-26T15:45:50Z,cart,9335,210,electronics.audio,Acme,880.59,2235,sess-18457
2020-04-26T15:49:38Z,view,5817,300,apparel.shoes,Acme,1300.26,3800,sess-03860
2020-04-26T16:03:18Z,view,5033,200,electronics.smartphone,Umbra,127.57,4743,sess-19482
2020-04-26T16:07:28Z,view,1272,400,home.kitchen,Umbra,1469.95,3018,sess-10855
2020-04-26T16:46:41Z,view,9609,300,apparel.shoes,Acme,873.87,3960,sess-16214
2020-04-26T17:13:50Z,view,5466,400,home.kitchen,Nova,151.92,2745,sess-08859
2020-04-26T18:28:06Z,view,8417,300,apparel.shoes,Acme,308.06,2228,sess-07655
2020-04-26T19:14:05Z,view,6209,210,electronics.audio,Nova,914.76,3950,sess-02213
2020-04-26T20:44:53Z,view,1491,300,apparel.shoes,Umbra,663.41,4545,sess-03775
2020-04-26T21:44:43Z,view,1753,400,home.kitchen,Nova,1480.46,3196,sess-15960
2020-04-26T23:31:48Z,view,9008,300,apparel.shoes,Umbra,1306.37,4867,sess-14618
2020-04-27T00:17:40Z,cart,1741,400,home.kitchen,Nova,449.98,683,sess-13640
2020-04-27T01:57:43Z,view,2425,300,apparel.shoes,Umbra,359.23,3597,sess-03847
2020-04-27T01:59:08Z,view,9561,200,electronics.smartphone,Acme,226.56,3438,sess-03688
2020-04-27T02:50:53Z,view,5408,300,apparel.shoes,Acme,1423.73,427,sess-04486
2020-04-27T03:02:59Z,view,3290,400,home.kitchen,Acme,847.84,3828,sess-19229
2020-04-27T03:55:08Z,view,8801,210,electronics.audio,Nova,154.53,3936,sess-09504
2020-04-27T04:01:45Z,cart,2765,300,apparel.shoes,Acme,1257.01,3396,sess-01524
2020-04-27T05:12:56Z,view,9827,300,apparel.shoes,Acme,31.78,3740,sess-01459
2020-04-27T05:46:36Z,view,6048,300,apparel.shoes,Globex,1137.34,3850,sess-16759
2020-04-27T06:01:39Z,view,9064,300,apparel.shoes,Acme,64.99,193,sess-13597
2020-04-27T08:01:06Z,view,7308,400,home.kitchen,Umbra,316.95,1540,sess-15980
2020-04-27T08:52:55Z,view,7836,400,home.kitchen,Globex,1385.02,3798,sess-19948
2020-04-27T09:03:37Z,view,8903,210,electronics.audio,Nova,1221.80,3145,sess-02165
2020-04-27T11:43:21Z,view,5448,400,home.kitchen,Acme,859.99,1696,sess-06032
2020-04-27T11:55:37Z,view,5244,210,electronics.audio,Globex,138.26,948,sess-09535
2020-04-27T13:31:32Z,view,4153,300,apparel.shoes,Globex,1071.38,885,sess-03365
2020-04-27T14:27:42Z,view,6282,210,electronics.audio,Globex,658.94,1670,sess-03056
2020-04-27T15:45:33Z,view,8617,300,apparel.shoes,Nova,835.12,1210,sess-14637
2020-04-27T15:56:36Z,view,1612,300,apparel.shoes,Acme,936.59,3074,sess-08382
2020-04-27T15:57:24Z,view,4921,200,electronics.smartphone,Acme,751.88,4055,sess-12645
2020-04-27T16:05:06Z,view,5117,200,electronics.smartphone,Acme,1101.52,4553,sess-10211
2020-04-27T16:35:46Z,view,2328,200,electronics.smartphone,Acme,1433.03,3771,sess-15724
2020-04-27T17:02:09Z,view,7224,300,apparel.shoes,Globex,1224.14,2700,sess-14426
2020-04-27T17:37:53Z,view,1121,400,home.kitchen,Acme,1265.32,2582,sess-15188
2020-04-27T18:33:41Z,purchase,2283,400,home.kitchen,Umbra,942.70,3567,sess-06617
2020-04-27T21:03:48Z,view,2735,200,electronics.smartphone,Nova,590.92,3143,sess-01763
2020-04-27T23:07:17Z,view,5225,300,apparel.shoes,Globex,363.24,3077,sess-03964
2020-04-27T23:27:03Z,view,4109,300,apparel.shoes,Acme,322.10,1001,sess-14901
2020-04-28T00:35:38Z,view,6782,400,home.kitchen,Umbra,1044.10,2414,sess-09477
2020-04-28T01:04:23Z,view,4799,300,apparel.shoes,Umbra,946.89,2394,sess-15895
2020-04-28T01:10:30Z,view,6962,210,electronics.audio,Acme,1162.82,3055,sess-09270
2020-04-28T03:52:50Z,purchase,9566,210,electronics.audio,Umbra,906.96,845,sess-02903
2020-04-28T04:31:42Z,view,8972,300,apparel.shoes,Acme,595.92,4317,sess-10107
2020-04-28T04:58:05Z,view,5473,400,home.kitchen,Umbra,692.40,2015,sess-10540
2020-04-28T06:10:44Z,view,4086,300,apparel.shoes,Nova,1350.03,1229,sess-16951
2020-04-28T07:03:37Z,view,2245,210,electronics.audio,Acme,1159.86,4851,sess-07958
2020-04-28T08:34:06Z,cart,7522,300,apparel.shoes,Nova,1296.69,1050,sess-15852
2020-04-28T09:34:20Z,view,9474,210,electronics.audio,Umbra,349.71,2444,sess-03307
2020-04-28T09:39:21Z,view,9679,200,electronics.smartphone,Globex,376.96,3390,sess-05283
2020-04-28T09:49:44Z,cart,8960,200,electronics.smartphone,Umbra,130.47,164,sess-01813
2020-04-28T10:09:47Z,view,6231,300,apparel.shoes,Umbra,1459.41,4049,sess-13889
2020-04-28T11:59:01Z,cart,6617,400,home.kitchen,Umbra,211.58,2410,sess-14839
2020-04-28T12:12:36Z,view,2680,300,apparel.shoes,Nova,463.21,656,sess-10746
2020-04-28T12:54:36Z,view,9775,200,electronics.smartphone,Acme,1012.14,1561,sess-01689
2020-04-28T13:40:19Z,view,2061,300,apparel.shoes,Nova,691.49,254,sess-06784
2020-04-28T15:32:42Z,view,5342,400,home.kitchen,Umbra,121.94,2797,sess-06134
2020-04-28T15:38:07Z,view,9314,200,electronics.smartphone,Globex,1211.84,3898,sess-17543
2020-04-28T17:27:03Z,view,9831,400,home.kitchen,Acme,1123.97,3044,sess-01876
2020-04-28T17:27:12Z,view,9265,200,electronics.smartphone,Globex,1246.23,3403,sess-00661
2020-04-28T17:56:47Z,cart,4586,200,electronics.smartphone,Acme,1464.10,3214,sess-06020
2020-04-28T18:13:55Z,view,2902,400,home.kitchen,Acme,1111.83,832,sess-05389
2020-04-28T18:36:42Z,view,4938,400,home.kitchen,Umbra,472.01,4694,sess-05006
2020-04-28T20:29:00Z,cart,9035,210,electronics.audio,Globex,1495.21,2564,sess-17127
2020-04-28T20:49:21Z,view,5978,210,electronics.audio,Globex,1147.84,698,sess-08133
2020-04-28T21:24:03Z,view,6860,200,electronics.smartphone,Acme,1030.39,4120,sess-03478
2020-04-28T21:36:29Z,cart,3945,210,electronics.audio,Acme,991.20,2448,sess-00333
2020-04-28T22:21:31Z,cart,2152,400,home.kitchen,Acme,808.33,3417,sess-08521
2020-04-28T23:51:13Z,view,7132,300,apparel.shoes,Umbra,306.37,4186,sess-12728
2020-04-29T00:19:04Z,purchase,6789,200,electronics.smartphone,Umbra,1060.51,869,sess-02193
2020-04-29T00:44:26Z,view,1632,400,home.kitchen,Acme,379.52,2247,sess-11853
2020-04-29T02:14:12Z,view,6609,200,electronics.smartphone,Acme,229.38,1842,sess-10136
2020-04-29T02:16:10Z,view,8750,400,home.kitchen,Nova,220.06,307,sess-05643
2020-04-29T02:22:50Z,view,5380,400,home.kitchen,Nova,377.42,434,sess-12130
2020-04-29T02:27:52Z,purchase,4533,210,electronics.audio,Umbra,754.92,1154,sess-05278
2020-04-29T03:00:03Z,cart,1792,210,electronics.audio,Umbra,366.68,3843,sess-05109
2020-04-29T04:18:00Z,view,6243,300,apparel.shoes,Globex,453.59,4346,sess-15463
2020-04-29T05:29:10Z,cart,4804,400,home.kitchen,Nova,814.18,3591,sess-09792
2020-04-29T07:37:37Z,view,6523,200,electronics.smartphone,Nova,293.78,2417,sess-18606
2020-04-29T07:50:01Z,view,9261,400,home.kitchen,Acme,1483.69,3690,sess-18018
2020-04-29T08:53:14Z,view,5764,400,home.kitchen,Nova,772.47,304,sess-15975
2020-04-29T10:13:56Z,view,2397,300,apparel.shoes,Globex,1462.91,4292,sess-12586
2020-04-29T10:48:37Z,view,6665,300,apparel.shoes,Acme,473.20,3280,sess-02614
2020-04-29T11:05:31Z,view,4991,400,home.kitchen,Nova,1187.62,4768,sess-01334
2020-04-29T11:06:29Z,view,7436,300,apparel.shoes,Globex,783.47,1125,sess-02877
2020-04-29T11:13:52Z,view,6454,400,home.kitchen,Globex,1130.57,4350,sess-01072
2020-04-29T12:53:50Z,view,5308,210,electronics.audio,Umbra,777.33,649,sess-13836
2020-04-29T13:48:50Z,view,8692,400,home.kitchen,Acme,812.28,2105,sess-04201
2020-04-29T14:19:13Z,view,2747,210,electronics.audio,Acme,996.82,983,sess-02572
2020-04-29T14:43:57Z,purchase,2597,300,apparel.shoes,Acme,295.30,4458,sess-09093
2020-04-29T14:48:27Z,view,6961,400,home.kitchen,Globex,1272.73,4114,sess-00348
2020-04-29T15:43:17Z,view,5105,200,electronics.smartphone,Acme,939.41,1609,sess-18050
2020-04-29T17:46:17Z,view,1392,200,electronics.smartphone,Nova,314.96,3809,sess-03865
2020-04-29T18:37:53Z,view,9824,210,electronics.audio,Globex,210.22,2222,sess-18417
2020-04-29T19:22:35Z,view,4245,400,home.kitchen,Globex,298.17,3997,sess-12954
2020-04-29T20:14:18Z,purchase,6522,400,home.kitchen,Acme,801.44,746,sess-16046
2020-04-29T20:31:20Z,view,4402,210,electronics.audio,Nova,216.29,4013,sess-19445
2020-04-29T20:35:39Z,view,1149,210,electronics.audio,Nova,95.37,1792,sess-16572
2020-04-29T21:07:10Z,view,7637,400,home.kitchen,Umbra,1220.63,4931,sess-15949
2020-04-29T21:25:17Z,view,5376,400,home.kitchen,Nova,298.52,1180,sess-04660
2020-04-29T21:35:22Z,view,2749,210,electronics.audio,Umbra,1479.00,1078,sess-06054
2020-04-30T00:28:25Z,view,9697,210,electronics.audio,Globex,1022.19,1367,sess-12271
2020-04-30T01:55:20Z,view,4669,300,apparel.shoes,Nova,84.54,3812,sess-08819
2020-04-30T03:19:47Z,view,9022,210,electronics.audio,Acme,1263.77,2367,sess-04598
2020-04-30T06:44:35Z,view,5949,200,electronics.smartphone,Globex,623.10,4365,sess-15106
2020-04-30T07:02:26Z,view,3555,300,apparel.shoes,Globex,368.36,703,sess-03683
2020-04-30T07:19:41Z,view,9500,400,home.kitchen,Umbra,700.55,2881,sess-07543
2020-04-30T07:20:30Z,cart,6668,200,electronics.smartphone,Globex,922.48,3651,sess-07876
2020-04-30T08:16:15Z,view,6508,200,electronics.smartphone,Nova,45.88,2151,sess-19365
2020-04-30T08:50:07Z,view,8345,200,electronics.smartphone,Umbra,693.14,3305,sess-10946
2020-04-30T09:38:26Z,view,5718,300,apparel.shoes,Nova,1362.13,26,sess-03089
2020-04-30T11:02:13Z,view,7044,200,electronics.smartphone,Globex,459.34,1644,sess-09555
2020-04-30T11:12:36Z,view,7507,210,electronics.audio,Umbra,1373.22,1744,sess-04990
2020-04-30T11:15:13Z,view,5720,200,electronics.smartphone,Nova,361.47,1947,sess-09869
2020-04-30T11:34:01Z,view,5467,200,electronics.smartphone,Acme,27.81,1224,sess-05161
2020-04-30T11:47:35Z,view,4339,210,electronics.audio,Globex,825.46,4477,sess-17147
2020-04-30T13:37:09Z,view,2468,200,electronics.smartphone,Acme,1126.17,135,sess-13477
2020-04-30T14:38:35Z,view,8397,300,apparel.shoes,Umbra,879.48,3829,sess-00969
2020-04-30T14:51:51Z,view,1654,210,electronics.audio,Umbra,509.72,4642,sess-01963
2020-04-30T15:45:02Z,view,3147,300,apparel.shoes,Globex,275.36,4893,sess-12345
2020-04-30T15:49:14Z,cart,8371,400,home.kitchen,Nova,491.20,3679,sess-04882
2020-04-30T16:17:31Z,view,4264,210,electronics.audio,Nova,146.60,769,sess-17621
2020-04-30T16:29:26Z,view,5632,300,apparel.shoes,Globex,1386.25,3720,sess-02333
2020-04-30T16:30:06Z,cart,8385,400,home.kitchen,Globex,518.46,4418,sess-05384
2020-04-30T16:34:02Z,view,6911,200,electronics.smartphone,Nova,1236.73,32,sess-14012
2020-04-30T16:51:17Z,view,5623,200,electronics.smartphone,Umbra,887.29,256,sess-07709
2020-04-30T18:34:32Z,view,1612,400,home.kitchen,Acme,697.34,2377,sess-05283
2020-04-30T18:40:24Z,view,2219,400,home.kitchen,Acme,469.65,2048,sess-06452
2020-04-30T18:49:24Z,view,4428,200,electronics.smartphone,Globex,656.50,3942,sess-04757
2020-04-30T18:52:26Z,cart,9540,200,electronics.smartphone,Acme,993.39,2602,sess-06239
2020-04-30T19:04:11Z,cart,8169,210,electronics.audio,Nova,745.30,932,sess-01280
2020-04-30T19:28:34Z,view,6248,300,apparel.shoes,Nova,442.97,1110,sess-14677
2020-04-30T20:45:48Z,view,2462,210,electronics.audio,Nova,1448.35,1588,sess-12380
2020-04-30T21:45:27Z,view,3069,200,electronics.smartphone,Umbra,1177.50,4131,sess-03879
2020-04-30T22:51:21Z,view,4917,400,home.kitchen,Nova,232.84,1711,sess-19887
