event_time,event_type,product_id,category_id,category_code,brand,price,user_id,user_session
2020-04-01T10:00:00Z,view,1409,200,electronics.smartphone,Acme,1106.02,2254,sess-08025
2020-04-01T10:00:01Z,view,1520,400,home.kitchen,Globex,760.51,245,sess-03071
2020-04-01T10:00:02Z,view,4611,400,home.kitchen,Nova,1304.60,3680,sess-19310
2020-04-01T10:00:03Z,purchase,5552,300,apparel.shoes,Nova,508.21,1274,sess-07056
2020-04-01T10:00:08Z,view,6881,200,electronics.smartphone,Acme,69.96,2818,sess-19783
2020-04-01T10:00:10Z,cart,2291,400,home.kitchen,Globex,929.69,4523,sess-09607
2020-04-01T10:00:06Z,purchase,1750,200,electronics.smartphone,Nova,1283.70,1867,sess-09483
2020-04-01T10:00:14Z,view,8428,300,apparel.shoes,Acme,318.21,2989,sess-05330
2020-04-01T10:00:24Z,view,9751,210,electronics.audio,Globex,408.57,2006,sess-05355
2020-04-01T10:00:09Z,cart,1916,300,apparel.shoes,Globex,604.74,1877,sess-01052
2020-04-01T10:00:10Z,cart,4483,300,apparel.shoes,Umbra,966.06,4090,sess-12965
2020-04-01T10:00:33Z,view,5040,210,electronics.audio,Nova,878.96,4599,sess-17662
2020-04-01T10:00:12Z,view,4593,300,apparel.shoes,Globex,1134.89,1134,sess-16697
2020-04-01T10:00:26Z,view,7916,210,electronics.audio,Umbra,895.85,4886,sess-02082
2020-04-01T10:00:28Z,view,2876,200,electronics.smartphone,Nova,513.56,4399,sess-08744
2020-04-01T10:00:45Z,purchase,8433,210,electronics.audio,Acme,1144.13,27,sess-08631
2020-04-01T10:00:48Z,view,9317,300,apparel.shoes,Acme,1144.95,4989,sess-06518
2020-04-01T10:00:34Z,cart,9005,300,apparel.shoes,Globex,1318.69,160,sess-03666
2020-04-01T10:00:18Z,view,4946,200,electronics.smartphone,Globex,731.56,4648,sess-02581
2020-04-01T10:00:38Z,view,8787,210,electronics.audio,Globex,1309.29,4504,sess-05411
2020-04-01T10:00:20Z,view,6107,210,electronics.audio,Globex,778.78,3269,sess-12237
2020-04-01T10:00:21Z,view,2049,210,electronics.audio,Acme,349.02,2770,sess-00690
2020-04-01T10:00:22Z,cart,1964,200,electronics.smartphone,Globex,1290.15,1876,sess-02209
2020-04-01T10:01:09Z,view,8953,300,apparel.shoes,Nova,1403.59,1756,sess-17670
2020-04-01T10:00:48Z,view,8749,210,electronics.audio,Nova,990.18,3335,sess-06240
2020-04-01T10:00:25Z,view,8651,400,home.kitchen,Globex,1093.68,444,sess-03225
2020-04-01T10:00:52Z,view,4116,210,electronics.audio,Globex,279.31,4394,sess-14701
2020-04-01T10:00:27Z,view,8260,200,electronics.smartphone,Acme,1498.93,4509,sess-03209
2020-04-01T10:00:28Z,view,3724,210,electronics.audio,Globex,1297.65,3330,sess-15914
2020-04-01T10:00:58Z,cart,1035,400,home.kitchen,Nova,1178.77,3199,sess-08691
2020-04-01T10:01:30Z,view,3536,400,home.kitchen,Acme,92.43,1556,sess-09723
2020-04-01T10:01:33Z,view,1936,300,apparel.shoes,Globex,1379.48,411,sess-19143
2020-04-01T10:00:32Z,view,9320,200,electronics.smartphone,Nova,106.60,657,sess-06090
2020-04-01T10:01:39Z,view,5033,200,electronics.smartphone,Umbra,127.57,4743,sess-19482
2020-04-01T10:01:42Z,view,4346,300,apparel.shoes,Umbra,200.66,2574,sess-07822
2020-04-01T10:00:35Z,view,6180,400,home.kitchen,Acme,1497.69,595,sess-00306
2020-04-01T10:00:36Z,cart,9288,210,electronics.audio,Umbra,1321.89,2173,sess-04341
2020-04-01T10:01:51Z,view,3584,300,apparel.shoes,Acme,919.46,3590,sess-17801
2020-04-01T10:01:54Z,view,2697,300,apparel.shoes,Globex,165.02,1101,sess-08667
2020-04-01T10:01:57Z,view,5616,300,apparel.shoes,Umbra,309.38,4955,sess-06902
2020-04-01T10:00:40Z,view,5114,400,home.kitchen,Acme,1244.88,417,sess-03025
2020-04-01T10:01:22Z,view,3143,300,apparel.shoes,Acme,829.76,2146,sess-05295
2020-04-01T10:02:06Z,view,2232,200,electronics.smartphone,Globex,556.98,1222,sess-17878
2020-04-01T10:00:43Z,view,3088,400,home.kitchen,Umbra,1399.97,343,sess-10102
2020-04-01T10:01:28Z,view,5088,210,electronics.audio,Globex,1326.78,843,sess-11590
2020-04-01T10:01:30Z,view,3662,210,electronics.audio,Nova,1106.16,1451,sess-13511
2020-04-01T10:01:32Z,view,5371,210,electronics.audio,Globex,62.89,1305,sess-03543
2020-04-01T10:00:47Z,cart,8541,210,electronics.audio,Acme,1307.63,2865,sess-10001
2020-04-01T10:01:36Z,cart,7528,210,electronics.audio,Umbra,1450.50,2690,sess-09130
2020-04-01T10:00:49Z,view,9785,400,home.kitchen,Umbra,1455.75,2713,sess-00905
2020-04-01T10:01:40Z,view,2776,200,electronics.smartphone,Acme,1180.71,4888,sess-14240
2020-04-01T10:02:33Z,view,4114,400,home.kitchen,Globex,7.53,2087,sess-01455
2020-04-01T10:00:52Z,view,8066,300,apparel.shoes,Umbra,996.76,574,sess-10820
2020-04-01T10:00:53Z,view,7691,300,apparel.shoes,Nova,833.85,2673,sess-13186
2020-04-01T10:01:48Z,view,3851,400,home.kitchen,Umbra,1251.42,4663,sess-09862
2020-04-01T10:01:50Z,view,8043,210,electronics.audio,Globex,700.16,4752,sess-19880
2020-04-01T10:01:52Z,view,3780,400,home.kitchen,Acme,951.25,695,sess-09300
2020-04-01T10:01:54Z,view,6085,210,electronics.audio,Acme,74.09,1841,sess-06526
2020-04-01T10:01:56Z,view,7790,400,home.kitchen,Globex,579.05,4716,sess-06372
2020-04-01T10:02:57Z,view,1090,210,electronics.audio,Nova,1207.14,874,sess-13932
2020-04-01T10:03:00Z,view,5082,200,electronics.smartphone,Umbra,699.64,995,sess-14958
2020-04-01T10:02:02Z,view,9270,400,home.kitchen,Nova,242.94,3496,sess-17953
2020-04-01T10:02:04Z,view,5050,300,apparel.shoes,Acme,362.67,2272,sess-17082
2020-04-01T10:01:03Z,view,4841,300,apparel.shoes,Globex,812.53,2226,sess-11006
2020-04-01T10:03:12Z,view,7275,210,electronics.audio,Nova,614.36,1252,sess-07011
2020-04-01T10:03:15Z,view,2020,400,home.kitchen,Acme,1155.84,1695,sess-13768
2020-04-01T10:02:12Z,view,8814,400,home.kitchen,Globex,588.03,49,sess-11527
2020-04-01T10:03:21Z,view,4595,400,home.kitchen,Nova,586.34,2236,sess-14282
2020-04-01T10:03:24Z,view,8657,210,electronics.audio,Acme,594.06,1046,sess-17503
2020-04-01T10:02:18Z,view,8022,200,electronics.smartphone,Globex,393.93,1112,sess-15129
2020-04-01T10:02:20Z,view,6355,400,home.kitchen,Umbra,1427.05,2765,sess-12424
2020-04-01T10:01:11Z,view,8705,200,electronics.smartphone,Acme,1428.12,159,sess-17676
2020-04-01T10:01:12Z,cart,1508,200,electronics.smartphone,Globex,933.90,2026,sess-06533
2020-04-01T10:02:26Z,view,2874,400,home.kitchen,Globex,388.08,4621,sess-07143
2020-04-01T10:03:42Z,view,3683,200,electronics.smartphone,Nova,1393.69,2549,sess-03543
2020-04-01T10:01:15Z,view,4249,400,home.kitchen,Umbra,942.73,623,sess-19402
2020-04-01T10:03:48Z,view,1672,200,electronics.smartphone,Umbra,559.00,2845,sess-17457
2020-04-01T10:02:34Z,view,7882,200,electronics.smartphone,Globex,546.47,4016,sess-03459
2020-04-01T10:02:36Z,view,3885,400,home.kitchen,Nova,1379.83,4275,sess-08851
2020-04-01T10:02:38Z,cart,5397,400,home.kitchen,Globex,134.56,2641,sess-08045
2020-04-01T10:02:40Z,view,7209,400,home.kitchen,Globex,490.90,2756,sess-00941
2020-04-01T10:02:42Z,cart,5232,300,apparel.shoes,Acme,1053.27,2789,sess-09164
2020-04-01T10:04:06Z,view,2402,210,electronics.audio,Nova,1138.46,1978,sess-13318
2020-04-01T10:01:23Z,view,8342,400,home.kitchen,Umbra,609.58,142,sess-03050
2020-04-01T10:04:12Z,view,8753,300,apparel.shoes,Umbra,1494.96,4535,sess-17398
2020-04-01T10:01:25Z,view,8434,300,apparel.shoes,Umbra,185.38,2220,sess-10048
2020-04-01T10:04:18Z,view,9779,200,electronics.smartphone,Umbra,728.88,1517,sess-06277
2020-04-01T10:04:21Z,view,4180,200,electronics.smartphone,Globex,456.89,2427,sess-07455
2020-04-01T10:04:24Z,view,1745,300,apparel.shoes,Nova,1416.41,447,sess-18133
2020-04-01T10:01:29Z,view,1200,200,electronics.smartphone,Acme,663.50,4703,sess-09318
2020-04-01T10:04:30Z,view,8827,300,apparel.shoes,Acme,115.75,935,sess-02142
2020-04-01T10:04:33Z,view,3444,210,electronics.audio,Nova,376.05,4611,sess-09957
2020-04-01T10:04:36Z,cart,9561,210,electronics.audio,Nova,449.54,3117,sess-14763
2020-04-01T10:01:33Z,cart,1986,300,apparel.shoes,Umbra,315.64,4995,sess-03252
2020-04-01T10:03:08Z,view,3573,200,electronics.smartphone,Nova,239.02,1965,sess-05696
2020-04-01T10:03:10Z,view,5771,400,home.kitchen,Acme,427.66,268,sess-07586
2020-04-01T10:04:48Z,view,5334,210,electronics.audio,Globex,819.12,4832,sess-06483
2020-04-01T10:04:51Z,view,3330,300,apparel.shoes,Umbra,464.88,585,sess-01955
2020-04-01T10:04:54Z,view,3037,400,home.kitchen,Nova,1414.30,3840,sess-09965
2020-04-01T10:04:57Z,cart,2317,400,home.kitchen,Umbra,1103.13,4900,sess-01307
2020-04-01T10:05:00Z,view,2496,200,electronics.smartphone,Umbra,36.01,1876,sess-18849
2020-04-01T10:01:41Z,view,3870,200,electronics.smartphone,Nova,1374.53,3855,sess-17006
2020-04-01T10:01:42Z,view,2494,400,home.kitchen,Globex,484.98,3851,sess-11402
2020-04-01T10:05:09Z,view,7744,300,apparel.shoes,Acme,603.68,4059,sess-09445
2020-04-01T10:03:28Z,view,2442,400,home.kitchen,Acme,1455.43,2577,sess-08271
2020-04-01T10:03:30Z,view,7770,400,home.kitchen,Nova,935.84,445,sess-06147
2020-04-01T10:05:18Z,view,4335,200,electronics.smartphone,Nova,435.60,2188,sess-17997
2020-04-01T10:01:47Z,view,1472,200,electronics.smartphone,Nova,469.57,4988,sess-07842
2020-04-01T10:01:48Z,cart,4681,200,electronics.smartphone,Nova,973.33,930,sess-15121
2020-04-01T10:01:49Z,cart,9337,300,apparel.shoes,Nova,1470.47,2240,sess-13615
2020-04-01T10:01:50Z,view,7284,210,electronics.audio,Umbra,1319.59,1562,sess-19641
2020-04-01T10:03:42Z,cart,6568,400,home.kitchen,Nova,427.84,4160,sess-08755
2020-04-01T10:05:36Z,view,8316,210,electronics.audio,Nova,830.12,4413,sess-15871
2020-04-01T10:03:46Z,view,6272,400,home.kitchen,Acme,354.18,1546,sess-07826
2020-04-01T10:05:42Z,purchase,8749,300,apparel.shoes,Globex,1189.63,3124,sess-12652
2020-04-01T10:01:55Z,purchase,1606,400,home.kitchen,Nova,501.33,1035,sess-16460
2020-04-01T10:05:48Z,view,9617,200,electronics.smartphone,Globex,617.92,3744,sess-00503
2020-04-01T10:01:57Z,view,8692,200,electronics.smartphone,Umbra,599.24,2172,sess-11094
2020-04-01T10:05:54Z,view,6188,400,home.kitchen,Umbra,107.29,3998,sess-17729
2020-04-01T10:01:59Z,view,2480,210,electronics.audio,Nova,1057.32,3556,sess-03226
2020-04-01T10:04:00Z,view,5906,210,electronics.audio,Umbra,88.90,238,sess-01508
2020-04-01T10:02:01Z,view,3385,400,home.kitchen,Globex,1024.29,2001,sess-17406
2020-04-01T10:06:06Z,view,2293,210,electronics.audio,Globex,365.04,4993,sess-12536
2020-04-01T10:04:06Z,view,8555,210,electronics.audio,Umbra,19.05,2081,sess-15060
2020-04-01T10:04:08Z,purchase,2210,210,electronics.audio,Umbra,452.24,3619,sess-11324
2020-04-01T10:04:10Z,cart,5949,400,home.kitchen,Umbra,164.45,1632,sess-12606
2020-04-01T10:06:18Z,view,5837,300,apparel.shoes,Acme,851.06,180,sess-12970
2020-04-01T10:02:07Z,cart,5689,400,home.kitchen,Umbra,332.41,1886,sess-19893
2020-04-01T10:04:16Z,view,2591,210,electronics.audio,Globex,54.88,323,sess-10124
2020-04-01T10:06:27Z,view,5835,200,electronics.smartphone,Umbra,202.58,2677,sess-13616
2020-04-01T10:04:20Z,purchase,3695,300,apparel.shoes,Acme,446.24,2106,sess-15790
2020-04-01T10:04:22Z,cart,2233,400,home.kitchen,Umbra,1087.70,1154,sess-07393
2020-04-01T10:06:36Z,view,7464,200,electronics.smartphone,Umbra,684.91,115,sess-08666
2020-04-01T10:06:39Z,view,7086,400,home.kitchen,Umbra,931.22,888,sess-07662
2020-04-01T10:02:14Z,view,2035,210,electronics.audio,Acme,179.43,3804,sess-09903
2020-04-01T10:04:30Z,view,9071,300,apparel.shoes,Nova,808.63,952,sess-03185
2020-04-01T10:04:32Z,view,9850,300,apparel.shoes,Acme,236.01,3434,sess-19246
2020-04-01T10:04:34Z,view,7686,400,home.kitchen,Globex,329.82,2292,sess-01073
2020-04-01T10:02:18Z,cart,2627,300,apparel.shoes,Nova,969.02,3010,sess-17842
2020-04-01T10:06:57Z,view,4109,300,apparel.shoes,Acme,322.10,1001,sess-14901
2020-04-01T10:07:00Z,view,6464,200,electronics.smartphone,Globex,311.78,1996,sess-04127
2020-04-01T10:04:42Z,view,4817,210,electronics.audio,Globex,895.99,2692,sess-04836
2020-04-01T10:02:22Z,view,9850,210,electronics.audio,Acme,1300.34,2054,sess-05718
2020-04-01T10:02:23Z,view,4898,300,apparel.shoes,Nova,401.72,4824,sess-10610
2020-04-01T10:02:24Z,view,2041,200,electronics.smartphone,Nova,772.29,3902,sess-14690
2020-04-01T10:02:25Z,view,1710,210,electronics.audio,Nova,1446.22,4272,sess-09884
2020-04-01T10:02:26Z,view,7984,400,home.kitchen,Umbra,668.13,885,sess-16066
2020-04-01T10:07:21Z,view,2076,210,electronics.audio,Umbra,880.12,1034,sess-09012
2020-04-01T10:07:24Z,view,9692,400,home.kitchen,Acme,648.15,2416,sess-14868
2020-04-01T10:04:58Z,view,8046,210,electronics.audio,Nova,1241.99,3700,sess-07488
2020-04-01T10:02:30Z,view,6120,200,electronics.smartphone,Nova,564.58,3497,sess-10241
2020-04-01T10:05:02Z,view,2494,200,electronics.smartphone,Globex,1118.16,700,sess-03055
2020-04-01T10:05:04Z,view,6400,200,electronics.smartphone,Acme,999.68,1002,sess-13462
2020-04-01T10:07:39Z,view,6119,300,apparel.shoes,Nova,323.04,2881,sess-03395
2020-04-01T10:07:42Z,view,2773,210,electronics.audio,Globex,1145.10,2869,sess-18228
2020-04-01T10:05:10Z,view,1430,400,home.kitchen,Umbra,413.54,4989,sess-08764
2020-04-01T10:02:36Z,view,1100,300,apparel.shoes,Acme,604.17,1487,sess-04695
2020-04-01T10:05:14Z,view,9691,200,electronics.smartphone,Umbra,514.64,1763,sess-12328
2020-04-01T10:07:54Z,view,2391,300,apparel.shoes,Acme,928.67,431,sess-05099
2020-04-01T10:02:39Z,view,8259,300,apparel.shoes,Acme,624.20,3474,sess-15915
2020-04-01T10:08:00Z,view,8043,300,apparel.shoes,Umbra,891.74,909,sess-09282
2020-04-01T10:02:41Z,view,4612,200,electronics.smartphone,Globex,310.61,3238,sess-19639
2020-04-01T10:02:42Z,view,5742,300,apparel.shoes,Globex,1121.79,2688,sess-03932
2020-04-01T10:05:26Z,view,9725,400,home.kitchen,Acme,1003.73,1886,sess-16393
2020-04-01T10:05:28Z,view,1693,400,home.kitchen,Nova,121.40,3574,sess-00615
2020-04-01T10:02:45Z,view,7843,400,home.kitchen,Nova,1449.47,2372,sess-03775
2020-04-01T10:08:18Z,view,2443,300,apparel.shoes,Acme,885.36,3578,sess-03469
2020-04-01T10:08:21Z,view,6083,400,home.kitchen,Acme,256.36,2782,sess-07261
2020-04-01T10:02:48Z,view,6724,210,electronics.audio,Globex,223.93,2877,sess-04840
2020-04-01T10:08:27Z,view,2234,210,electronics.audio,Nova,847.78,1452,sess-16192
2020-04-01T10:05:40Z,view,6179,300,apparel.shoes,Umbra,666.10,1237,sess-14411
2020-04-01T10:02:51Z,view,6766,200,electronics.smartphone,Umbra,680.61,4157,sess-02432
2020-04-01T10:08:36Z,view,2257,300,apparel.shoes,Acme,696.75,740,sess-19467
2020-04-01T10:02:53Z,view,4084,400,home.kitchen,Nova,230.54,2634,sess-19825
2020-04-01T10:08:42Z,view,6626,200,electronics.smartphone,Nova,63.52,691,sess-16534
2020-04-01T10:05:50Z,view,9586,400,home.kitchen,Nova,562.41,4283,sess-19983
2020-04-01T10:02:56Z,view,6543,400,home.kitchen,Umbra,972.72,4898,sess-01716
2020-04-01T10:08:51Z,view,7333,200,electronics.smartphone,Globex,986.56,2328,sess-08258
2020-04-01T10:08:54Z,cart,2335,300,apparel.shoes,Nova,468.80,4774,sess-04635
2020-04-01T10:02:59Z,view,2388,210,electronics.audio,Acme,1188.53,2537,sess-18315
2020-04-01T10:03:00Z,view,9331,400,home.kitchen,Umbra,274.49,2965,sess-00598
2020-04-01T10:03:01Z,view,4145,400,home.kitchen,Acme,447.21,1856,sess-04508
2020-04-01T10:09:06Z,view,3147,300,apparel.shoes,Globex,275.36,4893,sess-12345
2020-04-01T10:06:06Z,view,1715,400,home.kitchen,Umbra,360.11,3366,sess-11938
2020-04-01T10:06:08Z,view,4833,400,home.kitchen,Globex,1213.89,4375,sess-07838
2020-04-01T10:06:10Z,view,8218,300,apparel.shoes,Globex,756.85,3783,sess-09234
2020-04-01T10:09:18Z,view,3267,210,electronics.audio,Acme,1311.80,2049,sess-01710
2020-04-01T10:03:07Z,view,5670,200,electronics.smartphone,Nova,1358.43,688,sess-05254
2020-04-01T10:06:16Z,cart,4637,200,electronics.smartphone,Umbra,625.27,3696,sess-11456
2020-04-01T10:03:09Z,view,7326,210,electronics.audio,Umbra,481.43,669,sess-12286
2020-04-01T10:03:10Z,cart,3254,210,electronics.audio,Nova,711.32,314,sess-09401
2020-04-01T10:09:33Z,view,1086,400,home.kitchen,Nova,1253.27,650,sess-00623
2020-04-01T10:09:36Z,view,5720,200,electronics.smartphone,Nova,361.47,1947,sess-09869
2020-04-01T10:09:39Z,view,2816,200,electronics.smartphone,Globex,949.77,4095,sess-19554
2020-04-01T10:06:28Z,view,5772,210,electronics.audio,Globex,364.64,3517,sess-00052
2020-04-01T10:09:45Z,purchase,9576,200,electronics.smartphone,Acme,818.40,2955,sess-02218
2020-04-01T10:03:16Z,purchase,8702,400,home.kitchen,Umbra,384.21,357,sess-12678
2020-04-01T10:06:34Z,view,6649,200,electronics.smartphone,Globex,1104.10,1976,sess-03397
2020-04-01T10:09:54Z,cart,6772,200,electronics.smartphone,Nova,266.76,4473,sess-11094
2020-04-01T10:03:19Z,view,3986,400,home.kitchen,Umbra,1415.69,1105,sess-02068
2020-04-01T10:06:40Z,view,1717,210,electronics.audio,Nova,468.56,1635,sess-01374
2020-04-01T10:10:03Z,view,1599,300,apparel.shoes,Umbra,1172.36,1566,sess-09376
2020-04-01T10:06:44Z,cart,3039,300,apparel.shoes,Umbra,1116.25,3015,sess-14319
2020-04-01T10:03:23Z,cart,9129,210,electronics.audio,Nova,781.32,4076,sess-12038
2020-04-01T10:03:24Z,view,8055,200,electronics.smartphone,Umbra,485.21,4936,sess-05914
2020-04-01T10:06:50Z,view,6021,300,apparel.shoes,Umbra,254.13,3653,sess-19747
2020-04-01T10:03:26Z,view,1693,400,home.kitchen,Acme,1470.14,2889,sess-14253
2020-04-01T10:10:21Z,purchase,6952,400,home.kitchen,Nova,218.46,4204,sess-05243
2020-04-01T10:06:56Z,view,3068,200,electronics.smartphone,Acme,552.66,551,sess-07734
2020-04-01T10:03:29Z,view,8371,210,electronics.audio,Umbra,119.94,3039,sess-12191
2020-04-01T10:03:30Z,purchase,6150,400,home.kitchen,Nova,43.74,2284,sess-08180
2020-04-01T10:10:33Z,view,2929,400,home.kitchen,Umbra,325.78,2145,sess-08530
2020-04-01T10:10:36Z,cart,4279,400,home.kitchen,Nova,680.80,1005,sess-04448
2020-04-01T10:07:06Z,view,6236,200,electronics.smartphone,Globex,439.09,2847,sess-02128
2020-04-01T10:03:34Z,view,6922,210,electronics.audio,Globex,305.47,4168,sess-07348
2020-04-01T10:10:45Z,view,1430,400,home.kitchen,Globex,703.77,2957,sess-18155
2020-04-01T10:10:48Z,purchase,2077,200,electronics.smartphone,Nova,1079.71,2534,sess-13047
2020-04-01T10:10:51Z,view,2208,400,home.kitchen,Umbra,677.71,1027,sess-10389
2020-04-01T10:03:38Z,view,3981,210,electronics.audio,Globex,1302.98,1058,sess-14177
2020-04-01T10:10:57Z,cart,3697,300,apparel.shoes,Umbra,342.08,1327,sess-10573
2020-04-01T10:11:00Z,view,5105,200,electronics.smartphone,Acme,939.41,1609,sess-18050
2020-04-01T10:03:41Z,view,3526,210,electronics.audio,Acme,1386.27,1403,sess-19830
2020-04-01T10:07:24Z,view,1744,200,electronics.smartphone,Acme,1151.60,4725,sess-08673
2020-04-01T10:11:09Z,view,9938,400,home.kitchen,Nova,1208.01,2373,sess-09900
2020-04-01T10:07:28Z,view,8430,300,apparel.shoes,Globex,626.35,598,sess-01964
2020-04-01T10:07:30Z,view,3353,300,apparel.shoes,Globex,1291.86,2561,sess-10464
2020-04-01T10:07:32Z,view,9437,300,apparel.shoes,Nova,702.38,4602,sess-03480
2020-04-01T10:11:21Z,view,3308,210,electronics.audio,Nova,579.30,794,sess-01659
2020-04-01T10:03:48Z,view,3616,210,electronics.audio,Nova,288.80,2683,sess-18930
2020-04-01T10:11:27Z,view,9171,400,home.kitchen,Nova,1418.12,2528,sess-16298
2020-04-01T10:11:30Z,view,4524,210,electronics.audio,Nova,425.63,4779,sess-11564
2020-04-01T10:11:33Z,view,9793,300,apparel.shoes,Umbra,1324.27,67,sess-03523
2020-04-01T10:07:44Z,view,6995,400,home.kitchen,Umbra,844.92,371,sess-13127
2020-04-01T10:11:39Z,view,7329,200,electronics.smartphone,Acme,423.18,4131,sess-14758
2020-04-01T10:07:48Z,view,2584,210,electronics.audio,Globex,511.93,3227,sess-12229
2020-04-01T10:11:45Z,view,9341,210,electronics.audio,Umbra,63.18,3289,sess-16387
2020-04-01T10:07:52Z,view,9508,400,home.kitchen,Umbra,775.68,3744,sess-04881
2020-04-01T10:11:51Z,view,7438,210,electronics.audio,Nova,1243.29,2452,sess-19456
2020-04-01T10:07:56Z,view,8780,300,apparel.shoes,Umbra,168.86,137,sess-12071
2020-04-01T10:11:57Z,view,8775,200,electronics.smartphone,Nova,1083.49,2176,sess-18956
2020-04-01T10:12:00Z,cart,9589,210,electronics.audio,Acme,367.08,3115,sess-04843
2020-04-01T10:04:01Z,view,1310,210,electronics.audio,Nova,622.38,3613,sess-10280
2020-04-01T10:12:06Z,view,2020,400,home.kitchen,Nova,490.95,1132,sess-16997
2020-04-01T10:08:06Z,cart,6140,400,home.kitchen,Umbra,516.78,1419,sess-15063
2020-04-01T10:08:08Z,view,4150,400,home.kitchen,Umbra,341.18,2020,sess-09143
2020-04-01T10:12:15Z,view,9011,210,electronics.audio,Umbra,1400.88,2598,sess-15723
2020-04-01T10:08:12Z,view,2996,300,apparel.shoes,Globex,1470.34,4698,sess-17800
2020-04-01T10:08:14Z,view,1689,300,apparel.shoes,Nova,666.35,2357,sess-02590
2020-04-01T10:04:08Z,cart,4310,210,electronics.audio,Acme,1045.78,4413,sess-08885
2020-04-01T10:04:09Z,view,4972,210,electronics.audio,Nova,353.09,416,sess-17402
2020-04-01T10:04:10Z,view,8739,300,apparel.shoes,Nova,827.78,824,sess-04505
2020-04-01T10:04:11Z,view,8822,400,home.kitchen,Globex,970.62,1634,sess-09413
2020-04-01T10:08:24Z,cart,3868,200,electronics.smartphone,Nova,59.33,3424,sess-05761
2020-04-01T10:08:26Z,view,5742,210,electronics.audio,Umbra,906.16,307,sess-00304
2020-04-01T10:12:42Z,cart,9901,400,home.kitchen,Nova,205.63,4296,sess-16185
2020-04-01T10:08:30Z,view,4159,300,apparel.shoes,Globex,691.08,923,sess-10836
2020-04-01T10:12:48Z,view,6523,200,electronics.smartphone,Nova,293.78,2417,sess-18606
2020-04-01T10:04:17Z,view,9442,400,home.kitchen,Nova,147.60,2687,sess-02843
2020-04-01T10:08:36Z,view,5064,300,apparel.shoes,Umbra,672.87,56,sess-08546
2020-04-01T10:04:19Z,view,1187,300,apparel.shoes,Nova,97.88,2143,sess-11782
2020-04-01T10:08:40Z,cart,3616,300,apparel.shoes,Acme,1332.26,3322,sess-16467
2020-04-01T10:08:42Z,purchase,7021,300,apparel.shoes,Umbra,719.88,1810,sess-07181
2020-04-01T10:04:22Z,cart,9998,400,home.kitchen,Acme,1239.28,3858,sess-17614
2020-04-01T10:13:09Z,cart,9653,400,home.kitchen,Globex,172.75,2964,sess-02560
2020-04-01T10:13:12Z,view,3695,210,electronics.audio,Nova,1022.04,2688,sess-17051
2020-04-01T10:08:50Z,view,9361,200,electronics.smartphone,Acme,772.31,3650,sess-01824
2020-04-01T10:04:26Z,view,6049,400,home.kitchen,Acme,9.51,179,sess-12975
2020-04-01T10:04:27Z,view,7941,200,electronics.smartphone,Nova,95.08,2823,sess-02090
2020-04-01T10:13:24Z,view,5703,200,electronics.smartphone,Nova,1149.91,3350,sess-05898
2020-04-01T10:13:27Z,view,7266,300,apparel.shoes,Globex,1025.68,3675,sess-12370
2020-04-01T10:04:30Z,view,2943,300,apparel.shoes,Acme,195.38,1463,sess-17605
2020-04-01T10:04:31Z,view,5888,200,electronics.smartphone,Globex,572.02,3793,sess-17841
2020-04-01T10:04:32Z,view,6671,400,home.kitchen,Acme,1313.44,1271,sess-09033
2020-04-01T10:09:06Z,view,1256,400,home.kitchen,Acme,892.95,1972,sess-06753
2020-04-01T10:04:34Z,view,1724,210,electronics.audio,Globex,329.82,3296,sess-14384
2020-04-01T10:09:10Z,view,4836,300,apparel.shoes,Globex,1159.94,4720,sess-10450
2020-04-01T10:13:48Z,view,3347,300,apparel.shoes,Globex,416.36,4271,sess-07244
2020-04-01T10:13:51Z,cart,9120,400,home.kitchen,Umbra,1008.66,385,sess-11286
2020-04-01T10:09:16Z,view,7688,400,home.kitchen,Globex,1132.85,1223,sess-09827
2020-04-01T10:09:18Z,cart,5927,210,electronics.audio,Globex,845.77,1183,sess-15173
2020-04-01T10:09:20Z,view,4978,400,home.kitchen,Umbra,123.21,2089,sess-06663
2020-04-01T10:14:03Z,view,9775,200,electronics.smartphone,Acme,1012.14,1561,sess-01689
2020-04-01T10:09:24Z,view,4082,200,electronics.smartphone,Umbra,317.29,4814,sess-18313
2020-04-01T10:04:43Z,view,4470,200,electronics.smartphone,Globex,1132.72,1557,sess-03845
2020-04-01T10:14:12Z,view,4921,400,home.kitchen,Umbra,574.09,4523,sess-10539
2020-04-01T10:14:15Z,cart,5285,300,apparel.shoes,Nova,701.68,2947,sess-16804
2020-04-01T10:04:46Z,view,4328,300,apparel.shoes,Globex,845.97,3037,sess-10254
2020-04-01T10:04:47Z,view,5272,200,electronics.smartphone,Globex,629.28,4533,sess-19138
2020-04-01T10:14:24Z,cart,4768,300,apparel.shoes,Umbra,751.46,3112,sess-18671
2020-04-01T10:04:49Z,view,9005,300,apparel.shoes,Globex,1193.49,4019,sess-15101
2020-04-01T10:04:50Z,view,4015,400,home.kitchen,Acme,1259.41,4442,sess-01925
2020-04-01T10:04:51Z,view,7756,200,electronics.smartphone,Nova,230.79,1127,sess-07584
2020-04-01T10:09:44Z,view,1990,300,apparel.shoes,Acme,800.66,3959,sess-15987
2020-04-01T10:14:39Z,purchase,9673,200,electronics.smartphone,Nova,30.63,2251,sess-17556
2020-04-01T10:14:42Z,view,2753,210,electronics.audio,Umbra,291.94,790,sess-17184
2020-04-01T10:14:45Z,view,5379,300,apparel.shoes,Globex,612.01,3252,sess-02590
2020-04-01T10:14:48Z,view,5914,210,electronics.audio,Nova,572.00,661,sess-01039
2020-04-01T10:09:54Z,view,1154,200,electronics.smartphone,Acme,653.69,1404,sess-02710
2020-04-01T10:04:58Z,view,4764,200,electronics.smartphone,Umbra,74.61,1732,sess-18573
2020-04-01T10:14:57Z,purchase,3938,200,electronics.smartphone,Nova,882.62,2577,sess-00514
2020-04-01T10:10:00Z,view,5903,200,electronics.smartphone,Umbra,1252.80,1331,sess-18480
2020-04-01T10:05:01Z,view,3292,400,home.kitchen,Nova,522.06,643,sess-16410
2020-04-01T10:10:04Z,view,2245,210,electronics.audio,Umbra,1432.51,2791,sess-19831
2020-04-01T10:10:06Z,view,5478,200,electronics.smartphone,Nova,831.79,3691,sess-16077
2020-04-01T10:05:04Z,view,7227,210,electronics.audio,Umbra,1071.10,703,sess-09679
2020-04-01T10:05:05Z,view,7225,210,electronics.audio,Umbra,164.29,1264,sess-12768
2020-04-01T10:10:12Z,view,6896,400,home.kitchen,Nova,285.15,2210,sess-03350
2020-04-01T10:10:14Z,view,1430,200,electronics.smartphone,Nova,897.40,735,sess-11598
2020-04-01T10:15:24Z,view,5781,200,electronics.smartphone,Globex,1088.64,3390,sess-12708
2020-04-01T10:05:09Z,view,7237,210,electronics.audio,Acme,406.27,1389,sess-04550
2020-04-01T10:10:20Z,view,8121,210,electronics.audio,Umbra,1175.09,2261,sess-13799
2020-04-01T10:05:11Z,view,9123,210,electronics.audio,Nova,207.56,4865,sess-06408
2020-04-01T10:15:36Z,view,7224,300,apparel.shoes,Globex,1224.14,2700,sess-14426
2020-04-01T10:10:26Z,view,6253,300,apparel.shoes,Umbra,270.57,4942,sess-06582
2020-04-01T10:10:28Z,view,9044,300,apparel.shoes,Umbra,424.05,4718,sess-07944
2020-04-01T10:05:15Z,view,4273,200,electronics.smartphone,Nova,1152.59,4852,sess-17880
2020-04-01T10:10:32Z,cart,8183,210,electronics.audio,Nova,1194.51,2387,sess-02267
2020-04-01T10:10:34Z,view,5961,210,electronics.audio,Acme,1074.28,1983,sess-08280
2020-04-01T10:15:54Z,view,8851,400,home.kitchen,Nova,1385.63,4770,sess-13134
2020-04-01T10:05:19Z,view,6890,200,electronics.smartphone,Umbra,132.05,4399,sess-19459
2020-04-01T10:10:40Z,purchase,1725,210,electronics.audio,Acme,500.74,4614,sess-13095
2020-04-01T10:16:03Z,view,2615,200,electronics.smartphone,Globex,780.60,2120,sess-07275
2020-04-01T10:16:06Z,view,7129,400,home.kitchen,Globex,884.94,3205,sess-15174
2020-04-01T10:05:23Z,view,1402,300,apparel.shoes,Acme,1381.22,3955,sess-03426
2020-04-01T10:10:48Z,view,6707,210,electronics.audio,Umbra,314.27,2556,sess-11242
2020-04-01T10:16:15Z,view,2599,400,home.kitchen,Acme,453.89,3590,sess-14826
2020-04-01T10:16:18Z,cart,6620,200,electronics.smartphone,Globex,1112.03,896,sess-05386
2020-04-01T10:10:54Z,purchase,6422,210,electronics.audio,Globex,351.62,4587,sess-13972
2020-04-01T10:10:56Z,view,8080,210,electronics.audio,Nova,1325.23,3241,sess-00957
2020-04-01T10:05:29Z,view,1072,400,home.kitchen,Acme,1057.12,1760,sess-06744
2020-04-01T10:11:00Z,view,6993,210,electronics.audio,Umbra,397.22,2671,sess-06458
2020-04-01T10:16:33Z,view,7431,400,home.kitchen,Globex,1269.05,4809,sess-03744
2020-04-01T10:05:32Z,view,2388,300,apparel.shoes,Umbra,461.54,1098,sess-10263
2020-04-01T10:11:06Z,view,9369,210,electronics.audio,Globex,864.34,3183,sess-13705
2020-04-01T10:05:34Z,view,9804,400,home.kitchen,Umbra,436.81,1420,sess-18184
2020-04-01T10:11:10Z,view,1878,400,home.kitchen,Nova,296.72,2942,sess-00315
2020-04-01T10:05:36Z,view,9056,400,home.kitchen,Globex,128.59,3405,sess-14545
2020-04-01T10:11:14Z,view,1535,300,apparel.shoes,Nova,256.47,2252,sess-07368
2020-04-01T10:05:38Z,cart,2871,200,electronics.smartphone,Nova,553.46,2195,sess-17797
2020-04-01T10:11:18Z,view,7965,210,electronics.audio,Umbra,1498.97,839,sess-08112
2020-04-01T10:17:00Z,view,2425,300,apparel.shoes,Umbra,359.23,3597,sess-03847
2020-04-01T10:17:03Z,cart,3719,400,home.kitchen,Umbra,1209.13,1141,sess-06771
2020-04-01T10:17:06Z,purchase,9827,300,apparel.shoes,Umbra,442.49,1380,sess-10606
2020-04-01T10:05:43Z,purchase,3221,200,electronics.smartphone,Globex,1301.24,3372,sess-01943
2020-04-01T10:11:28Z,view,3396,210,electronics.audio,Globex,1015.97,2639,sess-08112
2020-04-01T10:05:45Z,view,7786,300,apparel.shoes,Nova,1192.92,3074,sess-14811
2020-04-01T10:17:18Z,view,7046,300,apparel.shoes,Acme,8.70,3725,sess-15993
2020-04-01T10:05:47Z,view,6869,400,home.kitchen,Nova,1452.35,519,sess-17513
2020-04-01T10:11:36Z,view,6289,300,apparel.shoes,Umbra,200.24,2324,sess-11068
2020-04-01T10:05:49Z,view,1752,200,electronics.smartphone,Nova,1394.50,816,sess-15060
2020-04-01T10:17:30Z,purchase,1011,400,home.kitchen,Umbra,1364.56,3505,sess-06630
2020-04-01T10:17:33Z,view,5489,210,electronics.audio,Globex,560.91,765,sess-11811
2020-04-01T10:05:52Z,view,7493,200,electronics.smartphone,Acme,141.34,2503,sess-07673
2020-04-01T10:11:46Z,view,8812,210,electronics.audio,Acme,781.57,639,sess-04349
2020-04-01T10:05:54Z,view,6629,200,electronics.smartphone,Nova,719.16,988,sess-13839
2020-04-01T10:11:50Z,view,2678,200,electronics.smartphone,Globex,452.39,846,sess-10268
2020-04-01T10:11:52Z,view,2120,210,electronics.audio,Umbra,976.78,4346,sess-18458
2020-04-01T10:05:57Z,cart,3480,210,electronics.audio,Globex,134.60,3373,sess-14497
2020-04-01T10:11:56Z,view,7291,200,electronics.smartphone,Acme,214.05,2880,sess-14071
2020-04-01T10:05:59Z,view,5668,210,electronics.audio,Nova,912.36,220,sess-09885
2020-04-01T10:18:00Z,view,1894,300,apparel.shoes,Acme,365.42,1961,sess-16217
2020-04-01T10:12:02Z,view,6916,200,electronics.smartphone,Umbra,1259.27,2593,sess-04325
2020-04-01T10:06:02Z,view,8717,210,electronics.audio,Acme,25.62,598,sess-00547
2020-04-01T10:12:06Z,view,7520,200,electronics.smartphone,Nova,754.07,4151,sess-09388
2020-04-01T10:12:08Z,view,2350,400,home.kitchen,Acme,419.81,4396,sess-17618
2020-04-01T10:18:15Z,view,3545,210,electronics.audio,Acme,953.27,4395,sess-10707
2020-04-01T10:06:06Z,view,8167,300,apparel.shoes,Nova,1387.32,1955,sess-01898
2020-04-01T10:06:07Z,view,6067,200,electronics.smartphone,Globex,210.13,1439,sess-03914
2020-04-01T10:06:08Z,view,6680,400,home.kitchen,Umbra,1082.54,4285,sess-16949
2020-04-01T10:18:27Z,view,5403,210,electronics.audio,Acme,646.84,968,sess-00962
2020-04-01T10:18:30Z,view,2262,300,apparel.shoes,Globex,87.88,4065,sess-14916
2020-04-01T10:06:11Z,cart,3577,300,apparel.shoes,Globex,1012.81,2090,sess-03372
2020-04-01T10:06:12Z,view,1721,200,electronics.smartphone,Globex,549.14,101,sess-08014
2020-04-01T10:12:26Z,view,7870,200,electronics.smartphone,Umbra,1374.20,1840,sess-10545
2020-04-01T10:06:14Z,view,7108,200,electronics.smartphone,Acme,83.74,979,sess-16451
2020-04-01T10:06:15Z,view,2129,400,home.kitchen,Nova,469.49,3811,sess-09251
2020-04-01T10:18:48Z,view,7044,200,electronics.smartphone,Globex,459.34,1644,sess-09555
2020-04-01T10:18:51Z,purchase,7033,400,home.kitchen,Globex,1164.95,4848,sess-16167
2020-04-01T10:18:54Z,view,1104,210,electronics.audio,Acme,522.90,3360,sess-00784
2020-04-01T10:06:19Z,view,1023,300,apparel.shoes,Nova,797.07,3083,sess-10077
2020-04-01T10:19:00Z,view,1981,400,home.kitchen,Nova,1382.31,1167,sess-09170
2020-04-01T10:12:42Z,view,8511,300,apparel.shoes,Acme,204.60,696,sess-19031
2020-04-01T10:12:44Z,view,8126,200,electronics.smartphone,Umbra,1277.12,1071,sess-07759
2020-04-01T10:19:09Z,view,8417,300,apparel.shoes,Acme,308.06,2228,sess-07655
2020-04-01T10:19:12Z,view,2731,210,electronics.audio,Umbra,612.74,1347,sess-14732
2020-04-01T10:06:25Z,view,8404,210,electronics.audio,Umbra,184.27,2526,sess-15183
2020-04-01T10:12:52Z,view,4522,200,electronics.smartphone,Nova,376.09,2686,sess-04861
2020-04-01T10:12:54Z,view,5896,200,electronics.smartphone,Globex,609.57,2132,sess-05698
2020-04-01T10:06:28Z,view,8570,200,electronics.smartphone,Globex,97.20,835,sess-04581
2020-04-01T10:06:29Z,view,7563,210,electronics.audio,Acme,391.94,3050,sess-02754
2020-04-01T10:13:00Z,view,4239,200,electronics.smartphone,Acme,1271.68,3633,sess-04221
2020-04-01T10:19:33Z,cart,8552,200,electronics.smartphone,Nova,652.57,415,sess-05505
2020-04-01T10:06:32Z,view,1483,400,home.kitchen,Umbra,326.00,3136,sess-13981
2020-04-01T10:19:39Z,view,8307,300,apparel.shoes,Umbra,927.38,1218,sess-01136
2020-04-01T10:06:34Z,view,7750,400,home.kitchen,Nova,423.27,4512,sess-15697
2020-04-01T10:19:45Z,view,9614,210,electronics.audio,Umbra,1484.16,2042,sess-17815
2020-04-01T10:13:12Z,cart,9921,400,home.kitchen,Umbra,756.08,3971,sess-11274
2020-04-01T10:13:14Z,view,1427,210,electronics.audio,Acme,1344.17,2613,sess-19567
2020-04-01T10:06:38Z,purchase,9674,400,home.kitchen,Globex,1461.10,2929,sess-19137
2020-04-01T10:19:57Z,view,5366,210,electronics.audio,Nova,1421.96,4372,sess-01833
2020-04-01T10:20:00Z,view,3846,300,apparel.shoes,Umbra,1210.28,1443,sess-07752
2020-04-01T10:13:22Z,view,6761,200,electronics.smartphone,Umbra,1422.81,4651,sess-18469
2020-04-01T10:06:42Z,view,9035,210,electronics.audio,Nova,904.49,311,sess-02958
2020-04-01T10:13:26Z,view,6435,200,electronics.smartphone,Acme,270.30,1651,sess-04276
2020-04-01T10:13:28Z,view,3420,200,electronics.smartphone,Acme,1270.49,4806,sess-04642
2020-04-01T10:06:45Z,view,7481,300,apparel.shoes,Nova,487.29,4801,sess-03311
2020-04-01T10:13:32Z,view,6198,400,home.kitchen,Globex,1393.62,1428,sess-18415
2020-04-01T10:20:21Z,view,7199,210,electronics.audio,Nova,1094.60,2514,sess-09651
2020-04-01T10:06:48Z,cart,3983,200,electronics.smartphone,Acme,1451.46,4935,sess-10428
2020-04-01T10:06:49Z,view,3304,400,home.kitchen,Acme,1473.66,2713,sess-02550
2020-04-01T10:13:40Z,view,8317,300,apparel.shoes,Umbra,1041.30,94,sess-08691
2020-04-01T10:06:51Z,view,1020,200,electronics.smartphone,Nova,632.38,395,sess-12647
2020-04-01T10:20:36Z,view,7204,400,home.kitchen,Globex,1244.07,2878,sess-17893
2020-04-01T10:06:53Z,view,8393,210,electronics.audio,Acme,481.48,604,sess-01095
2020-04-01T10:06:54Z,view,3787,300,apparel.shoes,Umbra,822.83,3076,sess-05273
2020-04-01T10:06:55Z,view,1507,400,home.kitchen,Acme,654.13,3534,sess-05407
2020-04-01T10:20:48Z,view,4367,300,apparel.shoes,Umbra,1084.45,1557,sess-13412
2020-04-01T10:13:54Z,view,5872,300,apparel.shoes,Globex,859.80,1946,sess-03143
2020-04-01T10:20:54Z,view,6911,200,electronics.smartphone,Nova,1236.73,32,sess-14012
2020-04-01T10:06:59Z,view,2589,210,electronics.audio,Nova,441.26,211,sess-06782
2020-04-01T10:07:00Z,view,6052,200,electronics.smartphone,Nova,993.25,3257,sess-15432
2020-04-01T10:14:02Z,view,7078,210,electronics.audio,Nova,71.70,3125,sess-12105
2020-04-01T10:21:06Z,view,4706,300,apparel.shoes,Acme,1129.59,2201,sess-18490
2020-04-01T10:21:09Z,purchase,6632,200,electronics.smartphone,Acme,886.64,4436,sess-13566
2020-04-01T10:21:12Z,view,9561,400,home.kitchen,Globex,1404.86,3430,sess-17548
2020-04-01T10:21:15Z,cart,5896,400,home.kitchen,Globex,1072.89,647,sess-12937
2020-04-01T10:07:06Z,purchase,8357,200,electronics.smartphone,Acme,1213.65,1417,sess-05478
2020-04-01T10:21:21Z,purchase,2283,400,home.kitchen,Umbra,942.70,3567,sess-06617
2020-04-01T10:14:16Z,view,2097,300,apparel.shoes,Nova,830.32,713,sess-12718
2020-04-01T10:21:27Z,view,9561,200,electronics.smartphone,Acme,226.56,3438,sess-03688
2020-04-01T10:14:20Z,cart,2654,200,electronics.smartphone,Nova,1317.45,2344,sess-17552
2020-04-01T10:21:33Z,view,8750,400,home.kitchen,Nova,220.06,307,sess-05643
2020-04-01T10:14:24Z,view,7484,200,electronics.smartphone,Umbra,715.45,2716,sess-07785
2020-04-01T10:21:39Z,view,6535,200,electronics.smartphone,Acme,739.97,2483,sess-10190
2020-04-01T10:21:42Z,view,3201,210,electronics.audio,Nova,484.70,2462,sess-14520
2020-04-01T10:14:30Z,cart,4079,200,electronics.smartphone,Umbra,613.72,3619,sess-06927
2020-04-01T10:07:16Z,view,9442,200,electronics.smartphone,Acme,762.66,1303,sess-02151
2020-04-01T10:14:34Z,view,4158,210,electronics.audio,Globex,687.39,1645,sess-01889
2020-04-01T10:21:54Z,view,7035,300,apparel.shoes,Acme,1384.99,3803,sess-16552
2020-04-01T10:14:38Z,view,7102,210,electronics.audio,Umbra,1440.98,4005,sess-19466
2020-04-01T10:07:20Z,view,3679,300,apparel.shoes,Globex,582.92,2119,sess-02962
2020-04-01T10:22:03Z,view,4688,210,electronics.audio,Acme,772.36,1694,sess-08818
2020-04-01T10:22:06Z,cart,3167,400,home.kitchen,Umbra,339.54,1419,sess-19699
2020-04-01T10:14:46Z,view,7943,300,apparel.shoes,Nova,331.22,3085,sess-11427
2020-04-01T10:14:48Z,view,1120,200,electronics.smartphone,Umbra,892.69,4191,sess-12263
2020-04-01T10:14:50Z,purchase,8892,200,electronics.smartphone,Umbra,962.69,523,sess-11020
2020-04-01T10:22:18Z,view,4086,300,apparel.shoes,Nova,1350.03,1229,sess-16951
2020-04-01T10:14:54Z,purchase,3292,300,apparel.shoes,Nova,392.84,209,sess-16298
2020-04-01T10:22:24Z,cart,1578,400,home.kitchen,Globex,518.03,4777,sess-18745
2020-04-01T10:22:27Z,cart,6873,400,home.kitchen,Globex,1261.75,4156,sess-09837
2020-04-01T10:22:30Z,view,2599,300,apparel.shoes,Globex,1089.15,3857,sess-04193
2020-04-01T10:15:02Z,view,2463,300,apparel.shoes,Umbra,1307.79,1821,sess-11642
2020-04-01T10:07:32Z,view,5269,300,apparel.shoes,Acme,181.08,4797,sess-09636
2020-04-01T10:15:06Z,cart,4187,400,home.kitchen,Nova,575.60,4100,sess-03927
2020-04-01T10:15:08Z,view,3470,200,electronics.smartphone,Globex,1480.85,1126,sess-06564
2020-04-01T10:15:10Z,view,3954,300,apparel.shoes,Acme,1480.03,663,sess-15978
2020-04-01T10:07:36Z,view,8406,200,electronics.smartphone,Nova,257.07,2241,sess-06862
2020-04-01T10:15:14Z,view,3120,200,electronics.smartphone,Acme,1448.17,3553,sess-14071
2020-04-01T10:22:54Z,purchase,9745,200,electronics.smartphone,Globex,1338.55,1634,sess-12226
2020-04-01T10:07:39Z,view,1067,200,electronics.smartphone,Acme,519.80,2039,sess-07415
2020-04-01T10:15:20Z,view,9246,400,home.kitchen,Umbra,1236.65,4823,sess-10031
2020-04-01T10:07:41Z,view,9524,400,home.kitchen,Umbra,1332.52,4886,sess-17175
2020-04-01T10:15:24Z,cart,6885,400,home.kitchen,Acme,1377.72,1544,sess-05403
2020-04-01T10:07:43Z,view,4675,210,electronics.audio,Acme,886.59,1075,sess-06921
2020-04-01T10:23:12Z,view,1612,300,apparel.shoes,Acme,936.59,3074,sess-08382
2020-04-01T10:23:15Z,view,1323,200,electronics.smartphone,Umbra,573.48,396,sess-03795
2020-04-01T10:23:18Z,view,3508,400,home.kitchen,Umbra,994.19,1684,sess-00305
2020-04-01T10:07:47Z,view,7862,210,electronics.audio,Acme,181.01,860,sess-16764
2020-04-01T10:07:48Z,view,4254,400,home.kitchen,Umbra,1248.09,4989,sess-06546
2020-04-01T10:23:27Z,view,5839,400,home.kitchen,Nova,1365.98,1314,sess-01292
2020-04-01T10:23:30Z,view,4842,300,apparel.shoes,Nova,1360.79,23,sess-00418
2020-04-01T10:15:42Z,view,2475,210,electronics.audio,Globex,156.43,4192,sess-02460
2020-04-01T10:07:52Z,view,5850,400,home.kitchen,Umbra,1220.70,2164,sess-15214
2020-04-01T10:07:53Z,view,6123,300,apparel.shoes,Acme,1138.51,3490,sess-03798
2020-04-01T10:15:48Z,cart,3793,210,electronics.audio,Acme,1432.86,2693,sess-11716
2020-04-01T10:15:50Z,view,6615,300,apparel.shoes,Nova,1443.65,1499,sess-03731
2020-04-01T10:07:56Z,view,7909,400,home.kitchen,Acme,1090.98,1367,sess-03705
2020-04-01T10:15:54Z,view,8908,400,home.kitchen,Acme,572.73,4661,sess-14358
2020-04-01T10:07:58Z,cart,8914,210,electronics.audio,Umbra,663.83,3999,sess-03701
2020-04-01T10:23:57Z,view,1202,300,apparel.shoes,Umbra,339.86,4300,sess-18896
2020-04-01T10:16:00Z,view,8091,200,electronics.smartphone,Globex,1016.06,2037,sess-15792
2020-04-01T10:08:01Z,cart,1190,200,electronics.smartphone,Acme,1278.55,1286,sess-16567
2020-04-01T10:08:02Z,purchase,6253,400,home.kitchen,Nova,80.27,1974,sess-10843
2020-04-01T10:08:03Z,view,4850,400,home.kitchen,Nova,861.69,646,sess-15044
2020-04-01T10:16:08Z,view,6178,400,home.kitchen,Nova,31.56,973,sess-16298
2020-04-01T10:24:15Z,view,9996,200,electronics.smartphone,Umbra,1444.94,2,sess-02979
2020-04-01T10:16:12Z,cart,8474,210,electronics.audio,Umbra,1225.80,2793,sess-11907
2020-04-01T10:08:07Z,view,6952,400,home.kitchen,Umbra,990.07,3708,sess-03737
2020-04-01T10:08:08Z,view,5783,300,apparel.shoes,Nova,163.95,4487,sess-17105
2020-04-01T10:16:18Z,view,7704,210,electronics.audio,Globex,285.38,877,sess-08333
2020-04-01T10:24:30Z,view,4122,400,home.kitchen,Acme,74.52,2769,sess-03532
2020-04-01T10:24:33Z,view,8493,400,home.kitchen,Acme,750.75,4828,sess-16522
2020-04-01T10:08:12Z,view,8912,400,home.kitchen,Acme,264.61,4165,sess-05807
2020-04-01T10:24:39Z,view,6273,400,home.kitchen,Globex,915.45,4130,sess-12605
2020-04-01T10:16:28Z,view,7518,300,apparel.shoes,Umbra,204.39,2809,sess-09640
2020-04-01T10:16:30Z,view,4560,300,apparel.shoes,Globex,439.42,1646,sess-06872
2020-04-01T10:24:48Z,view,9255,210,electronics.audio,Nova,1142.36,4445,sess-10564
2020-04-01T10:08:17Z,cart,9747,400,home.kitchen,Nova,786.48,2343,sess-13841
2020-04-01T10:16:36Z,view,1869,210,electronics.audio,Umbra,1179.37,464,sess-06551
2020-04-01T10:16:38Z,view,2016,210,electronics.audio,Acme,53.30,2418,sess-06685
2020-04-01T10:16:40Z,view,7371,210,electronics.audio,Acme,1199.24,1947,sess-16742
2020-04-01T10:25:03Z,purchase,7349,400,home.kitchen,Umbra,85.43,3413,sess-10246
2020-04-01T10:25:06Z,view,8259,210,electronics.audio,Globex,822.19,1848,sess-12051
2020-04-01T10:08:23Z,purchase,5819,210,electronics.audio,Acme,116.33,3677,sess-05814
2020-04-01T10:25:12Z,view,1665,400,home.kitchen,Umbra,199.45,3511,sess-09146
2020-04-01T10:25:15Z,view,6415,200,electronics.smartphone,Acme,1393.30,3821,sess-05073
2020-04-01T10:16:52Z,view,9037,300,apparel.shoes,Globex,1177.13,4692,sess-18028
2020-04-01T10:16:54Z,view,9529,210,electronics.audio,Acme,816.90,559,sess-16553
2020-04-01T10:25:24Z,view,4624,300,apparel.shoes,Nova,443.89,1748,sess-10876
2020-04-01T10:25:27Z,view,2879,200,electronics.smartphone,Globex,965.19,2835,sess-14604
2020-04-01T10:17:00Z,view,6258,200,electronics.smartphone,Acme,812.65,3125,sess-03716
2020-04-01T10:25:33Z,view,9426,300,apparel.shoes,Globex,448.17,4168,sess-14601
2020-04-01T10:25:36Z,view,9419,300,apparel.shoes,Acme,1434.63,675,sess-03145
2020-04-01T10:25:39Z,cart,4453,200,electronics.smartphone,Nova,312.34,1747,sess-13901
2020-04-01T10:08:34Z,view,3519,200,electronics.smartphone,Acme,61.64,195,sess-15048
2020-04-01T10:17:10Z,view,5127,210,electronics.audio,Nova,345.33,4572,sess-02309
2020-04-01T10:08:36Z,view,8391,400,home.kitchen,Acme,587.31,3314,sess-14190
2020-04-01T10:25:51Z,cart,1745,200,electronics.smartphone,Umbra,163.67,595,sess-11722
2020-04-01T10:17:16Z,view,5612,200,electronics.smartphone,Globex,992.78,3586,sess-12499
2020-04-01T10:17:18Z,view,3234,210,electronics.audio,Umbra,952.90,3204,sess-17883
2020-04-01T10:26:00Z,view,3316,200,electronics.smartphone,Acme,897.00,1010,sess-01369
2020-04-01T10:26:03Z,view,4441,300,apparel.shoes,Globex,970.67,2817,sess-06939
2020-04-01T10:26:06Z,view,4014,210,electronics.audio,Acme,276.13,1809,sess-08282
2020-04-01T10:26:09Z,view,2198,400,home.kitchen,Nova,300.14,2382,sess-02208
2020-04-01T10:08:44Z,view,6851,300,apparel.shoes,Umbra,931.18,1051,sess-07686
2020-04-01T10:26:15Z,view,8383,400,home.kitchen,Umbra,232.83,2690,sess-10017
2020-04-01T10:26:18Z,view,8017,300,apparel.shoes,Nova,1179.56,1382,sess-00159
2020-04-01T10:17:34Z,cart,6889,300,apparel.shoes,Umbra,696.96,1101,sess-10865
2020-04-01T10:08:48Z,view,2783,400,home.kitchen,Globex,424.52,1440,sess-19878
2020-04-01T10:26:27Z,cart,2252,300,apparel.shoes,Nova,949.28,618,sess-00611
2020-04-01T10:17:40Z,view,1600,210,electronics.audio,Globex,1498.10,4519,sess-08540
2020-04-01T10:17:42Z,view,7430,300,apparel.shoes,Acme,440.04,1830,sess-19321
2020-04-01T10:26:36Z,view,6961,400,home.kitchen,Globex,1272.73,4114,sess-00348
2020-04-01T10:08:53Z,view,8310,210,electronics.audio,Nova,850.89,1305,sess-05871
2020-04-01T10:08:54Z,view,1662,300,apparel.shoes,Acme,400.21,1793,sess-15980
2020-04-01T10:08:55Z,view,9485,210,electronics.audio,Acme,684.69,2960,sess-12718
2020-04-01T10:26:48Z,cart,2691,300,apparel.shoes,Globex,398.66,4272,sess-08962
2020-04-01T10:26:51Z,view,7201,400,home.kitchen,Umbra,1254.03,2993,sess-19258
2020-04-01T10:17:56Z,view,4651,400,home.kitchen,Nova,1302.24,4231,sess-13299
2020-04-01T10:26:57Z,view,9222,200,electronics.smartphone,Umbra,120.25,1139,sess-14415
2020-04-01T10:09:00Z,view,3461,210,electronics.audio,Globex,1077.37,1532,sess-05157
2020-04-01T10:27:03Z,view,6410,400,home.kitchen,Globex,721.14,929,sess-15779
2020-04-01T10:09:02Z,view,1367,400,home.kitchen,Acme,890.56,1997,sess-01414
2020-04-01T10:18:06Z,cart,1916,210,electronics.audio,Acme,777.38,1363,sess-08463
2020-04-01T10:18:08Z,view,2404,300,apparel.shoes,Globex,709.76,1775,sess-14720
2020-04-01T10:09:05Z,view,7730,210,electronics.audio,Umbra,1231.58,4923,sess-04677
2020-04-01T10:18:12Z,view,6614,210,electronics.audio,Globex,348.57,3715,sess-19548
2020-04-01T10:18:14Z,cart,1271,200,electronics.smartphone,Globex,759.02,1658,sess-17129
2020-04-01T10:27:24Z,view,3906,200,electronics.smartphone,Acme,1176.88,3899,sess-19655
2020-04-01T10:27:27Z,view,8901,200,electronics.smartphone,Nova,6.79,1068,sess-19775
2020-04-01T10:18:20Z,view,7068,400,home.kitchen,Nova,1407.94,356,sess-17362
2020-04-01T10:09:11Z,view,2600,300,apparel.shoes,Umbra,1149.96,3486,sess-04388
2020-04-01T10:27:36Z,view,5223,400,home.kitchen,Acme,1185.19,1549,sess-00180
2020-04-01T10:18:26Z,view,7144,200,electronics.smartphone,Umbra,164.34,1683,sess-10352
2020-04-01T10:27:42Z,view,9783,300,apparel.shoes,Nova,416.96,3470,sess-18504
2020-04-01T10:27:45Z,view,7770,210,electronics.audio,Nova,558.47,4523,sess-18271
2020-04-01T10:09:16Z,view,6024,300,apparel.shoes,Acme,600.20,4733,sess-11284
2020-04-01T10:18:34Z,view,8317,210,electronics.audio,Acme,603.84,1326,sess-03286
2020-04-01T10:27:54Z,cart,7375,210,electronics.audio,Nova,710.14,44,sess-02985
2020-04-01T10:27:57Z,view,2049,200,electronics.smartphone,Nova,915.50,2156,sess-07267
2020-04-01T10:09:20Z,view,9536,400,home.kitchen,Nova,1161.54,2347,sess-19578
2020-04-01T10:28:03Z,view,1175,400,home.kitchen,Globex,55.25,1653,sess-16979
2020-04-01T10:09:22Z,view,1590,210,electronics.audio,Umbra,1463.59,2947,sess-07840
2020-04-01T10:28:09Z,view,6785,400,home.kitchen,Acme,779.03,3238,sess-13286
2020-04-01T10:18:48Z,view,5661,200,electronics.smartphone,Globex,1445.12,4581,sess-19102
2020-04-01T10:28:15Z,view,8450,210,electronics.audio,Acme,266.68,3310,sess-18839
2020-04-01T10:18:52Z,cart,9243,200,electronics.smartphone,Umbra,1205.40,2411,sess-11141
2020-04-01T10:18:54Z,view,7178,400,home.kitchen,Nova,1137.42,4614,sess-15848
2020-04-01T10:09:28Z,view,8896,200,electronics.smartphone,Globex,952.32,953,sess-08449
2020-04-01T10:18:58Z,view,7757,300,apparel.shoes,Globex,1052.72,2893,sess-16925
2020-04-01T10:19:00Z,view,2523,300,apparel.shoes,Umbra,1397.44,3269,sess-11207
2020-04-01T10:09:31Z,view,4580,300,apparel.shoes,Nova,1120.50,4700,sess-08818
2020-04-01T10:09:32Z,view,4847,210,electronics.audio,Umbra,308.14,1983,sess-08697
2020-04-01T10:28:39Z,view,2747,210,electronics.audio,Acme,996.82,983,sess-02572
2020-04-01T10:28:42Z,view,8901,200,electronics.smartphone,Umbra,1478.12,3041,sess-10336
2020-04-01T10:09:35Z,view,3996,400,home.kitchen,Acme,1126.50,4188,sess-09184
2020-04-01T10:28:48Z,view,8836,400,home.kitchen,Globex,593.61,4430,sess-01068
2020-04-01T10:28:51Z,view,2972,400,home.kitchen,Globex,17.59,4246,sess-15076
2020-04-01T10:28:54Z,view,2650,400,home.kitchen,Umbra,393.25,2666,sess-11849
2020-04-01T10:09:39Z,view,5413,210,electronics.audio,Nova,750.66,3862,sess-11243
2020-04-01T10:29:00Z,view,6981,300,apparel.shoes,Globex,859.26,3282,sess-09163
2020-04-01T10:09:41Z,view,5422,200,electronics.smartphone,Globex,574.42,1932,sess-18198
2020-04-01T10:29:06Z,view,1159,400,home.kitchen,Umbra,1493.36,1447,sess-13813
2020-04-01T10:09:43Z,cart,5915,400,home.kitchen,Globex,76.33,2056,sess-18421
2020-04-01T10:29:12Z,cart,4530,200,electronics.smartphone,Umbra,148.97,2084,sess-15616
2020-04-01T10:19:30Z,view,6914,300,apparel.shoes,Acme,1215.97,2952,sess-18362
2020-04-01T10:29:18Z,view,2986,400,home.kitchen,Globex,865.96,2877,sess-19844
2020-04-01T10:09:47Z,view,6818,300,apparel.shoes,Nova,1106.11,2664,sess-16727
2020-04-01T10:19:36Z,view,8598,300,apparel.shoes,Nova,1393.21,1187,sess-05492
2020-04-01T10:19:38Z,view,2296,200,electronics.smartphone,Umbra,478.73,1328,sess-11260
2020-04-01T10:19:40Z,view,5444,400,home.kitchen,Nova,783.80,3645,sess-11901
2020-04-01T10:29:33Z,view,4012,210,electronics.audio,Acme,994.72,190,sess-04098
2020-04-01T10:19:44Z,view,3734,210,electronics.audio,Acme,1405.51,3253,sess-03376
2020-04-01T10:09:53Z,view,7504,200,electronics.smartphone,Nova,929.06,4293,sess-02728
2020-04-01T10:29:42Z,view,4757,300,apparel.shoes,Globex,193.99,2027,sess-09312
2020-04-01T10:29:45Z,cart,1575,200,electronics.smartphone,Umbra,703.45,2924,sess-10657
2020-04-01T10:29:48Z,view,3213,400,home.kitchen,Nova,687.53,4418,sess-05802
2020-04-01T10:19:54Z,view,6688,300,apparel.shoes,Umbra,138.88,3946,sess-17684
2020-04-01T10:09:58Z,view,5256,400,home.kitchen,Umbra,787.36,1276,sess-09948
2020-04-01T10:19:58Z,view,8687,300,apparel.shoes,Umbra,740.44,4384,sess-00273
2020-04-01T10:20:00Z,view,8052,200,electronics.smartphone,Globex,15.79,2400,sess-19563
2020-04-01T10:20:02Z,view,8161,400,home.kitchen,Nova,1106.99,3234,sess-08189
2020-04-01T10:30:06Z,view,5308,210,electronics.audio,Umbra,777.33,649,sess-13836
2020-04-01T10:10:03Z,view,9715,300,apparel.shoes,Umbra,107.35,2203,sess-13531
2020-04-01T10:20:08Z,view,8460,200,electronics.smartphone,Acme,740.53,3710,sess-08918
2020-04-01T10:20:10Z,view,1813,210,electronics.audio,Globex,157.90,4383,sess-00726
2020-04-01T10:20:12Z,view,1134,400,home.kitchen,Nova,742.90,1908,sess-02956
2020-04-01T10:10:07Z,view,9165,300,apparel.shoes,Globex,52.45,3043,sess-15195
2020-04-01T10:20:16Z,view,5366,200,electronics.smartphone,Nova,276.50,3215,sess-02340
2020-04-01T10:30:27Z,view,2998,200,electronics.smartphone,Acme,667.23,2040,sess-12610
2020-04-01T10:20:20Z,view,8550,210,electronics.audio,Umbra,316.63,770,sess-17077
2020-04-01T10:30:33Z,view,3598,300,apparel.shoes,Umbra,383.70,346,sess-18009
2020-04-01T10:20:24Z,purchase,6905,210,electronics.audio,Umbra,357.77,427,sess-07137
2020-04-01T10:10:13Z,view,3742,200,electronics.smartphone,Acme,1184.77,2262,sess-19160
2020-04-01T10:30:42Z,view,3539,400,home.kitchen,Umbra,752.38,3043,sess-02933
2020-04-01T10:10:15Z,view,1979,200,electronics.smartphone,Nova,1188.24,2913,sess-05044
2020-04-01T10:10:16Z,cart,6189,210,electronics.audio,Acme,660.88,4575,sess-11381
2020-04-01T10:20:34Z,cart,6868,400,home.kitchen,Umbra,730.53,1104,sess-08215
2020-04-01T10:20:36Z,view,4109,400,home.kitchen,Umbra,488.90,4643,sess-06116
2020-04-01T10:30:57Z,view,2128,210,electronics.audio,Umbra,1230.03,4352,sess-05080
2020-04-01T10:31:00Z,view,1011,400,home.kitchen,Umbra,1324.98,4145,sess-12421
2020-04-01T10:31:03Z,cart,6254,210,electronics.audio,Nova,288.85,519,sess-17661
2020-04-01T10:31:06Z,view,5638,210,electronics.audio,Acme,170.14,2643,sess-13429
2020-04-01T10:10:23Z,view,3126,200,electronics.smartphone,Acme,730.63,1464,sess-01025
2020-04-01T10:31:12Z,view,9026,400,home.kitchen,Acme,552.70,4308,sess-19343
2020-04-01T10:20:50Z,view,4419,200,electronics.smartphone,Nova,960.18,4026,sess-02621
2020-04-01T10:20:52Z,view,1955,300,apparel.shoes,Acme,110.23,2178,sess-17335
2020-04-01T10:10:27Z,view,9511,210,electronics.audio,Globex,799.83,796,sess-03317
2020-04-01T10:31:24Z,view,3931,210,electronics.audio,Umbra,162.74,4575,sess-18290
2020-04-01T10:31:27Z,view,7997,400,home.kitchen,Umbra,827.20,853,sess-05467
2020-04-01T10:31:30Z,cart,9747,210,electronics.audio,Umbra,1354.22,4915,sess-14517
2020-04-01T10:10:31Z,view,7755,300,apparel.shoes,Nova,846.90,3528,sess-10599
2020-04-01T10:10:32Z,purchase,6898,300,apparel.shoes,Umbra,5.29,3707,sess-14664
2020-04-01T10:10:33Z,view,9480,200,electronics.smartphone,Umbra,1476.67,1107,sess-09891
2020-04-01T10:10:34Z,view,5521,200,electronics.smartphone,Acme,1389.25,4536,sess-16754
2020-04-01T10:31:45Z,view,8542,200,electronics.smartphone,Globex,553.79,2914,sess-05116
2020-04-01T10:10:36Z,view,5198,210,electronics.audio,Acme,855.75,2461,sess-03012
2020-04-01T10:31:51Z,cart,8905,300,apparel.shoes,Acme,1035.94,1417,sess-16000
2020-04-01T10:21:16Z,view,1612,300,apparel.shoes,Umbra,88.60,4721,sess-12503
2020-04-01T10:10:39Z,view,7824,400,home.kitchen,Nova,1274.97,988,sess-07430
2020-04-01T10:21:20Z,view,5993,200,electronics.smartphone,Globex,849.54,4296,sess-01350
2020-04-01T10:10:41Z,view,1827,210,electronics.audio,Globex,865.01,3219,sess-14602
2020-04-01T10:32:06Z,view,5747,400,home.kitchen,Acme,128.40,3231,sess-04851
2020-04-01T10:10:43Z,view,5301,400,home.kitchen,Globex,1161.87,697,sess-13059
2020-04-01T10:32:12Z,view,4245,400,home.kitchen,Globex,298.17,3997,sess-12954
2020-04-01T10:10:45Z,view,2173,210,electronics.audio,Acme,1386.59,2182,sess-14093
2020-04-01T10:32:18Z,view,7939,400,home.kitchen,Acme,520.06,2993,sess-11414
2020-04-01T10:10:47Z,view,3773,300,apparel.shoes,Globex,663.49,2865,sess-14491
2020-04-01T10:32:24Z,view,3555,300,apparel.shoes,Globex,368.36,703,sess-03683
2020-04-01T10:21:38Z,view,1225,300,apparel.shoes,Globex,709.43,2813,sess-03647
2020-04-01T10:32:30Z,view,4339,210,electronics.audio,Globex,825.46,4477,sess-17147
2020-04-01T10:21:42Z,view,7170,200,electronics.smartphone,Globex,259.63,4776,sess-17263
2020-04-01T10:32:36Z,view,1869,300,apparel.shoes,Umbra,992.26,3809,sess-00274
2020-04-01T10:32:39Z,view,1312,200,electronics.smartphone,Acme,574.15,2397,sess-12666
2020-04-01T10:21:48Z,view,8940,300,apparel.shoes,Acme,302.32,4892,sess-17419
2020-04-01T10:10:55Z,view,5053,200,electronics.smartphone,Acme,593.13,4337,sess-09992
2020-04-01T10:32:48Z,view,6765,300,apparel.shoes,Umbra,1467.48,2912,sess-09907
2020-04-01T10:10:57Z,cart,5221,200,electronics.smartphone,Globex,1423.93,3172,sess-00966
2020-04-01T10:32:54Z,view,7436,300,apparel.shoes,Globex,783.47,1125,sess-02877
2020-04-01T10:32:57Z,view,4938,400,home.kitchen,Umbra,472.01,4694,sess-05006
2020-04-01T10:33:00Z,view,9883,400,home.kitchen,Globex,873.64,1080,sess-06776
2020-04-01T10:11:01Z,view,6062,210,electronics.audio,Globex,1363.96,4292,sess-04432
2020-04-01T10:22:04Z,cart,2111,300,apparel.shoes,Globex,181.99,4566,sess-17465
2020-04-01T10:33:09Z,view,6221,200,electronics.smartphone,Umbra,1119.69,3392,sess-13476
2020-04-01T10:33:12Z,view,4079,210,electronics.audio,Umbra,1144.86,875,sess-04311
2020-04-01T10:22:10Z,view,4804,210,electronics.audio,Globex,1033.77,1892,sess-00855
2020-04-01T10:11:06Z,view,7126,400,home.kitchen,Globex,210.58,1508,sess-12697
2020-04-01T10:33:21Z,purchase,7694,200,electronics.smartphone,Globex,337.72,123,sess-08843
2020-04-01T10:22:16Z,cart,2083,210,electronics.audio,Nova,737.46,1451,sess-14395
2020-04-01T10:33:27Z,view,8005,210,electronics.audio,Umbra,1237.37,3317,sess-01371
2020-04-01T10:11:10Z,view,9784,400,home.kitchen,Globex,680.16,4303,sess-01262
2020-04-01T10:11:11Z,view,1643,400,home.kitchen,Globex,947.82,4569,sess-12695
2020-04-01T10:11:12Z,view,8201,300,apparel.shoes,Nova,432.44,3261,sess-09980
2020-04-01T10:11:13Z,view,1893,300,apparel.shoes,Acme,970.92,4236,sess-04661
2020-04-01T10:11:14Z,view,9952,210,electronics.audio,Nova,679.07,1109,sess-12881
2020-04-01T10:33:45Z,view,8449,210,electronics.audio,Globex,974.62,739,sess-08195
2020-04-01T10:33:48Z,view,2494,200,electronics.smartphone,Nova,132.53,936,sess-14726
2020-04-01T10:22:34Z,view,7204,210,electronics.audio,Globex,260.47,4509,sess-12472
2020-04-01T10:22:36Z,view,3369,210,electronics.audio,Umbra,467.73,1466,sess-01682
2020-04-01T10:11:19Z,view,2926,210,electronics.audio,Nova,1149.27,1078,sess-06648
2020-04-01T10:11:20Z,view,9169,400,home.kitchen,Nova,742.73,4453,sess-00189
2020-04-01T10:34:03Z,view,7719,400,home.kitchen,Umbra,14.83,3620,sess-02602
2020-04-01T10:11:22Z,view,1801,210,electronics.audio,Acme,526.78,1515,sess-04859
2020-04-01T10:11:23Z,view,6424,300,apparel.shoes,Umbra,1490.63,719,sess-01607
2020-04-01T10:22:48Z,cart,8460,210,electronics.audio,Umbra,144.22,4743,sess-11803
2020-04-01T10:22:50Z,cart,7208,300,apparel.shoes,Globex,102.06,555,sess-14003
2020-04-01T10:11:26Z,view,5496,200,electronics.smartphone,Acme,318.72,2697,sess-17271
2020-04-01T10:34:21Z,view,9666,200,electronics.smartphone,Umbra,909.14,719,sess-15849
2020-04-01T10:11:28Z,view,6185,400,home.kitchen,Nova,936.75,2128,sess-17217
2020-04-01T10:11:29Z,view,9069,400,home.kitchen,Acme,439.28,1474,sess-19970
2020-04-01T10:34:30Z,view,1392,200,electronics.smartphone,Nova,314.96,3809,sess-03865
2020-04-01T10:11:31Z,view,1745,400,home.kitchen,Globex,958.07,2735,sess-11458
2020-04-01T10:11:32Z,view,5168,300,apparel.shoes,Acme,827.24,556,sess-10086
2020-04-01T10:11:33Z,view,6592,300,apparel.shoes,Globex,48.53,3245,sess-18643
2020-04-01T10:23:08Z,view,6536,300,apparel.shoes,Globex,970.25,3925,sess-15549
2020-04-01T10:34:45Z,view,9797,400,home.kitchen,Acme,623.86,2746,sess-15155
2020-04-01T10:23:12Z,view,6169,300,apparel.shoes,Umbra,868.21,4549,sess-17560
2020-04-01T10:34:51Z,view,3446,200,electronics.smartphone,Globex,565.98,2298,sess-01022
2020-04-01T10:34:54Z,cart,4070,400,home.kitchen,Umbra,1128.55,4876,sess-03829
2020-04-01T10:23:18Z,view,5448,200,electronics.smartphone,Umbra,360.28,3391,sess-02845
2020-04-01T10:11:40Z,view,9603,210,electronics.audio,Acme,1178.49,2477,sess-05735
2020-04-01T10:23:22Z,cart,9290,400,home.kitchen,Nova,235.35,205,sess-15816
2020-04-01T10:35:06Z,cart,6363,300,apparel.shoes,Globex,1407.35,1174,sess-03220
2020-04-01T10:11:43Z,view,1598,210,electronics.audio,Umbra,785.91,3764,sess-12701
2020-04-01T10:35:12Z,cart,2426,200,electronics.smartphone,Umbra,159.14,2731,sess-15299
2020-04-01T10:35:15Z,view,6114,200,electronics.smartphone,Umbra,433.42,1720,sess-10515
2020-04-01T10:35:18Z,view,2927,400,home.kitchen,Acme,176.12,2234,sess-04893
2020-04-01T10:35:21Z,view,9888,210,electronics.audio,Umbra,216.63,2870,sess-18002
2020-04-01T10:23:36Z,view,3806,210,electronics.audio,Acme,511.41,584,sess-10204
2020-04-01T10:23:38Z,view,1475,210,electronics.audio,Nova,85.43,3857,sess-01654
2020-04-01T10:35:30Z,view,8304,210,electronics.audio,Acme,301.23,2914,sess-10239
2020-04-01T10:35:33Z,view,3159,400,home.kitchen,Nova,469.04,762,sess-15345
2020-04-01T10:23:44Z,cart,4796,400,home.kitchen,Nova,927.33,1834,sess-04710
2020-04-01T10:11:53Z,view,6412,210,electronics.audio,Umbra,102.72,2661,sess-14854
2020-04-01T10:11:54Z,view,8556,400,home.kitchen,Acme,908.64,1400,sess-09250
2020-04-01T10:35:45Z,view,2752,400,home.kitchen,Nova,1189.68,2670,sess-18224
2020-04-01T10:23:52Z,view,7773,400,home.kitchen,Acme,1460.97,1955,sess-07986
2020-04-01T10:23:54Z,view,4411,300,apparel.shoes,Globex,655.85,4842,sess-14128
2020-04-01T10:23:56Z,view,2276,210,electronics.audio,Acme,896.13,4704,sess-15946
2020-04-01T10:35:57Z,view,3886,400,home.kitchen,Nova,167.57,2524,sess-13298
2020-04-01T10:36:00Z,view,9098,300,apparel.shoes,Acme,212.68,504,sess-02967
2020-04-01T10:24:02Z,view,3444,210,electronics.audio,Globex,925.28,3711,sess-17409
2020-04-01T10:24:04Z,view,6187,210,electronics.audio,Umbra,1020.94,2456,sess-18687
2020-04-01T10:12:03Z,cart,1133,200,electronics.smartphone,Umbra,1279.50,4182,sess-13245
2020-04-01T10:12:04Z,view,1013,200,electronics.smartphone,Globex,426.90,4588,sess-11772
2020-04-01T10:12:05Z,view,7459,400,home.kitchen,Globex,655.61,2607,sess-12544
2020-04-01T10:24:12Z,view,3278,400,home.kitchen,Globex,1387.10,1542,sess-18201
2020-04-01T10:36:21Z,view,3056,300,apparel.shoes,Nova,28.48,1101,sess-00381
2020-04-01T10:24:16Z,view,3224,400,home.kitchen,Nova,626.70,694,sess-04497
2020-04-01T10:24:18Z,view,8444,210,electronics.audio,Globex,677.82,4174,sess-13898
2020-04-01T10:12:10Z,view,7959,210,electronics.audio,Umbra,1270.97,4953,sess-00244
2020-04-01T10:24:22Z,view,9948,400,home.kitchen,Umbra,61.61,4722,sess-12025
2020-04-01T10:24:24Z,view,8889,200,electronics.smartphone,Nova,791.98,656,sess-04656
2020-04-01T10:36:39Z,view,9574,200,electronics.smartphone,Acme,947.84,4998,sess-02899
2020-04-01T10:36:42Z,view,1864,300,apparel.shoes,Nova,705.96,2815,sess-17532
2020-04-01T10:36:45Z,view,7897,300,apparel.shoes,Umbra,57.81,2892,sess-09655
2020-04-01T10:24:32Z,view,2006,300,apparel.shoes,Acme,82.17,3877,sess-18945
2020-04-01T10:24:34Z,view,8942,300,apparel.shoes,Umbra,1277.91,676,sess-04156
2020-04-01T10:12:18Z,view,5603,210,electronics.audio,Globex,171.77,2255,sess-08420
2020-04-01T10:12:19Z,view,7058,400,home.kitchen,Acme,358.11,1437,sess-08561
2020-04-01T10:24:40Z,cart,2382,300,apparel.shoes,Nova,235.45,1189,sess-19515
2020-04-01T10:24:42Z,view,4898,400,home.kitchen,Acme,1102.87,3606,sess-05482
2020-04-01T10:24:44Z,view,2900,300,apparel.shoes,Globex,716.97,431,sess-05492
2020-04-01T10:12:23Z,view,7390,400,home.kitchen,Umbra,1306.07,3888,sess-08606
2020-04-01T10:37:12Z,view,7258,400,home.kitchen,Umbra,66.32,2587,sess-17376
2020-04-01T10:37:15Z,view,5466,400,home.kitchen,Nova,151.92,2745,sess-08859
2020-04-01T10:12:26Z,view,4961,400,home.kitchen,Umbra,1018.19,4823,sess-06388
2020-04-01T10:37:21Z,view,1138,200,electronics.smartphone,Nova,790.27,557,sess-00392
2020-04-01T10:12:28Z,view,4594,300,apparel.shoes,Acme,40.43,2321,sess-08255
2020-04-01T10:37:27Z,cart,2995,210,electronics.audio,Globex,199.21,983,sess-02831
2020-04-01T10:37:30Z,view,4018,200,electronics.smartphone,Nova,1404.59,2076,sess-09653
2020-04-01T10:12:31Z,view,7995,300,apparel.shoes,Nova,115.63,2650,sess-08433
2020-04-01T10:25:04Z,purchase,6450,400,home.kitchen,Acme,400.67,493,sess-08462
2020-04-01T10:12:33Z,view,4287,400,home.kitchen,Nova,740.63,5000,sess-12866
2020-04-01T10:37:42Z,view,2740,210,electronics.audio,Umbra,114.01,3618,sess-08487
2020-04-01T10:12:35Z,view,1307,400,home.kitchen,Nova,6.30,4078,sess-04878
2020-04-01T10:25:12Z,view,3483,300,apparel.shoes,Nova,775.50,2702,sess-12824
2020-04-01T10:37:51Z,view,7617,400,home.kitchen,Nova,579.71,575,sess-17699
2020-04-01T10:37:54Z,view,9770,200,electronics.smartphone,Acme,603.92,2941,sess-10927
2020-04-01T10:25:18Z,cart,9759,300,apparel.shoes,Globex,1141.88,2786,sess-02637
2020-04-01T10:12:40Z,view,1644,210,electronics.audio,Umbra,588.21,3148,sess-06259
2020-04-01T10:38:03Z,view,2390,400,home.kitchen,Globex,293.67,3588,sess-06209
2020-04-01T10:25:24Z,view,7369,400,home.kitchen,Acme,752.03,517,sess-17713
2020-04-01T10:12:43Z,view,6558,200,electronics.smartphone,Globex,69.01,460,sess-11067
2020-04-01T10:38:12Z,view,9791,400,home.kitchen,Globex,112.69,1221,sess-18985
2020-04-01T10:12:45Z,view,1312,400,home.kitchen,Globex,974.94,3861,sess-01501
2020-04-01T10:12:46Z,view,6035,200,electronics.smartphone,Acme,1253.85,798,sess-14949
2020-04-01T10:25:34Z,view,9145,200,electronics.smartphone,Nova,307.95,4875,sess-07228
2020-04-01T10:12:48Z,view,2979,300,apparel.shoes,Acme,1255.46,4719,sess-17888
2020-04-01T10:12:49Z,view,6496,210,electronics.audio,Umbra,1137.54,518,sess-03957
2020-04-01T10:38:30Z,view,8187,210,electronics.audio,Nova,154.45,1996,sess-19071
2020-04-01T10:12:51Z,view,1256,210,electronics.audio,Umbra,273.22,3990,sess-02646
2020-04-01T10:25:44Z,view,8798,400,home.kitchen,Nova,410.07,1040,sess-06756
2020-04-01T10:12:53Z,view,3859,210,electronics.audio,Umbra,752.33,309,sess-19539
2020-04-01T10:38:42Z,view,7861,300,apparel.shoes,Acme,180.67,38,sess-18276
2020-04-01T10:12:55Z,view,9842,300,apparel.shoes,Umbra,941.56,4158,sess-07186
2020-04-01T10:25:52Z,view,4173,200,electronics.smartphone,Nova,1453.02,924,sess-04890
2020-04-01T10:25:54Z,view,3617,210,electronics.audio,Umbra,431.17,354,sess-01771
2020-04-01T10:12:58Z,view,8424,300,apparel.shoes,Globex,1387.67,355,sess-03422
2020-04-01T10:25:58Z,view,8947,200,electronics.smartphone,Umbra,356.77,4219,sess-03804
2020-04-01T10:13:00Z,view,4256,400,home.kitchen,Globex,492.57,2669,sess-07539
2020-04-01T10:13:01Z,view,4276,400,home.kitchen,Nova,879.71,3077,sess-07231
2020-04-01T10:26:04Z,view,4541,210,electronics.audio,Globex,563.36,4993,sess-14910
2020-04-01T10:13:03Z,view,5418,300,apparel.shoes,Umbra,1039.85,1657,sess-11007
2020-04-01T10:13:04Z,view,2820,210,electronics.audio,Umbra,1141.71,3814,sess-15027
2020-04-01T10:39:15Z,cart,3784,210,electronics.audio,Nova,134.28,4736,sess-18113
2020-04-01T10:13:06Z,view,8757,210,electronics.audio,Globex,645.02,3791,sess-09148
2020-04-01T10:13:07Z,cart,8114,300,apparel.shoes,Acme,889.70,4747,sess-07288
2020-04-01T10:26:16Z,view,1724,400,home.kitchen,Nova,758.80,329,sess-15423
2020-04-01T10:13:09Z,view,2605,400,home.kitchen,Nova,839.94,3707,sess-16230
2020-04-01T10:13:10Z,view,3174,210,electronics.audio,Nova,1498.43,2937,sess-09693
2020-04-01T10:26:22Z,view,3650,300,apparel.shoes,Nova,41.50,3763,sess-18691
2020-04-01T10:13:12Z,view,7641,210,electronics.audio,Acme,1057.33,1516,sess-12138
2020-04-01T10:39:39Z,view,6454,400,home.kitchen,Globex,1130.57,4350,sess-01072
2020-04-01T10:13:14Z,cart,6500,200,electronics.smartphone,Acme,1013.61,450,sess-16867
2020-04-01T10:39:45Z,view,6989,400,home.kitchen,Acme,267.02,3813,sess-01340
2020-04-01T10:39:48Z,view,3267,210,electronics.audio,Globex,975.31,2744,sess-07820
2020-04-01T10:13:17Z,view,6250,210,electronics.audio,Acme,637.28,2890,sess-08761
2020-04-01T10:26:36Z,view,6656,300,apparel.shoes,Umbra,1245.19,3707,sess-15933
2020-04-01T10:13:19Z,cart,7031,400,home.kitchen,Nova,689.52,538,sess-06172
2020-04-01T10:13:20Z,view,5724,210,electronics.audio,Nova,172.48,631,sess-03584
2020-04-01T10:40:03Z,view,4346,210,electronics.audio,Globex,1454.51,4266,sess-00744
2020-04-01T10:13:22Z,view,6680,400,home.kitchen,Acme,37.12,3442,sess-14545
2020-04-01T10:40:09Z,view,4806,200,electronics.smartphone,Umbra,517.47,4257,sess-11007
2020-04-01T10:26:48Z,view,9686,400,home.kitchen,Globex,853.04,4494,sess-14591
2020-04-01T10:13:25Z,purchase,4715,300,apparel.shoes,Globex,1155.78,3967,sess-12187
2020-04-01T10:40:18Z,view,5659,300,apparel.shoes,Umbra,245.38,3735,sess-05452
2020-04-01T10:26:54Z,view,3873,210,electronics.audio,Globex,66.52,1258,sess-05284
2020-04-01T10:40:24Z,view,5266,400,home.kitchen,Umbra,1062.17,3029,sess-06046
2020-04-01T10:26:58Z,view,3423,300,apparel.shoes,Acme,248.08,3055,sess-14695
2020-04-01T10:13:30Z,cart,7628,200,electronics.smartphone,Acme,1392.08,4092,sess-04764
2020-04-01T10:40:33Z,purchase,5842,300,apparel.shoes,Globex,1132.47,3883,sess-09498
2020-04-01T10:40:36Z,cart,6549,400,home.kitchen,Acme,213.44,921,sess-15696
2020-04-01T10:13:33Z,view,1406,300,apparel.shoes,Globex,143.26,3291,sess-07221
2020-04-01T10:40:42Z,view,5553,210,electronics.audio,Acme,1274.93,1604,sess-00739
2020-04-01T10:13:35Z,view,4185,400,home.kitchen,Umbra,769.78,4018,sess-10413
2020-04-01T10:27:12Z,view,3423,400,home.kitchen,Umbra,23.23,3504,sess-12113
2020-04-01T10:40:51Z,view,8300,300,apparel.shoes,Nova,1332.27,4596,sess-02871
2020-04-01T10:40:54Z,view,5728,400,home.kitchen,Acme,624.22,1342,sess-13889
2020-04-01T10:27:18Z,purchase,4404,210,electronics.audio,Acme,790.33,2485,sess-15553
2020-04-01T10:13:40Z,view,2449,400,home.kitchen,Nova,413.63,55,sess-13418
2020-04-01T10:27:22Z,view,4264,210,electronics.audio,Umbra,738.43,1524,sess-12510
2020-04-01T10:27:24Z,view,8593,400,home.kitchen,Nova,235.27,1840,sess-00880
2020-04-01T10:13:43Z,view,5713,200,electronics.smartphone,Acme,1033.33,3418,sess-05878
2020-04-01T10:27:28Z,view,5541,200,electronics.smartphone,Nova,545.83,4040,sess-02187
2020-04-01T10:27:30Z,view,8799,300,apparel.shoes,Globex,865.02,980,sess-12230
2020-04-01T10:13:46Z,cart,3394,200,electronics.smartphone,Acme,207.57,2619,sess-15108
2020-04-01T10:41:21Z,view,6917,300,apparel.shoes,Acme,441.04,3437,sess-11665
2020-04-01T10:27:36Z,view,4002,210,electronics.audio,Umbra,817.85,775,sess-19621
2020-04-01T10:13:49Z,view,6939,300,apparel.shoes,Globex,1235.86,786,sess-17512
2020-04-01T10:13:50Z,view,7111,300,apparel.shoes,Globex,1366.63,3973,sess-13501
2020-04-01T10:41:33Z,view,9247,210,electronics.audio,Acme,840.19,1812,sess-06175
2020-04-01T10:27:44Z,cart,8544,400,home.kitchen,Umbra,1385.50,626,sess-03820
2020-04-01T10:27:46Z,cart,6940,300,apparel.shoes,Globex,898.48,1139,sess-14482
2020-04-01T10:41:42Z,view,1471,300,apparel.shoes,Globex,1042.90,972,sess-07287
2020-04-01T10:13:55Z,purchase,3053,300,apparel.shoes,Acme,640.08,1720,sess-04267
2020-04-01T10:41:48Z,view,8934,200,electronics.smartphone,Acme,54.03,3533,sess-01394
2020-04-01T10:13:57Z,view,2948,400,home.kitchen,Acme,1003.04,2073,sess-01419
2020-04-01T10:41:54Z,view,4277,210,electronics.audio,Umbra,222.61,1514,sess-11520
2020-04-01T10:41:57Z,view,6770,300,apparel.shoes,Acme,921.37,1316,sess-16405
2020-04-01T10:14:00Z,view,1229,200,electronics.smartphone,Acme,1446.57,4333,sess-07111
2020-04-01T10:28:02Z,view,4506,200,electronics.smartphone,Acme,886.12,4131,sess-15556
2020-04-01T10:14:02Z,view,6813,210,electronics.audio,Umbra,345.19,3110,sess-13897
2020-04-01T10:42:09Z,view,8633,200,electronics.smartphone,Umbra,1144.60,904,sess-17031
2020-04-01T10:42:12Z,view,2347,200,electronics.smartphone,Umbra,429.00,2688,sess-16178
2020-04-01T10:14:05Z,view,4700,400,home.kitchen,Acme,1283.77,4538,sess-13346
2020-04-01T10:14:06Z,purchase,7020,400,home.kitchen,Nova,740.01,1469,sess-00419
2020-04-01T10:42:21Z,view,9563,400,home.kitchen,Acme,603.93,697,sess-03907
2020-04-01T10:28:16Z,view,2060,210,electronics.audio,Acme,894.47,2980,sess-06524
2020-04-01T10:42:27Z,view,7958,210,electronics.audio,Umbra,1150.13,4089,sess-09127
2020-04-01T10:42:30Z,purchase,6834,400,home.kitchen,Umbra,1481.35,3898,sess-19765
2020-04-01T10:42:33Z,view,8448,210,electronics.audio,Globex,748.42,886,sess-04004
2020-04-01T10:14:12Z,view,2631,200,electronics.smartphone,Nova,44.99,433,sess-02236
2020-04-01T10:42:39Z,view,3502,300,apparel.shoes,Nova,993.32,2481,sess-03157
2020-04-01T10:28:28Z,view,4308,400,home.kitchen,Acme,396.19,2405,sess-16316
2020-04-01T10:28:30Z,view,8051,200,electronics.smartphone,Nova,1280.05,976,sess-12571
2020-04-01T10:42:48Z,view,1538,200,electronics.smartphone,Globex,1170.18,1449,sess-18241
2020-04-01T10:14:17Z,view,8056,400,home.kitchen,Nova,733.75,1102,sess-10239
2020-04-01T10:28:36Z,view,8797,400,home.kitchen,Nova,590.12,4606,sess-05122
2020-04-01T10:28:38Z,view,5660,300,apparel.shoes,Umbra,72.45,2626,sess-02013
2020-04-01T10:28:40Z,view,6591,200,electronics.smartphone,Umbra,1487.96,3118,sess-03190
2020-04-01T10:43:03Z,view,5001,200,electronics.smartphone,Acme,890.83,2029,sess-07689
2020-04-01T10:28:44Z,view,2875,300,apparel.shoes,Nova,492.54,2766,sess-05564
2020-04-01T10:28:46Z,view,5368,400,home.kitchen,Nova,1478.72,168,sess-15392
2020-04-01T10:28:48Z,view,2601,300,apparel.shoes,Umbra,312.83,4001,sess-03279
2020-04-01T10:14:25Z,view,5907,210,electronics.audio,Globex,954.99,2977,sess-14287
2020-04-01T10:14:26Z,purchase,5344,300,apparel.shoes,Acme,606.03,390,sess-09743
2020-04-01T10:28:54Z,view,6518,200,electronics.smartphone,Globex,798.94,2240,sess-02205
2020-04-01T10:43:24Z,cart,2256,300,apparel.shoes,Umbra,652.20,2473,sess-16537
2020-04-01T10:43:27Z,view,7788,210,electronics.audio,Globex,682.58,3296,sess-08234
2020-04-01T10:43:30Z,view,9457,200,electronics.smartphone,Nova,992.91,1529,sess-18903
2020-04-01T10:14:31Z,view,9728,300,apparel.shoes,Umbra,94.52,3554,sess-18551
2020-04-01T10:29:04Z,view,3420,400,home.kitchen,Nova,1149.47,1970,sess-04931
2020-04-01T10:14:33Z,view,2055,300,apparel.shoes,Umbra,434.13,1668,sess-13515
2020-04-01T10:29:08Z,view,7649,210,electronics.audio,Nova,46.42,1954,sess-03722
2020-04-01T10:14:35Z,view,8145,400,home.kitchen,Umbra,412.70,3458,sess-01213
2020-04-01T10:14:36Z,view,3883,300,apparel.shoes,Umbra,87.71,346,sess-15921
2020-04-01T10:29:14Z,view,2041,300,apparel.shoes,Globex,1329.15,3335,sess-11910
2020-04-01T10:43:54Z,cart,2833,210,electronics.audio,Umbra,785.33,4678,sess-16393
2020-04-01T10:29:18Z,view,2478,400,home.kitchen,Nova,1211.00,1951,sess-19655
2020-04-01T10:29:20Z,view,7928,210,electronics.audio,Nova,325.09,1786,sess-04728
2020-04-01T10:14:41Z,view,5166,400,home.kitchen,Umbra,565.18,4830,sess-01833
2020-04-01T10:29:24Z,cart,8780,400,home.kitchen,Nova,1405.77,2019,sess-09101
2020-04-01T10:14:43Z,view,6049,300,apparel.shoes,Globex,1110.48,173,sess-19852
2020-04-01T10:44:12Z,cart,7302,300,apparel.shoes,Globex,1029.45,2534,sess-11891
2020-04-01T10:29:30Z,cart,7364,400,home.kitchen,Acme,1377.30,65,sess-12878
2020-04-01T10:44:18Z,cart,5872,210,electronics.audio,Nova,948.87,1724,sess-05251
2020-04-01T10:29:34Z,view,5489,200,electronics.smartphone,Nova,622.38,657,sess-16112
2020-04-01T10:44:24Z,view,3627,200,electronics.smartphone,Umbra,634.20,2138,sess-16592
2020-04-01T10:14:49Z,view,1448,400,home.kitchen,Acme,1187.57,427,sess-06021
2020-04-01T10:14:50Z,view,4278,400,home.kitchen,Globex,170.69,2504,sess-10281
2020-04-01T10:14:51Z,cart,6233,400,home.kitchen,Umbra,204.60,3699,sess-15676
2020-04-01T10:29:44Z,view,4254,300,apparel.shoes,Globex,593.27,692,sess-13583
2020-04-01T10:14:53Z,cart,1376,200,electronics.smartphone,Umbra,1461.32,4576,sess-07495
2020-04-01T10:29:48Z,view,1815,210,electronics.audio,Globex,228.13,3286,sess-14055
2020-04-01T10:44:45Z,view,1231,200,electronics.smartphone,Nova,1392.79,4308,sess-14260
2020-04-01T10:29:52Z,cart,4677,200,electronics.smartphone,Umbra,1221.05,1665,sess-06244
2020-04-01T10:29:54Z,cart,7259,400,home.kitchen,Globex,902.12,1067,sess-14134
2020-04-01T10:14:58Z,view,3955,400,home.kitchen,Nova,1464.31,3347,sess-04783
2020-04-01T10:29:58Z,view,7056,210,electronics.audio,Nova,705.98,4776,sess-15014
2020-04-01T10:15:00Z,view,7283,210,electronics.audio,Acme,147.44,3468,sess-19569
2020-04-01T10:45:03Z,purchase,4847,300,apparel.shoes,Acme,1409.29,3858,sess-11610
2020-04-01T10:30:04Z,view,5155,200,electronics.smartphone,Globex,595.07,4134,sess-12483
2020-04-01T10:30:06Z,view,3938,200,electronics.smartphone,Globex,1395.84,2133,sess-05567
2020-04-01T10:15:04Z,view,6198,200,electronics.smartphone,Globex,179.68,4346,sess-14187
2020-04-01T10:45:15Z,view,5603,400,home.kitchen,Umbra,1316.02,2954,sess-14094
2020-04-01T10:15:06Z,view,8139,300,apparel.shoes,Nova,739.46,1352,sess-10340
2020-04-01T10:30:14Z,view,4095,200,electronics.smartphone,Globex,58.61,1218,sess-01789
2020-04-01T10:45:24Z,view,8150,400,home.kitchen,Nova,538.00,951,sess-16218
2020-04-01T10:30:18Z,view,9077,400,home.kitchen,Globex,144.90,922,sess-04852
2020-04-01T10:45:30Z,cart,9335,210,electronics.audio,Acme,880.59,2235,sess-18457
2020-04-01T10:30:22Z,view,7822,210,electronics.audio,Acme,1016.98,630,sess-08067
2020-04-01T10:30:24Z,view,2998,300,apparel.shoes,Globex,1427.07,3230,sess-12241
2020-04-01T10:45:39Z,view,2328,200,electronics.smartphone,Acme,1433.03,3771,sess-15724
2020-04-01T10:45:42Z,cart,1718,300,apparel.shoes,Globex,1499.73,3712,sess-10647
2020-04-01T10:45:45Z,view,1797,210,electronics.audio,Nova,1116.98,2318,sess-10590
2020-04-01T10:30:32Z,view,7534,200,electronics.smartphone,Acme,1157.46,2091,sess-05834
2020-04-01T10:45:51Z,view,4411,200,electronics.smartphone,Globex,430.98,1335,sess-12731
2020-04-01T10:45:54Z,view,5891,200,electronics.smartphone,Globex,1382.94,4022,sess-14168
2020-04-01T10:30:38Z,view,2574,300,apparel.shoes,Nova,670.94,3011,sess-16799
2020-04-01T10:30:40Z,cart,7931,300,apparel.shoes,Nova,922.73,740,sess-13846
2020-04-01T10:46:03Z,purchase,1662,200,electronics.smartphone,Globex,1016.28,4206,sess-11199
2020-04-01T10:30:44Z,view,9638,400,home.kitchen,Umbra,658.85,4299,sess-02752
2020-04-01T10:15:23Z,view,3093,210,electronics.audio,Acme,446.75,2461,sess-08148
2020-04-01T10:46:12Z,view,9411,200,electronics.smartphone,Umbra,146.25,882,sess-16734
2020-04-01T10:46:15Z,view,5175,300,apparel.shoes,Nova,29.32,4797,sess-02680
2020-04-01T10:30:52Z,view,3985,210,electronics.audio,Umbra,1315.75,3220,sess-01484
2020-04-01T10:15:27Z,purchase,8371,400,home.kitchen,Globex,1307.66,2172,sess-11185
2020-04-01T10:46:24Z,cart,2281,210,electronics.audio,Acme,163.96,4949,sess-08498
2020-04-01T10:46:27Z,view,7470,200,electronics.smartphone,Nova,718.29,956,sess-00436
2020-04-01T10:15:30Z,cart,5961,400,home.kitchen,Acme,136.01,2956,sess-12944
2020-04-01T10:46:33Z,cart,2833,210,electronics.audio,Globex,317.80,131,sess-06168
2020-04-01T10:15:32Z,view,8139,210,electronics.audio,Nova,1155.73,4413,sess-06256
2020-04-01T10:31:06Z,cart,1357,400,home.kitchen,Nova,1109.48,955,sess-05443
2020-04-01T10:31:08Z,view,1321,400,home.kitchen,Acme,445.77,3683,sess-19177
2020-04-01T10:46:45Z,purchase,1129,300,apparel.shoes,Umbra,1273.68,842,sess-14149
2020-04-01T10:46:48Z,view,8987,200,electronics.smartphone,Nova,1088.30,3275,sess-15929
2020-04-01T10:15:37Z,view,1994,210,electronics.audio,Umbra,477.20,4328,sess-00624
2020-04-01T10:31:16Z,view,8755,400,home.kitchen,Nova,971.04,958,sess-16214
2020-04-01T10:46:57Z,view,3643,200,electronics.smartphone,Globex,659.98,2360,sess-06299
2020-04-01T10:31:20Z,view,8675,300,apparel.shoes,Umbra,588.60,1075,sess-09614
2020-04-01T10:31:22Z,view,3654,400,home.kitchen,Globex,133.86,1698,sess-09256
2020-04-01T10:31:24Z,view,4268,210,electronics.audio,Umbra,1191.26,1281,sess-19850
2020-04-01T10:31:26Z,purchase,4431,210,electronics.audio,Umbra,541.39,4562,sess-01542
2020-04-01T10:15:44Z,cart,3862,210,electronics.audio,Globex,509.91,4125,sess-01048
2020-04-01T10:15:45Z,purchase,4671,200,electronics.smartphone,Umbra,1178.40,3985,sess-08449
2020-04-01T10:31:32Z,view,9444,210,electronics.audio,Nova,1390.31,4951,sess-03413
2020-04-01T10:15:47Z,cart,2734,200,electronics.smartphone,Globex,67.74,4995,sess-03339
2020-04-01T10:47:24Z,view,4365,200,electronics.smartphone,Nova,1063.70,2963,sess-05146
2020-04-01T10:15:49Z,cart,3527,200,electronics.smartphone,Nova,188.86,2980,sess-10965
2020-04-01T10:15:50Z,view,1107,400,home.kitchen,Umbra,760.01,2010,sess-15522
2020-04-01T10:31:42Z,view,7799,300,apparel.shoes,Globex,1131.49,2955,sess-08043
2020-04-01T10:47:36Z,cart,8025,210,electronics.audio,Umbra,1428.00,3387,sess-13413
2020-04-01T10:15:53Z,view,8251,200,electronics.smartphone,Acme,778.44,1193,sess-00326
2020-04-01T10:15:54Z,view,6157,300,apparel.shoes,Globex,592.93,3291,sess-05385
2020-04-01T10:47:45Z,view,9516,200,electronics.smartphone,Umbra,1022.90,2423,sess-13740
2020-04-01T10:15:56Z,cart,6638,300,apparel.shoes,Nova,917.55,65,sess-09168
2020-04-01T10:47:51Z,view,4360,400,home.kitchen,Nova,1332.07,4460,sess-14489
2020-04-01T10:47:54Z,view,5940,210,electronics.audio,Globex,588.04,691,sess-01212
2020-04-01T10:47:57Z,view,4501,300,apparel.shoes,Globex,784.40,761,sess-16767
2020-04-01T10:32:00Z,view,1456,200,electronics.smartphone,Nova,1249.18,4424,sess-19416
2020-04-01T10:16:01Z,view,1982,200,electronics.smartphone,Acme,534.94,3056,sess-08512
2020-04-01T10:48:06Z,view,5881,400,home.kitchen,Globex,1474.51,4690,sess-00171
2020-04-01T10:48:09Z,view,5902,300,apparel.shoes,Globex,1072.95,2331,sess-18769
2020-04-01T10:32:08Z,view,6371,200,electronics.smartphone,Acme,1168.93,4231,sess-19084
2020-04-01T10:16:05Z,view,7974,210,electronics.audio,Nova,640.21,3376,sess-02686
2020-04-01T10:48:18Z,view,8309,210,electronics.audio,Nova,607.12,640,sess-12102
2020-04-01T10:48:21Z,view,9172,300,apparel.shoes,Nova,1421.99,3469,sess-14421
2020-04-01T10:48:24Z,view,3364,210,electronics.audio,Acme,689.28,4144,sess-04166
2020-04-01T10:32:18Z,view,8461,210,electronics.audio,Acme,1416.38,3878,sess-01069
2020-04-01T10:16:10Z,view,2807,400,home.kitchen,Acme,65.22,991,sess-12111
2020-04-01T10:16:11Z,view,5995,300,apparel.shoes,Globex,46.83,3068,sess-09938
2020-04-01T10:32:24Z,view,1797,400,home.kitchen,Acme,1229.59,2500,sess-09290
2020-04-01T10:48:39Z,cart,9970,200,electronics.smartphone,Umbra,629.27,2857,sess-02214
2020-04-01T10:16:14Z,cart,6534,400,home.kitchen,Globex,1251.36,3091,sess-15573
2020-04-01T10:48:45Z,cart,8371,400,home.kitchen,Nova,491.20,3679,sess-04882
2020-04-01T10:32:32Z,view,4814,400,home.kitchen,Umbra,1437.33,3240,sess-11109
2020-04-01T10:32:34Z,view,3713,200,electronics.smartphone,Acme,1158.53,204,sess-18744
2020-04-01T10:48:54Z,view,4152,200,electronics.smartphone,Globex,1436.15,4439,sess-18903
2020-04-01T10:16:19Z,view,9235,400,home.kitchen,Umbra,800.13,153,sess-03942
2020-04-01T10:32:40Z,view,5018,210,electronics.audio,Nova,802.65,4748,sess-14557
2020-04-01T10:49:03Z,view,9052,200,electronics.smartphone,Umbra,625.33,191,sess-11140
2020-04-01T10:32:44Z,purchase,5213,400,home.kitchen,Globex,814.96,746,sess-03757
2020-04-01T10:16:23Z,view,5187,210,electronics.audio,Acme,613.88,735,sess-05054
2020-04-01T10:16:24Z,view,3973,300,apparel.shoes,Nova,152.62,223,sess-01917
2020-04-01T10:49:15Z,view,5225,300,apparel.shoes,Globex,363.24,3077,sess-03964
2020-04-01T10:32:52Z,cart,9333,400,home.kitchen,Nova,407.58,4133,sess-12618
2020-04-01T10:16:27Z,view,2072,400,home.kitchen,Umbra,354.44,3967,sess-00948
2020-04-01T10:16:28Z,view,5035,200,electronics.smartphone,Globex,613.09,4545,sess-04115
2020-04-01T10:32:58Z,view,7116,210,electronics.audio,Nova,808.62,4428,sess-05512
2020-04-01T10:16:30Z,view,1016,200,electronics.smartphone,Nova,255.24,3807,sess-09479
2020-04-01T10:49:33Z,cart,5110,300,apparel.shoes,Umbra,323.07,3115,sess-11516
2020-04-01T10:49:36Z,view,3644,200,electronics.smartphone,Acme,139.12,4376,sess-18452
2020-04-01T10:33:06Z,view,5578,210,electronics.audio,Umbra,1436.34,3539,sess-06910
2020-04-01T10:16:34Z,view,8417,300,apparel.shoes,Nova,485.85,2237,sess-08059
2020-04-01T10:16:35Z,view,1260,300,apparel.shoes,Globex,11.40,1096,sess-00068
2020-04-01T10:49:48Z,view,9011,400,home.kitchen,Acme,1315.70,3218,sess-17634
2020-04-01T10:49:51Z,purchase,8293,200,electronics.smartphone,Umbra,567.68,1012,sess-11567
2020-04-01T10:33:16Z,view,3903,400,home.kitchen,Acme,1404.69,70,sess-04089
2020-04-01T10:49:57Z,view,1324,210,electronics.audio,Umbra,1225.34,2304,sess-11726
2020-04-01T10:50:00Z,view,4838,210,electronics.audio,Globex,741.79,4046,sess-11895
2020-04-01T10:33:22Z,cart,4212,200,electronics.smartphone,Globex,855.81,3245,sess-03636
2020-04-01T10:33:24Z,view,3875,210,electronics.audio,Globex,102.25,536,sess-19273
2020-04-01T10:33:26Z,view,4143,300,apparel.shoes,Acme,1022.62,190,sess-17464
2020-04-01T10:16:44Z,cart,1849,400,home.kitchen,Nova,613.28,2647,sess-14174
2020-04-01T10:33:30Z,cart,6922,400,home.kitchen,Nova,340.70,4238,sess-01425
2020-04-01T10:50:18Z,view,6181,400,home.kitchen,Acme,127.30,43,sess-12841
2020-04-01T10:16:47Z,view,7943,210,electronics.audio,Acme,497.19,610,sess-08192
2020-04-01T10:33:36Z,view,8863,200,electronics.smartphone,Umbra,941.31,3539,sess-00788
2020-04-01T10:33:38Z,purchase,2766,210,electronics.audio,Globex,1249.61,3880,sess-07811
2020-04-01T10:16:50Z,view,8184,200,electronics.smartphone,Acme,132.87,784,sess-14630
2020-04-01T10:16:51Z,view,6132,400,home.kitchen,Umbra,1204.57,533,sess-04180
2020-04-01T10:33:44Z,view,2077,400,home.kitchen,Nova,445.90,835,sess-01829
2020-04-01T10:33:46Z,view,7735,200,electronics.smartphone,Nova,937.89,1910,sess-19647
2020-04-01T10:16:54Z,view,8014,400,home.kitchen,Nova,1015.29,830,sess-11129
2020-04-01T10:50:45Z,view,4153,300,apparel.shoes,Globex,1071.38,885,sess-03365
2020-04-01T10:33:52Z,view,9337,210,electronics.audio,Globex,1088.31,2100,sess-11646
2020-04-01T10:50:51Z,view,3255,210,electronics.audio,Umbra,878.86,362,sess-01983
2020-04-01T10:33:56Z,view,9866,300,apparel.shoes,Umbra,906.98,1193,sess-04831
2020-04-01T10:50:57Z,view,9481,200,electronics.smartphone,Acme,763.13,4805,sess-04739
2020-04-01T10:17:00Z,view,6633,400,home.kitchen,Umbra,305.89,1601,sess-06566
2020-04-01T10:51:03Z,view,8794,210,electronics.audio,Umbra,1278.75,3829,sess-19654
2020-04-01T10:17:02Z,view,7859,300,apparel.shoes,Nova,1314.78,2693,sess-05318
2020-04-01T10:34:06Z,view,1060,210,electronics.audio,Umbra,323.64,1828,sess-07546
2020-04-01T10:17:04Z,cart,4363,400,home.kitchen,Acme,15.05,3280,sess-06038
2020-04-01T10:51:15Z,view,1491,300,apparel.shoes,Umbra,663.41,4545,sess-03775
2020-04-01T10:34:12Z,view,1486,200,electronics.smartphone,Globex,332.32,1632,sess-06483
2020-04-01T10:17:07Z,view,5029,300,apparel.shoes,Acme,1265.11,1463,sess-06423
2020-04-01T10:17:08Z,cart,7208,210,electronics.audio,Umbra,461.08,910,sess-11089
2020-04-01T10:17:09Z,cart,3807,300,apparel.shoes,Globex,102.74,4317,sess-14213
2020-04-01T10:34:20Z,view,4140,210,electronics.audio,Globex,480.34,4363,sess-12393
2020-04-01T10:17:11Z,view,4098,200,electronics.smartphone,Umbra,494.88,4387,sess-09640
2020-04-01T10:34:24Z,view,9327,210,electronics.audio,Acme,126.70,4785,sess-16024
2020-04-01T10:17:13Z,view,9333,210,electronics.audio,Umbra,780.74,3180,sess-16685
2020-04-01T10:51:42Z,view,9609,300,apparel.shoes,Acme,873.87,3960,sess-16214
2020-04-01T10:34:30Z,cart,4596,210,electronics.audio,Nova,596.87,1663,sess-14814
2020-04-01T10:17:16Z,view,3575,400,home.kitchen,Umbra,205.82,3065,sess-08341
2020-04-01T10:51:51Z,view,9500,400,home.kitchen,Umbra,700.55,2881,sess-07543
2020-04-01T10:34:36Z,view,8391,400,home.kitchen,Umbra,1207.73,3831,sess-14173
2020-04-01T10:34:38Z,view,1404,400,home.kitchen,Acme,969.81,1472,sess-14474
2020-04-01T10:17:20Z,view,9220,300,apparel.shoes,Acme,1179.88,4201,sess-17913
2020-04-01T10:52:03Z,view,2168,200,electronics.smartphone,Umbra,503.97,2952,sess-01255
2020-04-01T10:52:06Z,view,5959,300,apparel.shoes,Umbra,1497.00,2249,sess-06247
2020-04-01T10:34:46Z,view,5906,200,electronics.smartphone,Acme,608.70,2309,sess-11359
2020-04-01T10:17:24Z,view,9399,400,home.kitchen,Nova,1086.39,1223,sess-13026
2020-04-01T10:34:50Z,view,9451,210,electronics.audio,Umbra,1085.15,4809,sess-18109
2020-04-01T10:17:26Z,view,6129,200,electronics.smartphone,Nova,1048.42,1539,sess-14051
2020-04-01T10:52:21Z,view,1493,400,home.kitchen,Acme,196.88,3070,sess-04554
2020-04-01T10:34:56Z,view,6810,400,home.kitchen,Umbra,1030.22,2784,sess-07389
2020-04-01T10:34:58Z,cart,1380,300,apparel.shoes,Nova,234.77,4650,sess-01056
2020-04-01T10:17:30Z,view,4345,400,home.kitchen,Umbra,286.57,3201,sess-02088
2020-04-01T10:17:31Z,view,5991,400,home.kitchen,Nova,831.60,764,sess-05618
2020-04-01T10:17:32Z,cart,4058,200,electronics.smartphone,Globex,581.91,1631,sess-02278
2020-04-01T10:17:33Z,view,9591,300,apparel.shoes,Umbra,780.20,574,sess-14899
2020-04-01T10:52:42Z,view,7407,400,home.kitchen,Acme,630.53,1287,sess-03629
2020-04-01T10:52:45Z,view,4382,400,home.kitchen,Nova,1227.75,1065,sess-06740
2020-04-01T10:35:12Z,view,6084,210,electronics.audio,Globex,1028.83,4813,sess-06652
2020-04-01T10:17:37Z,cart,3337,200,electronics.smartphone,Umbra,909.25,3652,sess-02097
2020-04-01T10:52:54Z,view,8539,400,home.kitchen,Nova,141.20,3791,sess-18879
2020-04-01T10:52:57Z,view,5873,300,apparel.shoes,Nova,273.47,3204,sess-05739
2020-04-01T10:17:40Z,view,7302,400,home.kitchen,Globex,1049.47,1503,sess-18633
2020-04-01T10:53:03Z,view,5485,210,electronics.audio,Globex,104.78,4406,sess-09565
2020-04-01T10:17:42Z,purchase,7738,400,home.kitchen,Umbra,119.42,4529,sess-03973
2020-04-01T10:17:43Z,view,8388,400,home.kitchen,Acme,71.73,1351,sess-08283
2020-04-01T10:17:44Z,cart,7244,400,home.kitchen,Umbra,598.03,2816,sess-13086
2020-04-01T10:53:15Z,view,3236,200,electronics.smartphone,Globex,107.01,2680,sess-15213
2020-04-01T10:17:46Z,cart,3297,400,home.kitchen,Acme,260.03,3857,sess-09147
2020-04-01T10:53:21Z,view,5819,210,electronics.audio,Acme,256.84,1018,sess-17520
2020-04-01T10:53:24Z,view,3514,300,apparel.shoes,Globex,1073.05,3610,sess-11734
2020-04-01T10:17:49Z,view,1782,400,home.kitchen,Acme,465.94,4284,sess-03369
2020-04-01T10:17:50Z,view,7183,200,electronics.smartphone,Acme,361.62,1653,sess-08183
2020-04-01T10:17:51Z,cart,1457,400,home.kitchen,Globex,1021.54,120,sess-11047
2020-04-01T10:35:44Z,view,3750,200,electronics.smartphone,Umbra,165.99,1369,sess-01443
2020-04-01T10:17:53Z,cart,4393,210,electronics.audio,Acme,185.60,4438,sess-12946
2020-04-01T10:35:48Z,view,6298,300,apparel.shoes,Globex,477.78,1423,sess-00492
2020-04-01T10:17:55Z,view,4606,400,home.kitchen,Globex,556.63,541,sess-09125
2020-04-01T10:53:48Z,purchase,5940,400,home.kitchen,Globex,157.21,4906,sess-16371
2020-04-01T10:53:51Z,purchase,2552,300,apparel.shoes,Globex,1045.99,4915,sess-10629
2020-04-01T10:53:54Z,view,3872,300,apparel.shoes,Nova,31.38,2605,sess-15799
2020-04-01T10:17:59Z,view,9372,400,home.kitchen,Acme,1482.63,1905,sess-16497
2020-04-01T10:18:00Z,view,6060,200,electronics.smartphone,Globex,931.55,1937,sess-14042
2020-04-01T10:18:01Z,view,9171,300,apparel.shoes,Globex,310.56,2430,sess-06620
2020-04-01T10:18:02Z,view,6385,400,home.kitchen,Nova,1181.52,1100,sess-09114
2020-04-01T10:18:03Z,view,1388,300,apparel.shoes,Globex,312.70,1877,sess-10856
2020-04-01T10:18:04Z,view,7250,210,electronics.audio,Nova,946.52,4272,sess-10540
2020-04-01T10:18:05Z,cart,4153,200,electronics.smartphone,Globex,192.71,427,sess-04638
2020-04-01T10:54:18Z,view,9313,210,electronics.audio,Globex,470.64,641,sess-13968
2020-04-01T10:36:14Z,view,7947,210,electronics.audio,Globex,431.60,1446,sess-19853
2020-04-01T10:36:16Z,view,8883,300,apparel.shoes,Nova,255.81,656,sess-11783
2020-04-01T10:18:09Z,view,3553,400,home.kitchen,Umbra,643.96,3949,sess-00650
2020-04-01T10:36:20Z,view,3878,210,electronics.audio,Nova,683.14,2108,sess-12467
2020-04-01T10:18:11Z,view,6459,200,electronics.smartphone,Acme,1374.62,1120,sess-15377
2020-04-01T10:36:24Z,cart,9051,300,apparel.shoes,Nova,1455.89,3315,sess-13626
2020-04-01T10:18:13Z,view,6043,400,home.kitchen,Nova,63.05,4820,sess-02335
2020-04-01T10:36:28Z,view,4182,210,electronics.audio,Nova,1128.61,3575,sess-08365
2020-04-01T10:18:15Z,view,1945,300,apparel.shoes,Umbra,367.32,3157,sess-13895
2020-04-01T10:36:32Z,view,3422,200,electronics.smartphone,Globex,1023.19,2141,sess-19839
2020-04-01T10:36:34Z,view,1202,210,electronics.audio,Acme,1375.74,957,sess-03025
2020-04-01T10:54:54Z,view,7929,210,electronics.audio,Nova,456.82,1359,sess-13988
2020-04-01T10:36:38Z,view,7743,300,apparel.shoes,Globex,1166.15,729,sess-03581
2020-04-01T10:36:40Z,view,4432,300,apparel.shoes,Acme,256.76,3261,sess-10096
2020-04-01T10:36:42Z,view,2144,200,electronics.smartphone,Globex,436.07,3423,sess-17202
2020-04-01T10:18:22Z,view,7138,210,electronics.audio,Nova,277.07,1527,sess-04402
2020-04-01T10:18:23Z,view,4041,210,electronics.audio,Umbra,1214.72,1647,sess-01933
2020-04-01T10:18:24Z,view,8220,400,home.kitchen,Umbra,133.13,895,sess-05444
2020-04-01T10:18:25Z,view,6605,200,electronics.smartphone,Acme,730.37,244,sess-19191
2020-04-01T10:18:26Z,view,5359,200,electronics.smartphone,Acme,67.58,60,sess-19086
2020-04-01T10:36:54Z,view,9520,400,home.kitchen,Umbra,508.86,2178,sess-15923
2020-04-01T10:36:56Z,cart,6620,300,apparel.shoes,Acme,999.29,2583,sess-07852
2020-04-01T10:55:27Z,view,6410,300,apparel.shoes,Globex,1048.97,821,sess-00102
2020-04-01T10:18:30Z,purchase,3013,200,electronics.smartphone,Umbra,1128.40,4347,sess-09158
2020-04-01T10:55:33Z,view,8785,400,home.kitchen,Umbra,9.68,4219,sess-13538
2020-04-01T10:37:04Z,view,6901,200,electronics.smartphone,Nova,354.17,375,sess-10667
2020-04-01T10:18:33Z,purchase,6707,200,electronics.smartphone,Nova,1286.36,3506,sess-15602
2020-04-01T10:55:42Z,cart,4196,300,apparel.shoes,Acme,1178.37,1173,sess-17042
2020-04-01T10:37:10Z,cart,9158,210,electronics.audio,Globex,1494.48,714,sess-09875
2020-04-01T10:55:48Z,view,2895,400,home.kitchen,Acme,321.40,3950,sess-17717
2020-04-01T10:37:14Z,cart,8125,200,electronics.smartphone,Umbra,493.12,240,sess-05251
2020-04-01T10:55:54Z,view,5220,210,electronics.audio,Nova,1384.49,3902,sess-04034
2020-04-01T10:55:57Z,view,6452,200,electronics.smartphone,Umbra,903.02,1834,sess-18874
2020-04-01T10:18:40Z,cart,7252,400,home.kitchen,Umbra,339.21,4604,sess-14319
2020-04-01T10:56:03Z,view,2824,200,electronics.smartphone,Acme,1406.13,731,sess-11149
2020-04-01T10:18:42Z,view,3087,300,apparel.shoes,Globex,7.51,2568,sess-12459
2020-04-01T10:18:43Z,view,7941,400,home.kitchen,Globex,1401.22,2619,sess-11962
2020-04-01T10:37:28Z,cart,7476,200,electronics.smartphone,Globex,477.31,76,sess-17639
2020-04-01T10:56:15Z,view,8467,400,home.kitchen,Acme,1121.85,1208,sess-19709
2020-04-01T10:56:18Z,view,6060,300,apparel.shoes,Nova,1272.27,4116,sess-04046
2020-04-01T10:18:47Z,view,9110,210,electronics.audio,Globex,1216.26,2388,sess-12344
2020-04-01T10:56:24Z,view,1861,210,electronics.audio,Globex,452.16,1467,sess-15975
2020-04-01T10:37:38Z,view,9977,200,electronics.smartphone,Nova,712.77,3214,sess-11057
2020-04-01T10:56:30Z,view,2176,400,home.kitchen,Nova,1384.98,4325,sess-09275
2020-04-01T10:56:33Z,cart,3144,200,electronics.smartphone,Umbra,85.91,2650,sess-19019
2020-04-01T10:18:52Z,view,3681,400,home.kitchen,Globex,726.25,4729,sess-04508
2020-04-01T10:56:39Z,view,4205,210,electronics.audio,Globex,865.64,75,sess-11870
2020-04-01T10:18:54Z,view,7997,400,home.kitchen,Acme,1461.37,1379,sess-01846
2020-04-01T10:56:45Z,view,9444,200,electronics.smartphone,Nova,227.11,2773,sess-19445
2020-04-01T10:56:48Z,view,1556,210,electronics.audio,Globex,457.52,974,sess-07893
2020-04-01T10:37:54Z,view,2468,400,home.kitchen,Acme,981.53,3799,sess-12521
2020-04-01T10:56:54Z,view,2910,200,electronics.smartphone,Globex,1004.84,677,sess-04000
2020-04-01T10:37:58Z,view,8856,200,electronics.smartphone,Nova,275.74,2243,sess-03099
2020-04-01T10:57:00Z,view,3051,300,apparel.shoes,Globex,1363.78,815,sess-10658
2020-04-01T10:57:03Z,cart,1323,400,home.kitchen,Nova,1176.29,3226,sess-18221
2020-04-01T10:19:02Z,view,9501,200,electronics.smartphone,Globex,1186.15,4791,sess-17662
2020-04-01T10:38:06Z,view,3960,200,electronics.smartphone,Acme,673.61,4908,sess-05897
2020-04-01T10:38:08Z,view,3110,200,electronics.smartphone,Acme,136.29,4712,sess-06758
2020-04-01T10:38:10Z,view,3043,200,electronics.smartphone,Acme,818.92,4147,sess-09784
2020-04-01T10:57:18Z,cart,5925,210,electronics.audio,Nova,443.63,379,sess-17022
2020-04-01T10:57:21Z,cart,9035,210,electronics.audio,Globex,1495.21,2564,sess-17127
2020-04-01T10:19:08Z,view,1732,200,electronics.smartphone,Globex,453.07,1943,sess-01204
2020-04-01T10:57:27Z,view,6882,210,electronics.audio,Umbra,635.91,2273,sess-04211
2020-04-01T10:57:30Z,view,7255,300,apparel.shoes,Nova,1417.39,1338,sess-13110
2020-04-01T10:57:33Z,view,9780,210,electronics.audio,Globex,407.75,1670,sess-02313
2020-04-01T10:38:24Z,view,9379,300,apparel.shoes,Nova,234.47,4956,sess-05376
2020-04-01T10:57:39Z,view,5055,200,electronics.smartphone,Nova,169.44,636,sess-08852
2020-04-01T10:19:14Z,cart,6396,200,electronics.smartphone,Globex,1168.22,729,sess-11889
2020-04-01T10:19:15Z,purchase,1161,300,apparel.shoes,Acme,337.23,803,sess-12359
2020-04-01T10:57:48Z,cart,9625,210,electronics.audio,Umbra,736.98,2512,sess-19295
2020-04-01T10:38:34Z,cart,5440,300,apparel.shoes,Globex,260.27,4977,sess-03247
2020-04-01T10:57:54Z,cart,9711,300,apparel.shoes,Globex,606.96,4520,sess-19485
2020-04-01T10:57:57Z,view,1155,300,apparel.shoes,Umbra,218.29,4208,sess-05096
2020-04-01T10:38:40Z,view,7064,200,electronics.smartphone,Umbra,689.39,2041,sess-19946
2020-04-01T10:58:03Z,purchase,9228,400,home.kitchen,Globex,783.29,2350,sess-09039
2020-04-01T10:58:06Z,view,2424,300,apparel.shoes,Acme,1268.64,2504,sess-13321
2020-04-01T10:38:46Z,view,4932,200,electronics.smartphone,Nova,131.45,768,sess-05411
2020-04-01T10:58:12Z,view,7946,200,electronics.smartphone,Acme,774.94,4168,sess-04471
2020-04-01T10:58:15Z,view,1227,400,home.kitchen,Umbra,1055.37,1558,sess-00239
2020-04-01T10:58:18Z,view,9652,210,electronics.audio,Globex,1447.15,4991,sess-01388
2020-04-01T10:38:54Z,view,2230,210,electronics.audio,Nova,1428.96,3007,sess-04369
2020-04-01T10:58:24Z,view,3793,400,home.kitchen,Acme,1020.20,3058,sess-03711
2020-04-01T10:58:27Z,view,5901,300,apparel.shoes,Nova,8.34,3958,sess-09619
2020-04-01T10:39:00Z,cart,5994,210,electronics.audio,Acme,1339.28,4224,sess-01161
2020-04-01T10:39:02Z,view,1096,300,apparel.shoes,Globex,165.21,3772,sess-10766
2020-04-01T10:58:36Z,view,6808,400,home.kitchen,Globex,300.33,73,sess-03321
2020-04-01T10:19:33Z,view,3029,400,home.kitchen,Nova,986.67,3993,sess-00227
2020-04-01T10:39:08Z,view,7132,400,home.kitchen,Acme,277.36,2452,sess-11944
2020-04-01T10:39:10Z,view,8198,400,home.kitchen,Globex,653.77,1326,sess-04584
2020-04-01T10:39:12Z,view,4105,200,electronics.smartphone,Acme,634.48,2334,sess-01320
2020-04-01T10:39:14Z,view,4260,210,electronics.audio,Globex,736.16,3927,sess-08710
2020-04-01T10:19:38Z,view,7551,300,apparel.shoes,Globex,1436.73,4112,sess-12742
2020-04-01T10:58:57Z,view,6638,210,electronics.audio,Umbra,358.57,4097,sess-00448
2020-04-01T10:39:20Z,view,1131,400,home.kitchen,Globex,731.46,3559,sess-15735
2020-04-01T10:39:22Z,view,9376,210,electronics.audio,Globex,176.95,1531,sess-08175
2020-04-01T10:19:42Z,view,4250,400,home.kitchen,Globex,755.99,3883,sess-03378
2020-04-01T10:19:43Z,view,4758,210,electronics.audio,Globex,414.42,987,sess-04336
2020-04-01T10:59:12Z,cart,1289,400,home.kitchen,Umbra,573.63,1636,sess-02980
2020-04-01T10:59:15Z,view,4633,210,electronics.audio,Acme,767.25,2754,sess-13962
2020-04-01T10:39:32Z,view,2803,300,apparel.shoes,Globex,529.78,2206,sess-11914
2020-04-01T10:39:34Z,view,1779,300,apparel.shoes,Globex,992.34,1489,sess-01340
2020-04-01T10:39:36Z,view,8734,300,apparel.shoes,Umbra,281.34,2296,sess-19875
2020-04-01T10:19:49Z,view,5986,300,apparel.shoes,Umbra,1026.03,914,sess-03175
2020-04-01T10:39:40Z,view,6920,300,apparel.shoes,Globex,361.19,4825,sess-17330
2020-04-01T10:19:51Z,view,2429,400,home.kitchen,Globex,904.74,872,sess-04276
2020-04-01T10:39:44Z,cart,8303,210,electronics.audio,Nova,930.42,809,sess-02454
2020-04-01T10:59:39Z,view,9741,210,electronics.audio,Umbra,630.23,1259,sess-01436
2020-04-01T10:39:48Z,cart,6996,300,apparel.shoes,Acme,106.22,3674,sess-03848
2020-04-01T10:59:45Z,view,5491,210,electronics.audio,Globex,851.43,1057,sess-09492
2020-04-01T10:59:48Z,purchase,9110,400,home.kitchen,Nova,252.45,4362,sess-16826
2020-04-01T10:59:51Z,view,7567,400,home.kitchen,Globex,10.38,4975,sess-08897
2020-04-01T10:39:56Z,view,9401,200,electronics.smartphone,Globex,789.98,3731,sess-16510
2020-04-01T10:19:59Z,view,5399,300,apparel.shoes,Umbra,73.19,4524,sess-03903
2020-04-01T11:00:00Z,view,3427,200,electronics.smartphone,Globex,1186.98,2276,sess-04358
2020-04-01T10:40:02Z,view,9758,210,electronics.audio,Umbra,950.86,952,sess-00046
2020-04-01T10:40:04Z,view,9999,200,electronics.smartphone,Acme,919.17,2164,sess-04379
2020-04-01T11:00:09Z,view,6824,200,electronics.smartphone,Acme,1457.55,1797,sess-09165
2020-04-01T10:40:08Z,view,5216,400,home.kitchen,Umbra,666.07,4951,sess-18052
2020-04-01T10:40:10Z,view,7479,210,electronics.audio,Globex,1090.80,1276,sess-14617
2020-04-01T10:20:06Z,view,2535,400,home.kitchen,Globex,1224.32,4063,sess-05948
2020-04-01T10:40:14Z,view,3955,400,home.kitchen,Globex,1328.45,2311,sess-00690
2020-04-01T10:40:16Z,view,3351,200,electronics.smartphone,Acme,1364.15,591,sess-13973
2020-04-01T10:20:09Z,view,1193,210,electronics.audio,Acme,35.97,4943,sess-03268
2020-04-01T10:20:10Z,view,5068,210,electronics.audio,Acme,942.94,685,sess-08771
2020-04-01T11:00:33Z,view,9886,200,electronics.smartphone,Nova,723.24,2773,sess-02785
2020-04-01T11:00:36Z,view,6036,210,electronics.audio,Umbra,88.53,2718,sess-15693
2020-04-01T10:40:26Z,view,1347,200,electronics.smartphone,Globex,158.34,365,sess-03370
2020-04-01T11:00:42Z,view,4675,200,electronics.smartphone,Umbra,225.33,197,sess-07428
2020-04-01T10:20:15Z,view,7303,210,electronics.audio,Umbra,169.65,921,sess-16116
2020-04-01T10:20:16Z,view,2249,300,apparel.shoes,Acme,1387.43,2734,sess-03879
2020-04-01T10:40:34Z,view,3917,210,electronics.audio,Globex,276.14,3512,sess-17383
2020-04-01T10:40:36Z,view,5702,300,apparel.shoes,Umbra,751.38,2854,sess-03406
2020-04-01T11:00:57Z,view,1035,200,electronics.smartphone,Nova,588.95,1218,sess-04804
2020-04-01T10:20:20Z,purchase,2854,200,electronics.smartphone,Umbra,421.32,4734,sess-14007
2020-04-01T11:01:03Z,view,3979,210,electronics.audio,Nova,638.63,3155,sess-11555
2020-04-01T11:01:06Z,view,3264,300,apparel.shoes,Nova,748.17,2015,sess-12557
2020-04-01T11:01:09Z,view,7301,210,electronics.audio,Globex,792.78,685,sess-19038
2020-04-01T10:40:48Z,view,4853,200,electronics.smartphone,Nova,1276.64,2964,sess-00094
2020-04-01T10:20:25Z,view,2804,210,electronics.audio,Umbra,1274.75,489,sess-11448
2020-04-01T10:20:26Z,view,3361,400,home.kitchen,Globex,1242.59,4518,sess-13798
2020-04-01T10:20:27Z,view,3344,200,electronics.smartphone,Acme,639.94,3093,sess-00864
2020-04-01T10:20:28Z,view,8812,200,electronics.smartphone,Globex,551.04,4866,sess-05184
2020-04-01T11:01:27Z,view,1204,200,electronics.smartphone,Globex,277.72,4663,sess-13648
2020-04-01T10:20:30Z,view,8703,300,apparel.shoes,Umbra,969.05,3372,sess-11054
2020-04-01T10:20:31Z,view,3554,200,electronics.smartphone,Acme,264.50,492,sess-01053
2020-04-01T11:01:36Z,view,7940,400,home.kitchen,Umbra,390.79,3722,sess-18159
2020-04-01T10:20:33Z,purchase,7941,210,electronics.audio,Globex,784.64,1285,sess-08908
2020-04-01T11:01:42Z,view,1917,400,home.kitchen,Acme,1120.26,1794,sess-12855
2020-04-01T10:41:10Z,cart,8821,400,home.kitchen,Nova,251.41,2566,sess-13275
2020-04-01T10:41:12Z,view,5422,210,electronics.audio,Acme,906.77,889,sess-03421
2020-04-01T10:20:37Z,view,5623,210,electronics.audio,Umbra,321.81,1334,sess-17747
2020-04-01T11:01:54Z,view,4305,210,electronics.audio,Acme,1465.11,266,sess-07876
2020-04-01T10:41:18Z,view,1748,400,home.kitchen,Umbra,466.36,394,sess-10309
2020-04-01T10:20:40Z,view,9195,400,home.kitchen,Acme,1089.90,1597,sess-10305
2020-04-01T10:20:41Z,view,7672,300,apparel.shoes,Nova,1163.71,4126,sess-03310
2020-04-01T11:02:06Z,view,1612,400,home.kitchen,Acme,697.34,2377,sess-05283
2020-04-01T11:02:09Z,purchase,4533,210,electronics.audio,Umbra,754.92,1154,sess-05278
2020-04-01T10:41:28Z,view,3149,400,home.kitchen,Acme,1284.65,2778,sess-09531
2020-04-01T11:02:15Z,view,4917,400,home.kitchen,Nova,232.84,1711,sess-19887
2020-04-01T10:20:46Z,view,1244,200,electronics.smartphone,Nova,1453.58,1169,sess-10144
2020-04-01T10:41:34Z,cart,8451,200,electronics.smartphone,Umbra,246.40,2570,sess-05562
2020-04-01T10:41:36Z,view,2461,300,apparel.shoes,Umbra,693.81,583,sess-05872
2020-04-01T10:41:38Z,view,3301,400,home.kitchen,Nova,548.39,1016,sess-18637
2020-04-01T10:41:40Z,view,3113,400,home.kitchen,Umbra,938.82,3612,sess-12018
2020-04-01T11:02:33Z,view,7769,200,electronics.smartphone,Acme,1313.93,4145,sess-14749
2020-04-01T10:41:44Z,view,5011,200,electronics.smartphone,Globex,162.42,4595,sess-00261
2020-04-01T10:41:46Z,cart,2195,400,home.kitchen,Nova,1005.38,1828,sess-12722
2020-04-01T10:41:48Z,view,9767,400,home.kitchen,Nova,1099.01,3809,sess-03576
2020-04-01T10:41:50Z,view,7578,210,electronics.audio,Globex,1494.68,2693,sess-02113
2020-04-01T10:41:52Z,view,2873,400,home.kitchen,Globex,237.83,2281,sess-14896
2020-04-01T10:20:57Z,purchase,6245,210,electronics.audio,Umbra,1162.44,4655,sess-01027
2020-04-01T11:02:54Z,view,8756,400,home.kitchen,Nova,39.30,1749,sess-01773
2020-04-01T10:20:59Z,view,5129,300,apparel.shoes,Umbra,414.49,1443,sess-02740
2020-04-01T10:21:00Z,view,7876,400,home.kitchen,Acme,392.87,4299,sess-07016
2020-04-01T10:42:02Z,view,6603,400,home.kitchen,Nova,1413.20,2433,sess-05392
2020-04-01T11:03:06Z,view,8156,210,electronics.audio,Globex,19.85,2906,sess-18689
2020-04-01T10:21:03Z,view,3369,200,electronics.smartphone,Nova,1345.27,2653,sess-10372
2020-04-01T10:42:08Z,view,2861,300,apparel.shoes,Globex,10.50,3330,sess-08612
2020-04-01T11:03:15Z,view,2596,400,home.kitchen,Globex,285.55,299,sess-07164
2020-04-01T11:03:18Z,purchase,4541,400,home.kitchen,Acme,1457.76,2852,sess-06874
2020-04-01T10:21:07Z,cart,6960,300,apparel.shoes,Nova,755.62,133,sess-09895
2020-04-01T11:03:24Z,view,7783,400,home.kitchen,Umbra,815.99,3362,sess-11526
2020-04-01T10:21:09Z,view,3880,200,electronics.smartphone,Nova,831.37,3759,sess-14038
2020-04-01T10:21:10Z,view,5669,400,home.kitchen,Acme,1407.16,3584,sess-09282
2020-04-01T11:03:33Z,view,2468,200,electronics.smartphone,Acme,1126.17,135,sess-13477
2020-04-01T10:21:12Z,view,9247,400,home.kitchen,Globex,1278.30,4762,sess-01070
2020-04-01T10:42:26Z,cart,7243,400,home.kitchen,Nova,1426.07,938,sess-06409
2020-04-01T10:42:28Z,view,7484,400,home.kitchen,Umbra,763.80,63,sess-12277
2020-04-01T10:21:15Z,cart,7794,300,apparel.shoes,Acme,624.76,1979,sess-00137
2020-04-01T11:03:48Z,view,7134,210,electronics.audio,Nova,259.76,4252,sess-19660
2020-04-01T11:03:51Z,cart,7412,210,electronics.audio,Nova,1202.99,1579,sess-12889
2020-04-01T10:42:36Z,cart,7396,210,electronics.audio,Globex,778.33,1424,sess-13210
2020-04-01T11:03:57Z,view,3069,200,electronics.smartphone,Umbra,1177.50,4131,sess-03879
2020-04-01T11:04:00Z,view,6282,210,electronics.audio,Globex,658.94,1670,sess-03056
2020-04-01T10:21:21Z,view,9907,200,electronics.smartphone,Nova,1114.80,646,sess-18737
2020-04-01T10:21:22Z,view,4056,300,apparel.shoes,Nova,805.45,1964,sess-07267
2020-04-01T11:04:09Z,cart,1847,300,apparel.shoes,Acme,943.02,2253,sess-02719
2020-04-01T10:21:24Z,view,8522,200,electronics.smartphone,Acme,427.28,4882,sess-04021
2020-04-01T10:21:25Z,view,9097,200,electronics.smartphone,Nova,739.10,2961,sess-06815
2020-04-01T10:42:52Z,view,8971,200,electronics.smartphone,Nova,566.01,626,sess-06891
2020-04-01T11:04:21Z,cart,3945,210,electronics.audio,Acme,991.20,2448,sess-00333
2020-04-01T10:21:28Z,purchase,6616,200,electronics.smartphone,Globex,901.99,2841,sess-15857
2020-04-01T11:04:27Z,view,2992,300,apparel.shoes,Globex,39.44,1580,sess-19862
2020-04-01T10:21:30Z,view,6978,210,electronics.audio,Globex,212.15,941,sess-07110
2020-04-01T11:04:33Z,purchase,5483,300,apparel.shoes,Umbra,526.09,3946,sess-06529
2020-04-01T10:43:04Z,cart,9123,400,home.kitchen,Globex,1383.91,3573,sess-16799
2020-04-01T10:43:06Z,view,5605,210,electronics.audio,Globex,1150.84,3219,sess-03372
2020-04-01T10:43:08Z,view,8992,210,electronics.audio,Acme,1121.88,3551,sess-14620
2020-04-01T10:21:35Z,view,8033,400,home.kitchen,Nova,1347.35,1637,sess-18585
2020-04-01T11:04:48Z,view,1553,210,electronics.audio,Umbra,443.74,4190,sess-08293
2020-04-01T10:21:37Z,cart,1490,400,home.kitchen,Umbra,646.93,940,sess-05896
2020-04-01T10:21:38Z,view,2190,210,electronics.audio,Acme,1170.37,1763,sess-12179
2020-04-01T10:21:39Z,view,1178,300,apparel.shoes,Acme,1193.88,2695,sess-07005
2020-04-01T10:43:20Z,view,5646,400,home.kitchen,Acme,158.87,4930,sess-06953
2020-04-01T10:43:22Z,view,8130,400,home.kitchen,Nova,79.24,2604,sess-10490
2020-04-01T10:43:24Z,view,5496,200,electronics.smartphone,Nova,260.85,3451,sess-03908
2020-04-01T10:21:43Z,view,1348,210,electronics.audio,Nova,1284.87,2336,sess-00585
2020-04-01T10:21:44Z,cart,3147,300,apparel.shoes,Umbra,1377.46,3300,sess-01213
2020-04-01T10:43:30Z,cart,2137,200,electronics.smartphone,Umbra,625.54,3850,sess-03117
2020-04-01T11:05:18Z,view,6665,300,apparel.shoes,Acme,473.20,3280,sess-02614
2020-04-01T10:21:47Z,cart,5889,400,home.kitchen,Umbra,1450.89,3724,sess-16166
2020-04-01T10:43:36Z,cart,1479,200,electronics.smartphone,Nova,212.41,1836,sess-01568
2020-04-01T11:05:27Z,view,3788,210,electronics.audio,Acme,1219.36,722,sess-06264
2020-04-01T10:43:40Z,view,5254,200,electronics.smartphone,Umbra,459.91,353,sess-03631
2020-04-01T10:43:42Z,view,5422,400,home.kitchen,Globex,184.25,1396,sess-04515
2020-04-01T11:05:36Z,view,8320,400,home.kitchen,Nova,868.94,1003,sess-17098
2020-04-01T11:05:39Z,view,6274,300,apparel.shoes,Acme,1150.47,3955,sess-07401
2020-04-01T10:21:54Z,view,4971,300,apparel.shoes,Acme,744.44,1687,sess-02557
2020-04-01T11:05:45Z,view,8670,210,electronics.audio,Umbra,513.97,3155,sess-06158
2020-04-01T10:43:52Z,view,8438,300,apparel.shoes,Nova,199.44,1262,sess-16532
2020-04-01T10:21:57Z,view,9412,400,home.kitchen,Umbra,420.37,1664,sess-13114
2020-04-01T10:43:56Z,view,3413,200,electronics.smartphone,Globex,364.64,3777,sess-03512
2020-04-01T11:05:57Z,view,1468,300,apparel.shoes,Acme,402.04,3902,sess-17397
2020-04-01T10:44:00Z,view,8069,300,apparel.shoes,Acme,649.12,1738,sess-04936
2020-04-01T10:44:02Z,view,5466,400,home.kitchen,Globex,576.87,3030,sess-03206
2020-04-01T10:44:04Z,view,4103,300,apparel.shoes,Nova,796.70,3299,sess-05789
2020-04-01T10:22:03Z,view,1817,200,electronics.smartphone,Umbra,84.44,2040,sess-03640
2020-04-01T11:06:12Z,view,2078,210,electronics.audio,Nova,1324.49,4360,sess-03311
2020-04-01T10:44:10Z,view,7437,400,home.kitchen,Nova,1319.89,830,sess-07206
2020-04-01T10:44:12Z,view,3802,210,electronics.audio,Acme,1060.25,1668,sess-11392
2020-04-01T11:06:21Z,view,4032,200,electronics.smartphone,Globex,1279.58,4123,sess-15623
2020-04-01T10:22:08Z,view,6162,210,electronics.audio,Acme,1350.30,569,sess-05461
2020-04-01T10:22:09Z,view,8011,400,home.kitchen,Globex,399.43,2737,sess-00683
2020-04-01T10:44:20Z,view,6769,200,electronics.smartphone,Acme,1310.46,3882,sess-19109
2020-04-01T10:22:11Z,cart,1284,200,electronics.smartphone,Globex,790.28,4648,sess-09525
2020-04-01T11:06:36Z,view,2638,200,electronics.smartphone,Umbra,1103.55,2496,sess-11000
2020-04-01T11:06:39Z,view,5153,400,home.kitchen,Umbra,532.18,2985,sess-15033
2020-04-01T10:44:28Z,view,2847,400,home.kitchen,Globex,35.99,2212,sess-17017
2020-04-01T10:44:30Z,view,6852,210,electronics.audio,Umbra,1112.81,4079,sess-01013
2020-04-01T11:06:48Z,view,2462,210,electronics.audio,Nova,1448.35,1588,sess-12380
2020-04-01T10:44:34Z,view,5346,210,electronics.audio,Umbra,628.85,2858,sess-10853
2020-04-01T10:22:18Z,view,1673,210,electronics.audio,Nova,1252.09,4748,sess-17042
2020-04-01T11:06:57Z,purchase,6685,400,home.kitchen,Globex,750.90,2363,sess-03611
2020-04-01T10:44:40Z,view,3461,400,home.kitchen,Nova,998.16,4286,sess-09496
2020-04-01T11:07:03Z,view,2058,300,apparel.shoes,Acme,329.90,2415,sess-00511
2020-04-01T10:22:22Z,view,9001,200,electronics.smartphone,Acme,992.08,2506,sess-00167
2020-04-01T11:07:09Z,view,3256,300,apparel.shoes,Globex,755.48,2869,sess-09283
2020-04-01T10:44:48Z,view,5434,200,electronics.smartphone,Globex,1377.80,1169,sess-06447
2020-04-01T10:44:50Z,cart,8752,200,electronics.smartphone,Nova,957.38,2906,sess-08151
2020-04-01T11:07:18Z,view,5280,200,electronics.smartphone,Umbra,848.04,2475,sess-19564
2020-04-01T10:44:54Z,view,4268,210,electronics.audio,Acme,303.29,2049,sess-04447
2020-04-01T10:44:56Z,view,8555,300,apparel.shoes,Acme,1314.50,4472,sess-06009
2020-04-01T10:44:58Z,view,9627,210,electronics.audio,Nova,1029.32,3621,sess-10265
2020-04-01T11:07:30Z,purchase,8006,300,apparel.shoes,Acme,694.62,3822,sess-13780
2020-04-01T10:45:02Z,view,2448,400,home.kitchen,Globex,872.58,1152,sess-09909
2020-04-01T11:07:36Z,view,1877,300,apparel.shoes,Nova,13.90,3217,sess-04127
2020-04-01T10:45:06Z,cart,2387,200,electronics.smartphone,Acme,976.57,449,sess-08854
2020-04-01T11:07:42Z,view,8888,300,apparel.shoes,Acme,879.00,2715,sess-01995
2020-04-01T10:22:35Z,view,9458,210,electronics.audio,Globex,745.48,1181,sess-18418
2020-04-01T10:22:36Z,view,6093,300,apparel.shoes,Acme,305.05,53,sess-15892
2020-04-01T10:22:37Z,view,2983,210,electronics.audio,Nova,159.89,4259,sess-03175
2020-04-01T10:22:38Z,view,1911,400,home.kitchen,Umbra,1474.13,998,sess-09828
2020-04-01T11:07:57Z,view,3018,400,home.kitchen,Globex,281.29,3542,sess-04793
2020-04-01T11:08:00Z,view,9380,210,electronics.audio,Acme,438.60,4479,sess-06566
2020-04-01T10:45:22Z,view,7018,400,home.kitchen,Nova,1200.78,2255,sess-12819
2020-04-01T10:22:42Z,view,3427,400,home.kitchen,Umbra,848.49,230,sess-09288
2020-04-01T11:08:09Z,purchase,8282,200,electronics.smartphone,Nova,704.52,350,sess-11624
2020-04-01T10:22:44Z,view,1149,300,apparel.shoes,Umbra,1292.23,1297,sess-11723
2020-04-01T11:08:15Z,view,9405,400,home.kitchen,Umbra,531.04,515,sess-05718
2020-04-01T11:08:18Z,cart,3294,400,home.kitchen,Nova,106.97,2281,sess-09927
2020-04-01T11:08:21Z,view,8729,400,home.kitchen,Umbra,1391.48,4964,sess-05911
2020-04-01T10:45:36Z,view,6309,210,electronics.audio,Acme,928.13,4824,sess-19030
2020-04-01T11:08:27Z,view,1483,200,electronics.smartphone,Nova,163.80,1304,sess-07593
2020-04-01T10:45:40Z,cart,4793,300,apparel.shoes,Nova,265.13,1939,sess-03455
2020-04-01T10:45:42Z,view,2014,200,electronics.smartphone,Umbra,1126.15,2052,sess-03752
2020-04-01T11:08:36Z,view,3851,200,electronics.smartphone,Globex,569.56,2631,sess-03528
2020-04-01T11:08:39Z,view,5136,210,electronics.audio,Globex,342.12,4024,sess-14337
2020-04-01T11:08:42Z,view,9659,400,home.kitchen,Acme,945.53,1576,sess-02819
2020-04-01T11:08:45Z,view,1544,210,electronics.audio,Acme,615.00,1152,sess-00172
2020-04-01T10:45:52Z,view,4036,300,apparel.shoes,Umbra,315.17,4327,sess-16259
2020-04-01T10:22:57Z,view,3258,300,apparel.shoes,Acme,567.30,551,sess-14382
2020-04-01T11:08:54Z,view,9474,210,electronics.audio,Umbra,349.71,2444,sess-03307
2020-04-01T10:22:59Z,view,4670,200,electronics.smartphone,Umbra,540.07,2375,sess-08238
2020-04-01T11:09:00Z,cart,9755,200,electronics.smartphone,Umbra,1398.05,4714,sess-07911
2020-04-01T10:46:02Z,view,1928,400,home.kitchen,Acme,1405.71,4473,sess-03634
2020-04-01T10:23:02Z,view,6538,200,electronics.smartphone,Globex,1332.60,3453,sess-08549
2020-04-01T11:09:09Z,view,9963,210,electronics.audio,Acme,114.00,2701,sess-02043
2020-04-01T11:09:12Z,view,2159,300,apparel.shoes,Nova,1394.40,3410,sess-19601
2020-04-01T11:09:15Z,view,5432,210,electronics.audio,Umbra,763.87,342,sess-03410
2020-04-01T10:23:06Z,view,8824,400,home.kitchen,Nova,87.76,2486,sess-07464
2020-04-01T10:46:14Z,view,8899,200,electronics.smartphone,Nova,1044.68,428,sess-12686
2020-04-01T10:46:16Z,cart,2893,210,electronics.audio,Umbra,1473.89,3588,sess-03867
2020-04-01T10:23:09Z,view,6621,210,electronics.audio,Globex,142.53,3577,sess-01899
2020-04-01T11:09:30Z,purchase,9785,400,home.kitchen,Globex,27.27,4654,sess-01501
2020-04-01T10:46:22Z,view,2255,200,electronics.smartphone,Umbra,427.48,465,sess-04153
2020-04-01T11:09:36Z,view,5790,210,electronics.audio,Acme,988.09,1063,sess-19862
2020-04-01T10:46:26Z,view,5099,200,electronics.smartphone,Globex,1104.15,4454,sess-06746
2020-04-01T11:09:42Z,view,5959,400,home.kitchen,Umbra,982.20,3006,sess-18069
2020-04-01T11:09:45Z,view,9870,300,apparel.shoes,Nova,1351.14,4125,sess-03421
2020-04-01T10:46:32Z,cart,2285,300,apparel.shoes,Globex,783.89,1668,sess-04494
2020-04-01T11:09:51Z,purchase,7101,200,electronics.smartphone,Nova,1049.02,1163,sess-01176
2020-04-01T10:46:36Z,view,1348,200,electronics.smartphone,Acme,884.42,4088,sess-01107
2020-04-01T10:46:38Z,view,5572,200,electronics.smartphone,Nova,1294.85,4996,sess-12581
2020-04-01T10:23:20Z,view,4677,200,electronics.smartphone,Umbra,649.47,1686,sess-12430
2020-04-01T10:46:42Z,cart,9872,200,electronics.smartphone,Umbra,1132.94,2850,sess-00852
2020-04-01T11:10:06Z,cart,1448,210,electronics.audio,Acme,1175.01,2794,sess-14224
2020-04-01T11:10:09Z,view,7358,200,electronics.smartphone,Umbra,861.04,2355,sess-17524
2020-04-01T11:10:12Z,view,7247,210,electronics.audio,Umbra,27.70,3829,sess-07807
2020-04-01T11:10:15Z,view,5094,200,electronics.smartphone,Umbra,594.93,4447,sess-09694
2020-04-01T11:10:18Z,view,5403,300,apparel.shoes,Umbra,463.81,2053,sess-19923
2020-04-01T10:23:27Z,view,3929,300,apparel.shoes,Umbra,18.26,3636,sess-15163
2020-04-01T11:10:24Z,view,4569,400,home.kitchen,Umbra,123.92,3348,sess-01920
2020-04-01T10:46:58Z,view,8216,200,electronics.smartphone,Globex,417.84,1473,sess-08455
2020-04-01T10:23:30Z,view,3858,210,electronics.audio,Nova,983.63,1204,sess-01625
2020-04-01T10:47:02Z,view,1687,300,apparel.shoes,Umbra,1073.25,4534,sess-07470
2020-04-01T10:23:32Z,view,6789,200,electronics.smartphone,Nova,527.85,4428,sess-01466
2020-04-01T11:10:39Z,view,9372,200,electronics.smartphone,Nova,857.70,635,sess-07766
2020-04-01T10:47:08Z,view,7987,200,electronics.smartphone,Umbra,912.42,2320,sess-04689
2020-04-01T10:23:35Z,view,7139,400,home.kitchen,Umbra,244.67,3856,sess-09636
2020-04-01T11:10:48Z,view,1418,210,electronics.audio,Umbra,473.09,871,sess-19957
2020-04-01T11:10:51Z,view,7206,210,electronics.audio,Acme,229.36,4774,sess-01069
2020-04-01T11:10:54Z,purchase,4679,200,electronics.smartphone,Nova,947.33,4632,sess-16499
2020-04-01T10:47:18Z,view,9646,200,electronics.smartphone,Umbra,789.05,422,sess-19894
2020-04-01T10:47:20Z,cart,4195,300,apparel.shoes,Globex,496.38,4713,sess-09604
2020-04-01T10:47:22Z,view,6157,400,home.kitchen,Umbra,1436.62,946,sess-07899
2020-04-01T10:47:24Z,view,6766,200,electronics.smartphone,Globex,546.63,4592,sess-16569
2020-04-01T11:11:09Z,cart,7862,400,home.kitchen,Globex,1480.18,1883,sess-18657
2020-04-01T10:23:44Z,view,3263,400,home.kitchen,Acme,515.65,4961,sess-08529
2020-04-01T10:23:45Z,view,7898,400,home.kitchen,Globex,950.78,4138,sess-04863
2020-04-01T11:11:18Z,view,1254,400,home.kitchen,Nova,1149.44,1367,sess-03959
2020-04-01T10:23:47Z,view,3070,200,electronics.smartphone,Globex,254.57,280,sess-14137
2020-04-01T11:11:24Z,view,7919,400,home.kitchen,Umbra,837.63,2903,sess-04177
2020-04-01T11:11:27Z,view,6518,200,electronics.smartphone,Acme,166.12,2758,sess-19382
2020-04-01T10:47:40Z,view,6815,200,electronics.smartphone,Umbra,1112.34,3678,sess-13399
2020-04-01T10:23:51Z,cart,3205,400,home.kitchen,Globex,1405.25,1503,sess-19319
2020-04-01T11:11:36Z,view,7060,200,electronics.smartphone,Umbra,269.20,3716,sess-12432
2020-04-01T11:11:39Z,view,4805,200,electronics.smartphone,Nova,848.38,2436,sess-16165
2020-04-01T10:23:54Z,view,6288,300,apparel.shoes,Globex,1430.50,3147,sess-10440
2020-04-01T10:47:50Z,cart,9505,400,home.kitchen,Umbra,474.98,2280,sess-18847
2020-04-01T10:23:56Z,view,2942,210,electronics.audio,Umbra,339.33,2359,sess-08974
2020-04-01T11:11:51Z,view,2738,300,apparel.shoes,Globex,314.23,1898,sess-09131
2020-04-01T10:23:58Z,view,1651,200,electronics.smartphone,Umbra,14.96,4423,sess-17627
2020-04-01T10:47:58Z,view,5617,210,electronics.audio,Umbra,783.74,4679,sess-13976
2020-04-01T10:24:00Z,view,2965,200,electronics.smartphone,Umbra,134.86,3641,sess-14165
2020-04-01T11:12:03Z,view,6795,200,electronics.smartphone,Umbra,494.04,648,sess-07289
2020-04-01T10:24:02Z,view,8429,300,apparel.shoes,Nova,475.64,4202,sess-02428
2020-04-01T11:12:09Z,cart,9540,200,electronics.smartphone,Acme,993.39,2602,sess-06239
2020-04-01T11:12:12Z,view,5029,200,electronics.smartphone,Globex,1415.03,1122,sess-19214
2020-04-01T10:48:10Z,cart,8702,300,apparel.shoes,Globex,1101.67,1241,sess-15877
2020-04-01T11:12:18Z,view,2453,210,electronics.audio,Globex,105.56,4230,sess-07019
2020-04-01T10:24:07Z,view,1635,210,electronics.audio,Umbra,948.38,3426,sess-08621
2020-04-01T11:12:24Z,cart,9691,400,home.kitchen,Nova,1313.18,1476,sess-09834
2020-04-01T10:24:09Z,view,7425,400,home.kitchen,Acme,446.65,4898,sess-11703
2020-04-01T10:24:10Z,view,7874,300,apparel.shoes,Nova,640.17,3664,sess-10663
2020-04-01T10:48:22Z,view,2860,300,apparel.shoes,Nova,1161.65,2848,sess-13045
2020-04-01T10:48:24Z,view,4847,400,home.kitchen,Acme,326.58,238,sess-09534
2020-04-01T10:48:26Z,view,5286,300,apparel.shoes,Umbra,665.72,2602,sess-13476
2020-04-01T10:48:28Z,view,5396,200,electronics.smartphone,Nova,1228.69,3978,sess-07175
2020-04-01T10:24:15Z,view,4625,400,home.kitchen,Umbra,1170.43,4690,sess-05458
2020-04-01T11:12:48Z,cart,9843,210,electronics.audio,Umbra,139.93,164,sess-00692
2020-04-01T10:24:17Z,view,2039,300,apparel.shoes,Nova,805.53,404,sess-16996
2020-04-01T11:12:54Z,view,5754,210,electronics.audio,Globex,327.34,1323,sess-12252
2020-04-01T10:48:38Z,view,1591,200,electronics.smartphone,Acme,599.92,165,sess-17255
2020-04-01T10:24:20Z,view,5638,210,electronics.audio,Acme,1159.76,2470,sess-00795
2020-04-01T10:48:42Z,view,3025,300,apparel.shoes,Acme,1112.09,3096,sess-13132
2020-04-01T11:13:06Z,view,2210,200,electronics.smartphone,Globex,1115.26,4133,sess-13612
2020-04-01T10:48:46Z,cart,7408,200,electronics.smartphone,Acme,1178.23,1592,sess-19848
2020-04-01T11:13:12Z,view,5490,300,apparel.shoes,Nova,1454.05,3760,sess-06641
2020-04-01T10:48:50Z,view,5771,400,home.kitchen,Nova,612.46,3519,sess-03050
2020-04-01T11:13:18Z,view,9736,300,apparel.shoes,Nova,1489.77,4151,sess-08016
2020-04-01T10:48:54Z,view,9955,300,apparel.shoes,Globex,1462.91,888,sess-14820
2020-04-01T10:24:28Z,view,7059,400,home.kitchen,Acme,469.36,3906,sess-18454
2020-04-01T10:48:58Z,view,3773,200,electronics.smartphone,Nova,130.41,1702,sess-16051
2020-04-01T10:24:30Z,view,1965,210,electronics.audio,Acme,1112.06,4043,sess-08259
2020-04-01T10:49:02Z,view,7660,300,apparel.shoes,Nova,1133.78,46,sess-08787
2020-04-01T11:13:36Z,view,4862,300,apparel.shoes,Acme,774.07,2637,sess-15119
2020-04-01T11:13:39Z,view,7974,200,electronics.smartphone,Acme,25.37,635,sess-12311
2020-04-01T10:24:34Z,view,4233,210,electronics.audio,Nova,639.15,3585,sess-03725
2020-04-01T10:49:10Z,view,9963,210,electronics.audio,Umbra,180.79,3426,sess-13088
2020-04-01T10:24:36Z,view,7088,300,apparel.shoes,Umbra,787.26,4619,sess-05438
2020-04-01T11:13:51Z,cart,8735,300,apparel.shoes,Globex,1390.98,3792,sess-06902
2020-04-01T10:49:16Z,view,9591,210,electronics.audio,Acme,272.94,3882,sess-00322
2020-04-01T10:49:18Z,view,6109,200,electronics.smartphone,Acme,808.91,1538,sess-06530
2020-04-01T10:24:40Z,view,8679,200,electronics.smartphone,Umbra,956.33,4870,sess-05127
2020-04-01T11:14:03Z,cart,4156,200,electronics.smartphone,Umbra,1302.80,2250,sess-09313
2020-04-01T10:24:42Z,view,7607,300,apparel.shoes,Globex,990.75,2087,sess-18387
2020-04-01T11:14:09Z,view,4546,200,electronics.smartphone,Nova,157.97,2294,sess-05844
2020-04-01T10:24:44Z,view,5542,300,apparel.shoes,Acme,1176.13,3879,sess-06859
2020-04-01T10:24:45Z,cart,3348,210,electronics.audio,Globex,488.39,1351,sess-15581
2020-04-01T10:24:46Z,view,7969,400,home.kitchen,Nova,1141.21,3865,sess-10719
2020-04-01T11:14:21Z,view,7316,400,home.kitchen,Acme,785.37,3887,sess-11633
2020-04-01T10:49:36Z,cart,3721,210,electronics.audio,Umbra,842.93,2276,sess-04683
2020-04-01T10:49:38Z,view,8133,200,electronics.smartphone,Umbra,551.70,2853,sess-05834
2020-04-01T11:14:30Z,view,4502,400,home.kitchen,Acme,272.61,4586,sess-06259
2020-04-01T10:49:42Z,view,8243,210,electronics.audio,Acme,881.35,2958,sess-17237
2020-04-01T10:49:44Z,view,5157,300,apparel.shoes,Nova,55.12,4119,sess-00426
2020-04-01T10:24:53Z,view,1719,400,home.kitchen,Nova,1456.86,2073,sess-08985
2020-04-01T11:14:42Z,view,9033,400,home.kitchen,Acme,973.08,1424,sess-15514
2020-04-01T10:24:55Z,view,7054,200,electronics.smartphone,Acme,269.48,237,sess-05020
2020-04-01T10:24:56Z,view,2956,400,home.kitchen,Umbra,98.18,460,sess-14529
2020-04-01T11:14:51Z,cart,1273,210,electronics.audio,Umbra,257.97,2726,sess-10371
2020-04-01T11:14:54Z,view,7605,200,electronics.smartphone,Globex,1238.45,3411,sess-02015
2020-04-01T11:14:57Z,view,2375,300,apparel.shoes,Nova,914.75,1414,sess-14530
2020-04-01T10:50:00Z,view,1052,210,electronics.audio,Acme,180.98,2550,sess-08971
2020-04-01T10:50:02Z,view,2444,400,home.kitchen,Acme,134.19,953,sess-02968
2020-04-01T10:25:02Z,view,1171,210,electronics.audio,Umbra,1316.41,1782,sess-12273
2020-04-01T10:50:06Z,view,3174,210,electronics.audio,Globex,434.18,2544,sess-01748
2020-04-01T10:50:08Z,view,7782,300,apparel.shoes,Umbra,302.84,1852,sess-06169
2020-04-01T11:15:15Z,view,5334,400,home.kitchen,Nova,548.60,758,sess-16053
2020-04-01T11:15:18Z,view,1601,210,electronics.audio,Nova,855.22,4795,sess-12638
2020-04-01T11:15:21Z,view,5729,300,apparel.shoes,Umbra,758.13,1700,sess-11213
2020-04-01T10:25:08Z,view,9409,200,electronics.smartphone,Globex,394.96,1727,sess-08462
2020-04-01T11:15:27Z,view,3290,400,home.kitchen,Acme,847.84,3828,sess-19229
2020-04-01T10:50:20Z,view,2713,300,apparel.shoes,Acme,715.87,2940,sess-00259
2020-04-01T10:25:11Z,view,6865,210,electronics.audio,Nova,283.31,2510,sess-05333
2020-04-01T10:50:24Z,cart,8126,400,home.kitchen,Umbra,382.60,3272,sess-15519
2020-04-01T11:15:39Z,purchase,7572,400,home.kitchen,Acme,1316.76,2460,sess-01315
2020-04-01T11:15:42Z,view,7977,400,home.kitchen,Globex,47.69,2207,sess-18924
2020-04-01T10:50:30Z,view,9586,300,apparel.shoes,Acme,199.19,1626,sess-18612
2020-04-01T10:25:16Z,view,6067,200,electronics.smartphone,Globex,252.19,1159,sess-11342
2020-04-01T10:25:17Z,view,3819,210,electronics.audio,Nova,358.09,2469,sess-10078
2020-04-01T10:50:36Z,cart,5009,200,electronics.smartphone,Globex,564.52,1263,sess-18198
2020-04-01T10:50:38Z,view,2636,300,apparel.shoes,Nova,1049.68,3857,sess-18017
2020-04-01T10:25:20Z,view,4977,400,home.kitchen,Nova,1145.75,785,sess-12701
2020-04-01T10:50:42Z,view,5639,300,apparel.shoes,Acme,112.13,3479,sess-19561
2020-04-01T10:25:22Z,view,3918,210,electronics.audio,Nova,754.68,1927,sess-12096
2020-04-01T10:50:46Z,view,4769,200,electronics.smartphone,Acme,320.79,1132,sess-16383
2020-04-01T11:16:12Z,view,7292,300,apparel.shoes,Nova,470.08,1474,sess-13950
2020-04-01T10:25:25Z,view,5276,200,electronics.smartphone,Nova,1025.10,3455,sess-05883
2020-04-01T10:50:52Z,cart,6673,200,electronics.smartphone,Globex,23.28,831,sess-13254
2020-04-01T10:50:54Z,view,8449,400,home.kitchen,Acme,1006.94,95,sess-15930
2020-04-01T10:50:56Z,view,7962,300,apparel.shoes,Umbra,1204.62,2119,sess-03800
2020-04-01T10:50:58Z,view,6489,400,home.kitchen,Nova,272.37,4383,sess-11956
2020-04-01T10:51:00Z,cart,3463,200,electronics.smartphone,Globex,1062.81,57,sess-11047
2020-04-01T10:51:02Z,view,8125,400,home.kitchen,Nova,186.72,398,sess-15230
2020-04-01T10:51:04Z,view,1820,300,apparel.shoes,Acme,509.51,4910,sess-12102
2020-04-01T10:51:06Z,view,3928,300,apparel.shoes,Acme,672.92,2403,sess-11695
2020-04-01T10:25:34Z,view,6853,200,electronics.smartphone,Acme,376.70,300,sess-17409
2020-04-01T10:51:10Z,cart,3369,210,electronics.audio,Globex,521.35,4043,sess-14127
2020-04-01T11:16:48Z,view,1665,400,home.kitchen,Acme,224.39,627,sess-10702
2020-04-01T10:51:14Z,cart,9398,400,home.kitchen,Nova,1125.15,646,sess-11069
2020-04-01T10:25:38Z,cart,4013,200,electronics.smartphone,Globex,652.99,2105,sess-02598
2020-04-01T10:25:39Z,cart,5967,300,apparel.shoes,Umbra,369.41,4212,sess-17668
2020-04-01T10:51:20Z,view,4525,400,home.kitchen,Acme,1168.57,3580,sess-09005
2020-04-01T10:51:22Z,view,3969,400,home.kitchen,Globex,314.67,2335,sess-08936
2020-04-01T10:25:42Z,view,5375,300,apparel.shoes,Globex,954.11,3789,sess-19631
2020-04-01T11:17:09Z,view,1296,210,electronics.audio,Nova,435.31,2660,sess-07244
2020-04-01T10:51:28Z,view,6386,400,home.kitchen,Umbra,838.70,4436,sess-12749
2020-04-01T10:25:45Z,view,6674,300,apparel.shoes,Globex,1115.14,3641,sess-04974
2020-04-01T10:25:46Z,view,5189,400,home.kitchen,Nova,859.11,3301,sess-01058
2020-04-01T10:51:34Z,view,2361,300,apparel.shoes,Nova,441.28,1701,sess-17354
2020-04-01T10:51:36Z,view,1484,400,home.kitchen,Nova,530.68,1278,sess-19168
2020-04-01T11:17:27Z,purchase,5651,200,electronics.smartphone,Globex,566.05,4559,sess-16082
2020-04-01T11:17:30Z,view,3023,400,home.kitchen,Umbra,1488.24,795,sess-12968
2020-04-01T10:51:42Z,view,3606,210,electronics.audio,Umbra,1128.16,3286,sess-18025
2020-04-01T10:25:52Z,view,6950,300,apparel.shoes,Nova,801.10,866,sess-10413
2020-04-01T10:51:46Z,view,8600,400,home.kitchen,Umbra,1310.65,2346,sess-14728
2020-04-01T10:25:54Z,view,9727,200,electronics.smartphone,Nova,1026.61,2737,sess-15206
2020-04-01T10:25:55Z,view,7852,400,home.kitchen,Acme,930.22,3362,sess-06190
2020-04-01T10:51:52Z,view,1374,400,home.kitchen,Acme,856.11,2663,sess-19983
2020-04-01T10:25:57Z,view,1372,300,apparel.shoes,Nova,1295.84,4927,sess-12758
2020-04-01T10:51:56Z,cart,4920,300,apparel.shoes,Globex,1382.47,1436,sess-15473
2020-04-01T11:17:57Z,view,2061,300,apparel.shoes,Nova,691.49,254,sess-06784
2020-04-01T10:52:00Z,view,3897,210,electronics.audio,Globex,1206.51,3780,sess-16392
2020-04-01T10:52:02Z,view,8572,210,electronics.audio,Nova,1024.63,573,sess-00226
2020-04-01T11:18:06Z,cart,2152,400,home.kitchen,Acme,808.33,3417,sess-08521
2020-04-01T11:18:09Z,cart,8877,400,home.kitchen,Acme,1243.32,490,sess-09600
2020-04-01T10:26:04Z,view,7544,300,apparel.shoes,Umbra,190.46,4191,sess-14420
2020-04-01T10:26:05Z,view,3768,200,electronics.smartphone,Nova,217.22,3003,sess-13530
2020-04-01T11:18:18Z,view,5333,210,electronics.audio,Nova,115.73,796,sess-10815
2020-04-01T10:52:14Z,view,5259,210,electronics.audio,Umbra,499.34,2806,sess-09677
2020-04-01T10:52:16Z,view,1585,300,apparel.shoes,Umbra,43.78,1148,sess-04851
2020-04-01T10:52:18Z,view,6024,300,apparel.shoes,Umbra,715.55,1297,sess-18601
2020-04-01T11:18:30Z,view,3106,210,electronics.audio,Globex,579.42,1201,sess-19905
2020-04-01T10:52:22Z,view,4467,200,electronics.smartphone,Nova,23.04,4778,sess-09928
2020-04-01T11:18:36Z,view,3791,400,home.kitchen,Umbra,754.14,2820,sess-05108
2020-04-01T10:52:26Z,view,8950,400,home.kitchen,Acme,728.58,1386,sess-17211
2020-04-01T11:18:42Z,view,6609,200,electronics.smartphone,Acme,229.38,1842,sess-10136
2020-04-01T10:26:15Z,view,6840,210,electronics.audio,Globex,959.76,4087,sess-15052
2020-04-01T11:18:48Z,view,6956,210,electronics.audio,Acme,1428.28,270,sess-13058
2020-04-01T11:18:51Z,purchase,9761,300,apparel.shoes,Globex,88.68,4406,sess-02604
2020-04-01T10:26:18Z,view,5195,210,electronics.audio,Acme,1077.48,1497,sess-08032
2020-04-01T10:26:19Z,view,5546,300,apparel.shoes,Umbra,1376.61,749,sess-06227
2020-04-01T10:52:40Z,view,4403,200,electronics.smartphone,Acme,874.00,1865,sess-07994
2020-04-01T10:52:42Z,view,6224,200,electronics.smartphone,Globex,665.64,599,sess-06437
2020-04-01T10:26:22Z,view,9886,200,electronics.smartphone,Nova,453.44,4829,sess-07045
2020-04-01T10:52:46Z,cart,8252,200,electronics.smartphone,Acme,923.55,1596,sess-19299
2020-04-01T11:19:12Z,view,7671,300,apparel.shoes,Nova,268.92,4927,sess-08872
2020-04-01T11:19:15Z,view,5909,300,apparel.shoes,Umbra,416.56,2165,sess-17439
2020-04-01T11:19:18Z,view,2826,400,home.kitchen,Nova,1340.58,1493,sess-15978
2020-04-01T10:26:27Z,view,3672,400,home.kitchen,Nova,1011.10,1465,sess-02149
2020-04-01T10:26:28Z,view,9824,300,apparel.shoes,Umbra,1145.46,1497,sess-06344
2020-04-01T11:19:27Z,view,6243,300,apparel.shoes,Globex,453.59,4346,sess-15463
2020-04-01T10:26:30Z,view,6304,210,electronics.audio,Globex,1179.79,1282,sess-06289
2020-04-01T10:53:02Z,view,9461,300,apparel.shoes,Globex,1170.73,3882,sess-19505
2020-04-01T10:53:04Z,view,8732,300,apparel.shoes,Umbra,503.91,2488,sess-12151
2020-04-01T10:53:06Z,view,6046,400,home.kitchen,Acme,628.60,3485,sess-18458
2020-04-01T11:19:42Z,view,6793,400,home.kitchen,Globex,34.12,1147,sess-14972
2020-04-01T10:53:10Z,view,5193,210,electronics.audio,Umbra,644.11,2415,sess-12239
2020-04-01T10:26:36Z,cart,4522,210,electronics.audio,Globex,164.72,4121,sess-14422
2020-04-01T11:19:51Z,purchase,8859,300,apparel.shoes,Nova,1420.33,4858,sess-15397
2020-04-01T10:26:38Z,view,5093,400,home.kitchen,Umbra,93.68,2295,sess-19881
2020-04-01T10:26:39Z,cart,9812,300,apparel.shoes,Acme,170.99,3027,sess-14357
2020-04-01T11:20:00Z,view,7779,300,apparel.shoes,Acme,863.26,1244,sess-04929
2020-04-01T11:20:03Z,view,5017,400,home.kitchen,Umbra,992.73,2686,sess-18768
2020-04-01T10:53:24Z,purchase,3301,200,electronics.smartphone,Globex,545.04,558,sess-10288
2020-04-01T11:20:09Z,view,6263,210,electronics.audio,Umbra,502.85,3837,sess-07461
2020-04-01T10:53:28Z,view,1379,300,apparel.shoes,Acme,643.86,1150,sess-03906
2020-04-01T11:20:15Z,view,9392,200,electronics.smartphone,Umbra,1493.50,3060,sess-00531
2020-04-01T11:20:18Z,view,5630,400,home.kitchen,Acme,1102.98,4709,sess-10937
2020-04-01T10:53:34Z,cart,9712,200,electronics.smartphone,Globex,136.16,1297,sess-16827
2020-04-01T11:20:24Z,view,8060,200,electronics.smartphone,Globex,1321.41,2269,sess-15261
2020-04-01T11:20:27Z,view,2196,300,apparel.shoes,Nova,793.93,1489,sess-18849
2020-04-01T10:26:50Z,view,7577,200,electronics.smartphone,Acme,1243.19,4709,sess-09628
2020-04-01T11:20:33Z,view,6281,210,electronics.audio,Umbra,338.22,3500,sess-04932
2020-04-01T11:20:36Z,cart,4282,400,home.kitchen,Globex,1073.78,4706,sess-11622
2020-04-01T11:20:39Z,view,3429,210,electronics.audio,Acme,44.21,1689,sess-10109
2020-04-01T10:26:54Z,view,9848,210,electronics.audio,Globex,476.43,2856,sess-02270
2020-04-01T10:26:55Z,purchase,5963,210,electronics.audio,Umbra,353.30,1338,sess-13903
2020-04-01T10:53:52Z,cart,3249,200,electronics.smartphone,Globex,565.80,3602,sess-04035
2020-04-01T10:53:54Z,view,1806,400,home.kitchen,Acme,312.42,3661,sess-14371
2020-04-01T10:26:58Z,view,3868,200,electronics.smartphone,Acme,186.95,4151,sess-18950
2020-04-01T11:20:57Z,view,6871,400,home.kitchen,Umbra,1477.80,2596,sess-13603
2020-04-01T10:54:00Z,cart,5182,400,home.kitchen,Nova,29.14,4168,sess-03670
2020-04-01T10:54:02Z,cart,2639,400,home.kitchen,Umbra,1255.62,2906,sess-11810
2020-04-01T11:21:06Z,view,2383,210,electronics.audio,Umbra,1446.53,3193,sess-15446
2020-04-01T10:27:03Z,view,3305,200,electronics.smartphone,Globex,196.28,2040,sess-05812
2020-04-01T11:21:12Z,cart,1638,400,home.kitchen,Umbra,1300.19,502,sess-19537
2020-04-01T10:27:05Z,view,7797,300,apparel.shoes,Globex,1404.76,1291,sess-13738
2020-04-01T11:21:18Z,view,2792,300,apparel.shoes,Umbra,462.57,1331,sess-00983
2020-04-01T10:27:07Z,view,6260,300,apparel.shoes,Globex,1333.79,234,sess-00847
2020-04-01T10:27:08Z,view,1761,400,home.kitchen,Globex,1085.17,4420,sess-12355
2020-04-01T10:27:09Z,view,1244,200,electronics.smartphone,Nova,1482.35,2857,sess-07298
2020-04-01T11:21:30Z,view,7800,400,home.kitchen,Acme,906.89,4397,sess-14432
2020-04-01T10:54:22Z,view,8802,300,apparel.shoes,Acme,986.28,3847,sess-08417
2020-04-01T10:27:12Z,view,9074,400,home.kitchen,Globex,774.53,4680,sess-06432
2020-04-01T10:27:13Z,cart,2553,200,electronics.smartphone,Umbra,162.32,3309,sess-09251
2020-04-01T11:21:42Z,view,5933,210,electronics.audio,Umbra,782.28,2693,sess-15144
2020-04-01T10:27:15Z,view,6373,210,electronics.audio,Nova,871.16,3458,sess-12281
2020-04-01T10:27:16Z,view,4242,200,electronics.smartphone,Globex,56.00,1493,sess-00470
2020-04-01T10:27:17Z,view,6284,400,home.kitchen,Nova,1287.23,96,sess-18747
2020-04-01T10:54:36Z,view,4519,400,home.kitchen,Umbra,181.14,3713,sess-08612
2020-04-01T11:21:57Z,cart,4052,300,apparel.shoes,Nova,733.60,2092,sess-11174
2020-04-01T11:22:00Z,view,6609,200,electronics.smartphone,Acme,551.31,4253,sess-08614
2020-04-01T11:22:03Z,cart,2549,210,electronics.audio,Umbra,184.82,1861,sess-14990
2020-04-01T10:27:22Z,view,6695,210,electronics.audio,Globex,1476.55,2516,sess-14830
2020-04-01T10:27:23Z,cart,9370,400,home.kitchen,Globex,336.68,1597,sess-04644
2020-04-01T10:27:24Z,view,9611,300,apparel.shoes,Umbra,798.19,4923,sess-04974
2020-04-01T11:22:15Z,view,9697,210,electronics.audio,Globex,1022.19,1367,sess-12271
2020-04-01T10:54:52Z,cart,9860,210,electronics.audio,Umbra,421.24,4995,sess-13895
2020-04-01T10:54:54Z,view,9548,400,home.kitchen,Acme,208.50,3451,sess-15616
2020-04-01T11:22:24Z,view,5117,200,electronics.smartphone,Acme,1101.52,4553,sess-10211
2020-04-01T10:27:29Z,view,7723,200,electronics.smartphone,Nova,244.58,1150,sess-04712
2020-04-01T10:27:30Z,view,7865,210,electronics.audio,Globex,1252.32,3204,sess-19380
2020-04-01T11:22:33Z,view,3300,300,apparel.shoes,Globex,880.96,3289,sess-04046
2020-04-01T10:27:32Z,view,8264,210,electronics.audio,Umbra,21.10,1167,sess-09027
2020-04-01T11:22:39Z,view,8718,200,electronics.smartphone,Nova,191.67,1903,sess-14362
2020-04-01T10:55:08Z,cart,2153,210,electronics.audio,Acme,66.25,2797,sess-08917
2020-04-01T10:55:10Z,cart,7978,400,home.kitchen,Umbra,1038.70,4793,sess-05520
2020-04-01T11:22:48Z,purchase,9566,210,electronics.audio,Umbra,906.96,845,sess-02903
2020-04-01T10:55:14Z,view,9102,210,electronics.audio,Umbra,162.26,3543,sess-13818
2020-04-01T10:55:16Z,view,9320,300,apparel.shoes,Acme,380.62,2694,sess-13751
2020-04-01T10:55:18Z,view,2656,200,electronics.smartphone,Umbra,335.98,3978,sess-07955
2020-04-01T11:23:00Z,cart,8993,200,electronics.smartphone,Nova,566.85,4594,sess-19879
2020-04-01T10:27:41Z,view,2766,200,electronics.smartphone,Umbra,180.62,4837,sess-03231
2020-04-01T10:55:24Z,view,7451,400,home.kitchen,Acme,663.17,327,sess-11381
2020-04-01T10:55:26Z,view,8074,400,home.kitchen,Acme,41.10,211,sess-07080
2020-04-01T11:23:12Z,cart,7752,300,apparel.shoes,Umbra,384.00,233,sess-14963
2020-04-01T11:23:15Z,view,5074,300,apparel.shoes,Umbra,490.15,2267,sess-14615
2020-04-01T10:55:32Z,view,4430,210,electronics.audio,Globex,1112.35,4576,sess-17934
2020-04-01T10:27:47Z,view,2456,400,home.kitchen,Umbra,1111.09,2735,sess-11528
2020-04-01T10:27:48Z,view,2659,300,apparel.shoes,Nova,748.30,741,sess-13306
2020-04-01T10:55:38Z,view,5336,210,electronics.audio,Globex,659.46,3977,sess-11489
2020-04-01T11:23:30Z,view,6288,210,electronics.audio,Umbra,469.24,131,sess-03653
2020-04-01T11:23:33Z,view,7520,210,electronics.audio,Nova,1068.94,623,sess-06509
2020-04-01T10:55:44Z,view,3388,300,apparel.shoes,Acme,203.88,2787,sess-17460
2020-04-01T11:23:39Z,view,2346,300,apparel.shoes,Globex,65.96,2653,sess-07368
2020-04-01T10:27:54Z,cart,1431,300,apparel.shoes,Globex,1474.98,4051,sess-07356
2020-04-01T11:23:45Z,view,4538,400,home.kitchen,Nova,1447.06,1191,sess-00407
2020-04-01T10:27:56Z,purchase,7791,400,home.kitchen,Nova,292.40,4558,sess-18063
2020-04-01T10:27:57Z,view,5284,400,home.kitchen,Umbra,549.95,2982,sess-08637
2020-04-01T10:27:58Z,cart,2262,300,apparel.shoes,Globex,1479.45,1102,sess-10541
2020-04-01T11:23:57Z,view,9314,200,electronics.smartphone,Globex,1211.84,3898,sess-17543
2020-04-01T11:24:00Z,view,4669,300,apparel.shoes,Nova,84.54,3812,sess-08819
2020-04-01T11:24:03Z,view,8146,400,home.kitchen,Acme,675.46,530,sess-05615
2020-04-01T11:24:06Z,view,8809,300,apparel.shoes,Umbra,102.79,1212,sess-02090
2020-04-01T10:28:03Z,view,1451,300,apparel.shoes,Nova,1147.73,4897,sess-16083
2020-04-01T10:28:04Z,view,8407,210,electronics.audio,Nova,460.47,2539,sess-17643
2020-04-01T10:28:05Z,cart,9841,210,electronics.audio,Umbra,1456.48,4808,sess-10305
2020-04-01T10:28:06Z,view,2163,200,electronics.smartphone,Globex,246.00,522,sess-17360
2020-04-01T10:28:07Z,view,3969,210,electronics.audio,Nova,501.03,242,sess-16220
2020-04-01T10:28:08Z,view,7677,400,home.kitchen,Umbra,518.23,3124,sess-15546
2020-04-01T10:56:18Z,view,3906,300,apparel.shoes,Globex,280.93,3526,sess-08258
2020-04-01T10:56:20Z,view,6754,210,electronics.audio,Acme,145.57,669,sess-11132
2020-04-01T11:24:33Z,view,1969,200,electronics.smartphone,Acme,1445.58,3057,sess-03130
2020-04-01T11:24:36Z,view,6355,200,electronics.smartphone,Umbra,1358.19,3152,sess-10036
2020-04-01T10:56:26Z,view,3824,200,electronics.smartphone,Acme,331.47,1545,sess-16326
2020-04-01T10:28:14Z,cart,7130,210,electronics.audio,Globex,1061.02,4703,sess-05798
2020-04-01T10:28:15Z,cart,1497,400,home.kitchen,Umbra,1191.50,318,sess-17616
2020-04-01T10:28:16Z,view,2765,300,apparel.shoes,Nova,255.24,2860,sess-05912
2020-04-01T10:56:34Z,cart,3543,210,electronics.audio,Nova,824.23,2764,sess-14899
2020-04-01T10:56:36Z,view,2072,200,electronics.smartphone,Globex,362.98,2772,sess-08069
2020-04-01T11:24:57Z,cart,1681,400,home.kitchen,Acme,1382.08,2936,sess-01921
2020-04-01T10:56:40Z,view,6251,200,electronics.smartphone,Globex,800.23,4320,sess-18449
2020-04-01T11:25:03Z,view,6248,300,apparel.shoes,Nova,442.97,1110,sess-14677
2020-04-01T10:56:44Z,view,8129,400,home.kitchen,Nova,739.40,3089,sess-02700
2020-04-01T11:25:09Z,view,6011,400,home.kitchen,Acme,1049.86,4077,sess-09411
2020-04-01T10:28:24Z,view,2461,210,electronics.audio,Umbra,859.06,2516,sess-19251
2020-04-01T10:56:50Z,purchase,9753,200,electronics.smartphone,Acme,580.43,230,sess-01547
2020-04-01T10:28:26Z,view,9329,400,home.kitchen,Globex,1023.29,4293,sess-05843
2020-04-01T10:28:27Z,view,8491,200,electronics.smartphone,Nova,114.08,1522,sess-07261
2020-04-01T10:56:56Z,view,1255,210,electronics.audio,Acme,1035.64,371,sess-12501
2020-04-01T10:56:58Z,cart,6419,210,electronics.audio,Acme,560.82,1451,sess-12777
2020-04-01T10:57:00Z,view,3321,210,electronics.audio,Umbra,390.99,4905,sess-08067
2020-04-01T10:57:02Z,view,5466,210,electronics.audio,Globex,623.39,3353,sess-00336
2020-04-01T11:25:36Z,view,5152,400,home.kitchen,Nova,596.23,4917,sess-00342
2020-04-01T10:57:06Z,view,4653,210,electronics.audio,Acme,1353.81,578,sess-03749
2020-04-01T11:25:42Z,cart,9797,210,electronics.audio,Nova,388.47,2682,sess-05485
2020-04-01T10:28:35Z,cart,9786,300,apparel.shoes,Nova,395.94,2347,sess-09330
2020-04-01T10:28:36Z,view,2417,210,electronics.audio,Nova,779.75,4545,sess-16318
2020-04-01T10:28:37Z,view,2791,400,home.kitchen,Acme,585.16,913,sess-07493
2020-04-01T10:28:38Z,view,8142,210,electronics.audio,Globex,665.83,3039,sess-14356
2020-04-01T10:57:18Z,view,6208,210,electronics.audio,Globex,233.30,359,sess-18639
2020-04-01T10:57:20Z,view,8569,300,apparel.shoes,Acme,233.88,1644,sess-01850
2020-04-01T10:57:22Z,view,4014,210,electronics.audio,Acme,661.11,1593,sess-11007
2020-04-01T10:57:24Z,view,9659,210,electronics.audio,Acme,822.95,2358,sess-18247
2020-04-01T10:28:43Z,view,2067,200,electronics.smartphone,Umbra,929.79,3359,sess-16976
2020-04-01T10:28:44Z,view,1629,300,apparel.shoes,Acme,13.82,1176,sess-03402
2020-04-01T11:26:15Z,view,2960,400,home.kitchen,Nova,115.52,1840,sess-01154
2020-04-01T10:57:32Z,cart,5627,400,home.kitchen,Umbra,360.32,3169,sess-14735
2020-04-01T10:28:47Z,view,8454,300,apparel.shoes,Globex,1319.77,3926,sess-05019
2020-04-01T10:28:48Z,cart,3856,300,apparel.shoes,Nova,555.28,3183,sess-08429
2020-04-01T10:28:49Z,view,3359,300,apparel.shoes,Nova,1320.31,349,sess-15072
2020-04-01T11:26:30Z,view,6782,210,electronics.audio,Nova,629.50,1705,sess-13298
2020-04-01T10:28:51Z,view,7364,400,home.kitchen,Globex,999.73,3798,sess-11914
2020-04-01T11:26:36Z,view,4554,210,electronics.audio,Umbra,1311.04,1565,sess-18625
2020-04-01T10:28:53Z,view,9981,400,home.kitchen,Nova,324.20,3345,sess-12282
2020-04-01T11:26:42Z,cart,9893,200,electronics.smartphone,Nova,1433.82,3706,sess-09841
2020-04-01T10:57:50Z,view,4267,200,electronics.smartphone,Nova,239.30,1780,sess-11066
2020-04-01T10:57:52Z,view,8257,210,electronics.audio,Globex,1002.16,196,sess-06766
2020-04-01T11:26:51Z,view,4240,400,home.kitchen,Globex,372.32,1235,sess-13478
2020-04-01T10:28:58Z,view,6180,400,home.kitchen,Acme,1181.51,4347,sess-01157
2020-04-01T10:28:59Z,view,1864,200,electronics.smartphone,Globex,1353.20,2716,sess-02948
2020-04-01T10:58:00Z,view,6039,210,electronics.audio,Nova,476.67,541,sess-11893
2020-04-01T10:29:01Z,view,3870,300,apparel.shoes,Globex,845.02,2374,sess-09937
2020-04-01T10:58:04Z,view,2940,400,home.kitchen,Umbra,830.72,4361,sess-13425
2020-04-01T10:58:06Z,view,2857,210,electronics.audio,Nova,63.87,1202,sess-14579
2020-04-01T10:58:08Z,view,8813,400,home.kitchen,Nova,1481.72,1397,sess-00654
2020-04-01T10:58:10Z,cart,8329,210,electronics.audio,Acme,852.34,163,sess-16115
2020-04-01T10:29:06Z,view,2128,300,apparel.shoes,Acme,1017.67,1452,sess-04422
2020-04-01T10:58:14Z,view,6254,210,electronics.audio,Acme,1475.44,2395,sess-02723
2020-04-01T11:27:24Z,view,3769,400,home.kitchen,Acme,423.97,2992,sess-08281
2020-04-01T10:58:18Z,view,6219,400,home.kitchen,Nova,1052.27,1368,sess-01705
2020-04-01T10:58:20Z,view,6529,400,home.kitchen,Acme,1140.85,332,sess-08941
2020-04-01T10:58:22Z,view,1514,300,apparel.shoes,Globex,33.72,1071,sess-00350
2020-04-01T10:58:24Z,view,7226,400,home.kitchen,Umbra,409.07,3182,sess-01180
2020-04-01T10:58:26Z,view,9398,300,apparel.shoes,Umbra,202.85,3478,sess-13343
2020-04-01T11:27:42Z,view,9008,210,electronics.audio,Acme,677.56,2308,sess-08739
2020-04-01T10:29:15Z,cart,9336,300,apparel.shoes,Globex,1210.31,930,sess-00754
2020-04-01T10:29:16Z,view,3901,200,electronics.smartphone,Acme,1203.18,3059,sess-02129
2020-04-01T10:58:34Z,view,1220,200,electronics.smartphone,Umbra,941.06,2795,sess-02307
2020-04-01T10:29:18Z,view,2998,200,electronics.smartphone,Globex,1120.37,461,sess-04546
2020-04-01T10:29:19Z,view,2500,200,electronics.smartphone,Acme,353.45,32,sess-14188
2020-04-01T10:58:40Z,view,6249,400,home.kitchen,Globex,299.96,4337,sess-06313
2020-04-01T10:29:21Z,view,5719,400,home.kitchen,Globex,763.84,4849,sess-02008
2020-04-01T10:29:22Z,view,5313,210,electronics.audio,Acme,288.07,1179,sess-17761
2020-04-01T11:28:09Z,view,4064,210,electronics.audio,Umbra,954.77,2633,sess-07462
2020-04-01T11:28:12Z,view,9301,400,home.kitchen,Globex,1237.58,2339,sess-07152
2020-04-01T10:58:50Z,view,5123,200,electronics.smartphone,Acme,98.86,2306,sess-05285
2020-04-01T10:58:52Z,purchase,2309,400,home.kitchen,Umbra,1013.38,3654,sess-00394
2020-04-01T10:58:54Z,view,5299,200,electronics.smartphone,Nova,1217.39,2614,sess-14772
2020-04-01T11:28:24Z,purchase,9013,300,apparel.shoes,Globex,289.48,2568,sess-17889
2020-04-01T10:58:58Z,cart,6781,200,electronics.smartphone,Nova,489.93,3357,sess-15236
2020-04-01T10:29:30Z,view,8408,400,home.kitchen,Globex,581.42,1251,sess-04656
2020-04-01T11:28:33Z,view,7249,300,apparel.shoes,Globex,654.40,1224,sess-13089
2020-04-01T10:59:04Z,view,4013,210,electronics.audio,Umbra,711.07,1778,sess-03108
2020-04-01T11:28:39Z,view,1355,210,electronics.audio,Umbra,1245.52,4075,sess-12853
2020-04-01T10:29:34Z,view,4112,210,electronics.audio,Nova,652.12,3986,sess-19885
2020-04-01T11:28:45Z,purchase,6789,200,electronics.smartphone,Umbra,1060.51,869,sess-02193
2020-04-01T10:29:36Z,cart,4852,210,electronics.audio,Umbra,627.44,4250,sess-16195
2020-04-01T11:28:51Z,view,6547,210,electronics.audio,Umbra,900.68,2545,sess-14058
2020-04-01T10:29:38Z,view,7117,300,apparel.shoes,Nova,712.92,1050,sess-12110
2020-04-01T10:59:18Z,cart,7832,300,apparel.shoes,Nova,1033.98,2017,sess-06864
2020-04-01T10:59:20Z,view,6582,300,apparel.shoes,Globex,1353.27,4729,sess-10849
2020-04-01T11:29:03Z,view,5081,210,electronics.audio,Acme,34.00,4003,sess-18459
2020-04-01T11:29:06Z,view,3430,400,home.kitchen,Umbra,696.72,2635,sess-02665
2020-04-01T10:29:43Z,view,8364,200,electronics.smartphone,Umbra,417.93,3192,sess-06331
2020-04-01T11:29:12Z,view,8761,200,electronics.smartphone,Nova,494.19,2021,sess-07319
2020-04-01T11:29:15Z,purchase,5468,210,electronics.audio,Globex,909.13,2622,sess-15883
2020-04-01T11:29:18Z,view,2972,210,electronics.audio,Umbra,296.44,2422,sess-01985
2020-04-01T10:59:34Z,view,7160,210,electronics.audio,Acme,310.34,3466,sess-00358
2020-04-01T10:29:48Z,view,7904,200,electronics.smartphone,Nova,1365.16,645,sess-12080
2020-04-01T10:59:38Z,view,3571,400,home.kitchen,Nova,166.08,4865,sess-14554
2020-04-01T10:59:40Z,view,4240,300,apparel.shoes,Acme,881.79,4969,sess-14855
2020-04-01T11:29:33Z,view,1858,200,electronics.smartphone,Nova,216.92,2675,sess-18107
2020-04-01T10:29:52Z,view,8114,200,electronics.smartphone,Umbra,921.56,2654,sess-12961
2020-04-01T10:59:46Z,view,1645,300,apparel.shoes,Acme,1071.93,4192,sess-01831
2020-04-01T10:29:54Z,view,3292,200,electronics.smartphone,Acme,1410.48,1242,sess-03351
2020-04-01T10:59:50Z,view,6850,300,apparel.shoes,Nova,1127.52,2771,sess-02660
2020-04-01T10:29:56Z,view,9596,200,electronics.smartphone,Globex,824.41,3411,sess-12976
2020-04-01T11:29:51Z,view,3606,400,home.kitchen,Acme,89.49,945,sess-08545
2020-04-01T10:29:58Z,view,4694,200,electronics.smartphone,Globex,1139.00,3922,sess-01390
2020-04-01T10:59:58Z,view,6291,300,apparel.shoes,Acme,1149.48,3175,sess-12970
2020-04-01T11:30:00Z,view,2113,400,home.kitchen,Nova,317.21,329,sess-06558
2020-04-01T10:30:01Z,cart,6724,200,electronics.smartphone,Nova,766.18,661,sess-19058
2020-04-01T11:00:04Z,cart,3494,210,electronics.audio,Umbra,1117.66,4393,sess-00241
2020-04-01T11:00:06Z,cart,9370,300,apparel.shoes,Umbra,1132.49,3182,sess-05239
2020-04-01T10:30:04Z,view,6358,210,electronics.audio,Nova,431.65,2133,sess-12866
2020-04-01T11:30:15Z,view,4352,400,home.kitchen,Globex,1207.93,1515,sess-03693
2020-04-01T10:30:06Z,cart,5892,210,electronics.audio,Globex,544.60,1756,sess-19440
2020-04-01T10:30:07Z,view,4552,300,apparel.shoes,Umbra,328.55,4187,sess-00781
2020-04-01T10:30:08Z,view,9185,210,electronics.audio,Nova,589.18,3184,sess-10727
2020-04-01T10:30:09Z,view,5675,400,home.kitchen,Acme,1327.20,2036,sess-02546
2020-04-01T10:30:10Z,view,5493,200,electronics.smartphone,Acme,1094.48,1,sess-09944
2020-04-01T11:00:22Z,purchase,7030,200,electronics.smartphone,Acme,1114.06,1764,sess-06252
2020-04-01T11:00:24Z,view,7840,300,apparel.shoes,Globex,1348.29,184,sess-09748
2020-04-01T11:30:39Z,cart,8486,300,apparel.shoes,Acme,1117.67,1677,sess-03943
2020-04-01T11:30:42Z,view,3860,400,home.kitchen,Umbra,356.03,118,sess-03690
2020-04-01T10:30:15Z,view,1369,300,apparel.shoes,Acme,1039.24,4614,sess-15720
2020-04-01T11:00:32Z,view,7183,400,home.kitchen,Globex,1246.52,245,sess-01218
2020-04-01T10:30:17Z,view,1721,200,electronics.smartphone,Umbra,1079.71,517,sess-09203
2020-04-01T11:30:54Z,view,5455,200,electronics.smartphone,Acme,1216.48,1541,sess-07695
2020-04-01T11:00:38Z,view,9004,400,home.kitchen,Nova,137.18,1897,sess-01550
2020-04-01T11:31:00Z,view,9922,400,home.kitchen,Globex,560.05,1343,sess-12232
2020-04-01T11:00:42Z,view,6681,300,apparel.shoes,Umbra,561.30,3335,sess-05701
2020-04-01T11:31:06Z,view,9102,210,electronics.audio,Umbra,650.41,4443,sess-13364
2020-04-01T11:31:09Z,view,6452,210,electronics.audio,Globex,811.12,2939,sess-15289
2020-04-01T11:31:12Z,view,6627,200,electronics.smartphone,Globex,812.62,4149,sess-04754
2020-04-01T11:31:15Z,cart,4372,210,electronics.audio,Acme,1321.68,3247,sess-02679
2020-04-01T10:30:26Z,view,1066,200,electronics.smartphone,Umbra,251.23,2087,sess-18038
2020-04-01T11:31:21Z,view,2915,400,home.kitchen,Nova,595.47,2667,sess-12234
2020-04-01T10:30:28Z,view,6752,210,electronics.audio,Globex,967.63,3343,sess-03488
2020-04-01T11:00:58Z,view,9265,200,electronics.smartphone,Globex,112.95,884,sess-16227
2020-04-01T10:30:30Z,view,5962,400,home.kitchen,Acme,1427.57,1715,sess-17760
2020-04-01T11:31:33Z,view,1509,200,electronics.smartphone,Acme,1242.35,2424,sess-03968
2020-04-01T11:01:04Z,view,5152,200,electronics.smartphone,Acme,539.48,3708,sess-03898
2020-04-01T11:31:39Z,view,6622,300,apparel.shoes,Nova,645.64,3177,sess-12286
2020-04-01T11:31:42Z,view,9050,200,electronics.smartphone,Nova,51.41,259,sess-16384
2020-04-01T11:01:10Z,view,9831,400,home.kitchen,Nova,932.25,803,sess-13852
2020-04-01T11:01:12Z,view,7225,200,electronics.smartphone,Acme,134.81,317,sess-15973
2020-04-01T11:31:51Z,view,5020,200,electronics.smartphone,Nova,509.39,771,sess-14900
2020-04-01T10:30:38Z,view,6289,200,electronics.smartphone,Nova,1282.69,2538,sess-18109
2020-04-01T11:31:57Z,cart,1168,200,electronics.smartphone,Nova,1172.35,1052,sess-19446
2020-04-01T11:32:00Z,view,9225,200,electronics.smartphone,Acme,849.75,1485,sess-15178
2020-04-01T10:30:41Z,view,2927,300,apparel.shoes,Acme,680.33,4234,sess-16093
2020-04-01T10:30:42Z,view,6429,300,apparel.shoes,Globex,1453.00,3496,sess-03594
2020-04-01T11:32:09Z,view,8966,400,home.kitchen,Globex,1118.07,2041,sess-00187
2020-04-01T11:32:12Z,view,1718,400,home.kitchen,Nova,1299.02,2477,sess-05986
2020-04-01T11:32:15Z,view,8285,210,electronics.audio,Acme,202.34,952,sess-03328
2020-04-01T11:32:18Z,view,9128,400,home.kitchen,Umbra,790.14,3004,sess-14090
2020-04-01T11:01:34Z,view,7858,200,electronics.smartphone,Acme,838.14,3881,sess-01099
2020-04-01T10:30:48Z,view,2429,200,electronics.smartphone,Globex,763.13,2153,sess-11720
2020-04-01T11:01:38Z,view,1395,200,electronics.smartphone,Umbra,998.64,1328,sess-02831
2020-04-01T10:30:50Z,view,8829,300,apparel.shoes,Globex,178.20,548,sess-06079
2020-04-01T11:01:42Z,view,3414,210,electronics.audio,Acme,589.11,2461,sess-04366
2020-04-01T10:30:52Z,view,2847,200,electronics.smartphone,Umbra,18.24,4298,sess-08713
2020-04-01T10:30:53Z,view,8870,210,electronics.audio,Acme,720.02,1750,sess-06183
2020-04-01T11:32:42Z,cart,7354,210,electronics.audio,Globex,111.02,4531,sess-17741
2020-04-01T10:30:55Z,purchase,2114,210,electronics.audio,Globex,113.52,3914,sess-16823
2020-04-01T10:30:56Z,view,6926,400,home.kitchen,Umbra,1129.79,1847,sess-08601
2020-04-01T10:30:57Z,view,1453,400,home.kitchen,Globex,911.62,1578,sess-12245
2020-04-01T11:01:56Z,view,9348,400,home.kitchen,Acme,784.28,3331,sess-05154
2020-04-01T10:30:59Z,view,1506,400,home.kitchen,Acme,1058.19,3419,sess-02174
2020-04-01T11:02:00Z,view,5544,300,apparel.shoes,Umbra,1211.18,3222,sess-09203
2020-04-01T11:33:03Z,view,6048,300,apparel.shoes,Globex,1137.34,3850,sess-16759
2020-04-01T11:33:06Z,purchase,6522,400,home.kitchen,Acme,801.44,746,sess-16046
2020-04-01T11:02:06Z,view,5394,300,apparel.shoes,Globex,345.62,2223,sess-09469
2020-04-01T11:02:08Z,cart,6710,210,electronics.audio,Umbra,778.92,2510,sess-06287
2020-04-01T10:31:05Z,cart,7944,300,apparel.shoes,Umbra,1034.06,1543,sess-04564
2020-04-01T11:33:18Z,view,4349,300,apparel.shoes,Umbra,180.23,3791,sess-19063
2020-04-01T11:02:14Z,view,4370,210,electronics.audio,Umbra,972.98,4900,sess-11056
2020-04-01T11:02:16Z,cart,7416,210,electronics.audio,Globex,691.32,3968,sess-08872
2020-04-01T11:02:18Z,purchase,2180,300,apparel.shoes,Acme,1220.61,2069,sess-04078
2020-04-01T11:33:30Z,view,4095,200,electronics.smartphone,Umbra,1486.33,2088,sess-16222
2020-04-01T11:02:22Z,purchase,4263,400,home.kitchen,Acme,944.03,2177,sess-01671
2020-04-01T11:02:24Z,view,8162,400,home.kitchen,Acme,275.75,3170,sess-10262
2020-04-01T10:31:13Z,view,2151,200,electronics.smartphone,Nova,406.28,2273,sess-03522
2020-04-01T11:33:42Z,view,1654,210,electronics.audio,Umbra,509.72,4642,sess-01963
2020-04-01T11:02:30Z,view,8041,300,apparel.shoes,Umbra,907.47,1972,sess-07553
2020-04-01T10:31:16Z,view,3485,210,electronics.audio,Nova,1144.72,189,sess-18144
2020-04-01T11:02:34Z,view,9875,210,electronics.audio,Nova,1111.98,143,sess-05256
2020-04-01T10:31:18Z,view,2567,200,electronics.smartphone,Globex,691.96,2017,sess-13317
2020-04-01T11:33:57Z,view,5578,210,electronics.audio,Nova,466.20,880,sess-00104
2020-04-01T11:02:40Z,cart,4496,400,home.kitchen,Nova,615.76,1903,sess-03289
2020-04-01T11:34:03Z,view,7299,210,electronics.audio,Nova,411.23,3115,sess-00755
2020-04-01T11:02:44Z,view,9584,400,home.kitchen,Nova,763.80,2805,sess-10554
2020-04-01T11:02:46Z,view,7110,210,electronics.audio,Globex,1049.90,1184,sess-02535
2020-04-01T11:34:12Z,view,4393,400,home.kitchen,Umbra,414.84,1786,sess-10297
2020-04-01T11:34:15Z,purchase,7216,210,electronics.audio,Globex,1031.31,4919,sess-15392
2020-04-01T10:31:26Z,view,8409,200,electronics.smartphone,Nova,542.48,180,sess-12743
2020-04-01T11:02:54Z,view,8296,400,home.kitchen,Umbra,525.60,3475,sess-02932
2020-04-01T11:34:24Z,view,8840,300,apparel.shoes,Globex,880.31,1296,sess-05523
2020-04-01T10:31:29Z,view,7249,200,electronics.smartphone,Acme,139.51,2987,sess-01573
2020-04-01T11:03:00Z,cart,5102,200,electronics.smartphone,Globex,682.39,650,sess-17212
2020-04-01T10:31:31Z,view,5563,400,home.kitchen,Globex,254.11,1524,sess-07507
2020-04-01T11:03:04Z,view,1854,200,electronics.smartphone,Globex,708.02,4691,sess-05766
2020-04-01T10:31:33Z,view,1281,210,electronics.audio,Umbra,105.74,1601,sess-19748
2020-04-01T10:31:34Z,view,9748,210,electronics.audio,Globex,556.55,1017,sess-15157
2020-04-01T11:34:45Z,cart,5024,210,electronics.audio,Acme,1150.69,72,sess-10666
2020-04-01T10:31:36Z,view,7452,200,electronics.smartphone,Globex,238.08,1106,sess-05473
2020-04-01T11:34:51Z,view,5575,300,apparel.shoes,Globex,1066.76,3789,sess-08055
2020-04-01T11:34:54Z,view,1692,210,electronics.audio,Nova,434.37,550,sess-12368
2020-04-01T11:34:57Z,view,9871,400,home.kitchen,Umbra,972.79,3309,sess-17205
2020-04-01T10:31:40Z,view,5119,400,home.kitchen,Acme,1287.60,4289,sess-13359
2020-04-01T11:03:22Z,cart,2202,210,electronics.audio,Nova,177.73,4914,sess-12043
2020-04-01T10:31:42Z,view,5907,400,home.kitchen,Globex,302.06,3061,sess-00783
2020-04-01T11:35:09Z,view,3411,400,home.kitchen,Umbra,1125.09,3686,sess-19348
2020-04-01T11:03:28Z,cart,5005,400,home.kitchen,Nova,1355.98,1166,sess-00537
2020-04-01T11:03:30Z,cart,8640,400,home.kitchen,Acme,697.63,3811,sess-12176
2020-04-01T11:03:32Z,view,3384,210,electronics.audio,Nova,529.08,830,sess-09681
2020-04-01T11:03:34Z,view,5816,200,electronics.smartphone,Acme,65.58,2907,sess-16796
2020-04-01T10:31:48Z,cart,6430,300,apparel.shoes,Globex,253.09,1585,sess-10170
2020-04-01T10:31:49Z,view,1981,300,apparel.shoes,Nova,784.03,203,sess-16696
2020-04-01T10:31:50Z,view,6472,400,home.kitchen,Acme,430.97,3771,sess-11369
2020-04-01T11:35:33Z,view,8987,400,home.kitchen,Acme,1170.07,3551,sess-16842
2020-04-01T10:31:52Z,view,7191,210,electronics.audio,Globex,954.63,2705,sess-14414
2020-04-01T11:03:46Z,view,2526,210,electronics.audio,Acme,67.63,3145,sess-09037
2020-04-01T10:31:54Z,view,4186,210,electronics.audio,Nova,1200.21,3428,sess-18655
2020-04-01T11:35:45Z,view,4450,300,apparel.shoes,Nova,61.00,5,sess-02171
2020-04-01T10:31:56Z,cart,4589,200,electronics.smartphone,Nova,742.76,3837,sess-05427
2020-04-01T11:35:51Z,view,7096,300,apparel.shoes,Umbra,824.15,3842,sess-08457
2020-04-01T11:35:54Z,view,9629,300,apparel.shoes,Globex,422.05,1275,sess-19326
2020-04-01T11:03:58Z,view,1364,210,electronics.audio,Nova,1410.21,3555,sess-15840
2020-04-01T10:32:00Z,cart,1840,400,home.kitchen,Globex,390.18,4848,sess-09842
2020-04-01T11:36:03Z,cart,5075,210,electronics.audio,Umbra,1047.59,3804,sess-05022
2020-04-01T10:32:02Z,view,7551,400,home.kitchen,Nova,126.29,3435,sess-18566
2020-04-01T11:04:06Z,view,6143,200,electronics.smartphone,Nova,651.09,467,sess-14275
2020-04-01T11:04:08Z,view,6468,200,electronics.smartphone,Nova,732.35,3035,sess-03875
2020-04-01T10:32:05Z,view,7640,210,electronics.audio,Umbra,917.81,3524,sess-07705
2020-04-01T10:32:06Z,cart,6359,210,electronics.audio,Acme,155.49,4862,sess-12349
2020-04-01T11:36:21Z,cart,9853,210,electronics.audio,Globex,1401.89,3511,sess-16144
2020-04-01T11:04:16Z,view,1034,200,electronics.smartphone,Umbra,440.68,3861,sess-05819
2020-04-01T11:36:27Z,view,1662,200,electronics.smartphone,Acme,63.22,1354,sess-10151
2020-04-01T11:04:20Z,cart,1003,200,electronics.smartphone,Acme,1237.17,1575,sess-05569
2020-04-01T10:32:11Z,cart,5774,300,apparel.shoes,Nova,430.25,4310,sess-02349
2020-04-01T11:04:24Z,view,3578,300,apparel.shoes,Acme,339.57,4218,sess-03150
2020-04-01T11:36:39Z,cart,6548,400,home.kitchen,Umbra,541.33,1334,sess-15489
2020-04-01T11:36:42Z,view,7571,300,apparel.shoes,Umbra,1271.45,3425,sess-07705
2020-04-01T10:32:15Z,view,4943,210,electronics.audio,Acme,60.01,3779,sess-04874
2020-04-01T11:04:32Z,view,2764,210,electronics.audio,Umbra,114.80,3678,sess-04133
2020-04-01T11:36:51Z,view,8890,210,electronics.audio,Umbra,968.24,3567,sess-13431
2020-04-01T10:32:18Z,view,8753,210,electronics.audio,Acme,291.28,278,sess-11935
2020-04-01T11:04:38Z,cart,5131,200,electronics.smartphone,Umbra,697.94,3192,sess-06114
2020-04-01T11:37:00Z,view,3177,400,home.kitchen,Globex,1437.31,2679,sess-13840
2020-04-01T11:04:42Z,view,3689,200,electronics.smartphone,Globex,1313.90,2053,sess-13625
2020-04-01T10:32:22Z,view,3299,200,electronics.smartphone,Globex,1435.81,1967,sess-16803
2020-04-01T11:04:46Z,view,1629,400,home.kitchen,Umbra,1201.31,76,sess-11821
2020-04-01T11:37:12Z,view,2713,200,electronics.smartphone,Umbra,225.97,3956,sess-16420
2020-04-01T10:32:25Z,view,9662,400,home.kitchen,Nova,1424.98,4838,sess-06445
2020-04-01T11:37:18Z,view,9827,300,apparel.shoes,Acme,31.78,3740,sess-01459
2020-04-01T11:37:21Z,view,7836,400,home.kitchen,Globex,1385.02,3798,sess-19948
2020-04-01T11:37:24Z,cart,5336,400,home.kitchen,Umbra,1004.31,2460,sess-01269
2020-04-01T11:04:58Z,view,5347,400,home.kitchen,Globex,336.59,36,sess-17392
2020-04-01T11:05:00Z,purchase,1036,400,home.kitchen,Nova,1204.57,3523,sess-01566
2020-04-01T11:37:33Z,view,9220,200,electronics.smartphone,Globex,747.47,2509,sess-19669
2020-04-01T11:37:36Z,view,2898,300,apparel.shoes,Globex,496.24,1924,sess-12748
2020-04-01T10:32:33Z,view,8036,200,electronics.smartphone,Acme,1420.13,653,sess-10774
2020-04-01T11:05:08Z,view,5230,210,electronics.audio,Globex,626.29,1385,sess-09579
2020-04-01T11:37:45Z,view,6921,210,electronics.audio,Acme,815.77,800,sess-09463
2020-04-01T11:05:12Z,purchase,3548,200,electronics.smartphone,Globex,103.64,995,sess-00110
2020-04-01T11:37:51Z,view,8393,200,electronics.smartphone,Nova,1253.61,2766,sess-03980
2020-04-01T10:32:38Z,view,8884,200,electronics.smartphone,Nova,142.59,2280,sess-02729
2020-04-01T10:32:39Z,cart,9934,210,electronics.audio,Acme,932.41,2051,sess-00598
2020-04-01T10:32:40Z,view,3388,210,electronics.audio,Nova,1035.85,2803,sess-05255
2020-04-01T11:38:03Z,view,1488,300,apparel.shoes,Nova,651.44,2787,sess-12756
2020-04-01T10:32:42Z,view,3744,210,electronics.audio,Globex,1122.86,1558,sess-15841
2020-04-01T10:32:43Z,view,8501,400,home.kitchen,Acme,302.67,3173,sess-10559
2020-04-01T11:05:28Z,view,4081,400,home.kitchen,Umbra,1481.56,31,sess-18709
2020-04-01T11:38:15Z,view,1121,400,home.kitchen,Acme,1265.32,2582,sess-15188
2020-04-01T11:05:32Z,purchase,8756,210,electronics.audio,Acme,1090.23,4050,sess-18140
2020-04-01T10:32:47Z,view,6194,200,electronics.smartphone,Acme,641.33,2016,sess-10226
2020-04-01T11:05:36Z,cart,5918,200,electronics.smartphone,Umbra,1498.92,1122,sess-08464
2020-04-01T11:05:38Z,view,2218,400,home.kitchen,Nova,466.04,4350,sess-11921
2020-04-01T10:32:50Z,view,1428,200,electronics.smartphone,Acme,144.15,2336,sess-10740
2020-04-01T10:32:51Z,view,2857,300,apparel.shoes,Globex,480.88,780,sess-08658
2020-04-01T11:38:36Z,view,2291,210,electronics.audio,Acme,1262.99,1897,sess-01609
2020-04-01T11:05:46Z,view,5874,300,apparel.shoes,Acme,65.90,823,sess-13227
2020-04-01T11:38:42Z,view,5408,300,apparel.shoes,Acme,1423.73,427,sess-04486
2020-04-01T10:32:55Z,cart,8814,200,electronics.smartphone,Umbra,611.95,349,sess-15376
2020-04-01T11:38:48Z,view,5056,210,electronics.audio,Acme,974.49,672,sess-10947
2020-04-01T11:38:51Z,view,8705,200,electronics.smartphone,Globex,1436.15,1790,sess-04151
2020-04-01T10:32:58Z,view,1086,400,home.kitchen,Nova,1096.13,4285,sess-08956
2020-04-01T11:38:57Z,view,1972,210,electronics.audio,Umbra,585.72,3521,sess-06915
2020-04-01T11:06:00Z,view,3231,300,apparel.shoes,Globex,869.61,3314,sess-19359
2020-04-01T11:06:02Z,view,7884,200,electronics.smartphone,Globex,1466.83,2089,sess-19834
2020-04-01T11:39:06Z,cart,3100,300,apparel.shoes,Globex,872.41,4724,sess-06042
2020-04-01T11:39:09Z,view,1658,210,electronics.audio,Nova,1098.22,1892,sess-08192
2020-04-01T11:39:12Z,view,4573,210,electronics.audio,Acme,979.52,2266,sess-03691
2020-04-01T11:39:15Z,view,7772,200,electronics.smartphone,Acme,220.85,877,sess-11186
2020-04-01T11:06:12Z,view,6326,300,apparel.shoes,Globex,1022.07,3368,sess-12411
2020-04-01T11:39:21Z,view,4387,210,electronics.audio,Globex,1000.46,3189,sess-11573
2020-04-01T11:06:16Z,view,9010,400,home.kitchen,Globex,9.57,2244,sess-14335
2020-04-01T11:06:18Z,view,1976,200,electronics.smartphone,Globex,623.04,3759,sess-17180
2020-04-01T11:39:30Z,view,5576,300,apparel.shoes,Acme,712.48,1451,sess-13965
2020-04-01T11:06:22Z,view,6699,400,home.kitchen,Nova,1034.20,2484,sess-07351
2020-04-01T10:33:12Z,view,5417,400,home.kitchen,Globex,1357.69,1315,sess-15741
2020-04-01T10:33:13Z,view,7300,400,home.kitchen,Umbra,1401.29,1794,sess-18080
2020-04-01T11:06:28Z,view,9552,300,apparel.shoes,Nova,989.15,2088,sess-03239
2020-04-01T10:33:15Z,view,2031,200,electronics.smartphone,Globex,427.81,4647,sess-03511
2020-04-01T11:39:48Z,purchase,9656,400,home.kitchen,Nova,494.43,28,sess-04886
2020-04-01T11:39:51Z,view,1023,300,apparel.shoes,Nova,1100.27,3941,sess-06338
2020-04-01T11:39:54Z,view,5455,300,apparel.shoes,Umbra,1006.41,4803,sess-06537
2020-04-01T11:06:38Z,cart,7224,200,electronics.smartphone,Umbra,490.45,3866,sess-06432
2020-04-01T11:40:00Z,view,4951,400,home.kitchen,Acme,649.08,4363,sess-10926
2020-04-01T10:33:21Z,view,2690,200,electronics.smartphone,Nova,1300.49,4630,sess-04490
2020-04-01T11:06:44Z,view,9765,400,home.kitchen,Globex,1464.01,595,sess-03363
2020-04-01T11:40:09Z,view,4514,210,electronics.audio,Nova,388.40,1790,sess-12153
2020-04-01T10:33:24Z,cart,5594,200,electronics.smartphone,Acme,144.76,4823,sess-14741
2020-04-01T10:33:25Z,view,5101,200,electronics.smartphone,Acme,1407.72,4902,sess-17593
2020-04-01T10:33:26Z,view,5539,400,home.kitchen,Nova,1045.32,4433,sess-05474
2020-04-01T11:40:21Z,view,7747,210,electronics.audio,Umbra,876.40,2710,sess-03280
2020-04-01T10:33:28Z,view,7997,200,electronics.smartphone,Acme,836.65,2859,sess-11695
2020-04-01T11:40:27Z,view,1349,200,electronics.smartphone,Acme,239.65,2255,sess-06310
2020-04-01T11:40:30Z,view,4208,210,electronics.audio,Nova,693.98,1713,sess-06477
2020-04-01T11:07:02Z,view,3203,210,electronics.audio,Umbra,1087.47,258,sess-03863
2020-04-01T11:07:04Z,view,3521,400,home.kitchen,Acme,16.40,519,sess-05213
2020-04-01T10:33:33Z,view,7887,210,electronics.audio,Nova,321.62,890,sess-02780
2020-04-01T11:40:42Z,view,8120,200,electronics.smartphone,Umbra,782.79,1879,sess-05446
2020-04-01T11:07:10Z,view,3578,400,home.kitchen,Nova,327.30,4869,sess-17461
2020-04-01T11:40:48Z,view,8292,210,electronics.audio,Acme,325.15,2288,sess-10346
2020-04-01T10:33:37Z,view,7648,210,electronics.audio,Acme,699.98,2422,sess-12306
2020-04-01T11:07:16Z,cart,1881,210,electronics.audio,Nova,174.18,1883,sess-17484
2020-04-01T10:33:39Z,view,1865,210,electronics.audio,Globex,351.54,4244,sess-05892
2020-04-01T11:41:00Z,cart,9329,200,electronics.smartphone,Acme,366.03,4972,sess-17815
2020-04-01T10:33:41Z,view,9602,300,apparel.shoes,Globex,501.45,4404,sess-03066
2020-04-01T11:41:06Z,view,8007,200,electronics.smartphone,Acme,1186.09,4019,sess-06728
2020-04-01T11:41:09Z,view,8247,210,electronics.audio,Umbra,822.36,586,sess-13833
2020-04-01T10:33:44Z,view,3697,400,home.kitchen,Acme,1149.39,2264,sess-11066
2020-04-01T11:41:15Z,view,2370,200,electronics.smartphone,Acme,1212.92,2642,sess-05405
2020-04-01T11:41:18Z,view,4119,200,electronics.smartphone,Umbra,1341.97,3939,sess-03220
2020-04-01T11:41:21Z,view,1423,200,electronics.smartphone,Umbra,1009.91,1227,sess-11579
2020-04-01T11:41:24Z,view,5273,300,apparel.shoes,Nova,226.18,1305,sess-02787
2020-04-01T11:07:38Z,view,9046,300,apparel.shoes,Acme,1237.41,4279,sess-02511
2020-04-01T10:33:50Z,view,7216,300,apparel.shoes,Acme,703.63,3842,sess-01324
2020-04-01T11:07:42Z,view,5280,200,electronics.smartphone,Umbra,515.53,2013,sess-12383
2020-04-01T11:07:44Z,view,7638,210,electronics.audio,Globex,622.39,3095,sess-18449
2020-04-01T11:41:39Z,view,7054,300,apparel.shoes,Nova,259.50,402,sess-12000
2020-04-01T11:41:42Z,view,1645,200,electronics.smartphone,Nova,364.38,3849,sess-01738
2020-04-01T10:33:55Z,view,1278,300,apparel.shoes,Acme,95.76,4308,sess-06055
2020-04-01T11:41:48Z,cart,5142,400,home.kitchen,Acme,1373.28,4331,sess-04072
2020-04-01T10:33:57Z,cart,5237,300,apparel.shoes,Globex,750.18,1454,sess-17940
2020-04-01T11:41:54Z,view,4075,400,home.kitchen,Acme,367.13,4329,sess-02103
2020-04-01T11:41:57Z,view,7554,210,electronics.audio,Umbra,969.55,2418,sess-05600
2020-04-01T11:42:00Z,view,5875,400,home.kitchen,Globex,632.60,1300,sess-00679
2020-04-01T11:08:02Z,view,9656,300,apparel.shoes,Acme,1441.36,3530,sess-07009
2020-04-01T10:34:02Z,cart,1668,400,home.kitchen,Umbra,949.29,3197,sess-09556
2020-04-01T11:42:09Z,view,5761,300,apparel.shoes,Umbra,347.47,347,sess-06115
2020-04-01T11:42:12Z,view,9904,300,apparel.shoes,Acme,1298.87,1532,sess-09629
2020-04-01T11:08:10Z,view,8697,200,electronics.smartphone,Acme,423.28,3091,sess-10084
2020-04-01T10:34:06Z,view,2785,210,electronics.audio,Umbra,753.95,3018,sess-07912
2020-04-01T11:42:21Z,cart,3199,300,apparel.shoes,Umbra,96.99,3815,sess-19992
2020-04-01T10:34:08Z,view,5746,200,electronics.smartphone,Umbra,1375.15,472,sess-09548
2020-04-01T11:08:18Z,view,9621,210,electronics.audio,Globex,1064.77,2112,sess-19239
2020-04-01T11:08:20Z,view,2674,210,electronics.audio,Acme,684.84,738,sess-03100
2020-04-01T11:08:22Z,view,4254,200,electronics.smartphone,Globex,1019.78,1976,sess-19442
2020-04-01T10:34:12Z,view,7635,210,electronics.audio,Acme,612.94,2647,sess-07397
2020-04-01T11:42:39Z,purchase,9272,200,electronics.smartphone,Nova,147.49,4069,sess-10730
2020-04-01T10:34:14Z,cart,1174,200,electronics.smartphone,Acme,1495.91,1515,sess-06839
2020-04-01T10:34:15Z,view,7799,300,apparel.shoes,Globex,897.81,918,sess-18014
2020-04-01T11:42:48Z,view,6469,400,home.kitchen,Acme,429.06,3869,sess-16298
2020-04-01T10:34:17Z,view,1050,400,home.kitchen,Acme,1189.16,1751,sess-12838
2020-04-01T11:42:54Z,cart,6099,200,electronics.smartphone,Umbra,1306.91,4946,sess-02324
2020-04-01T11:08:38Z,view,9834,200,electronics.smartphone,Acme,797.18,2395,sess-07401
2020-04-01T10:34:20Z,cart,7672,210,electronics.audio,Globex,240.73,1596,sess-05591
2020-04-01T10:34:21Z,view,4934,200,electronics.smartphone,Umbra,630.31,3697,sess-09012
2020-04-01T10:34:22Z,view,5816,200,electronics.smartphone,Umbra,1411.30,1066,sess-17029
2020-04-01T11:43:09Z,cart,6529,200,electronics.smartphone,Acme,645.86,1947,sess-16135
2020-04-01T10:34:24Z,view,2908,200,electronics.smartphone,Globex,31.86,1056,sess-13977
2020-04-01T10:34:25Z,view,9523,200,electronics.smartphone,Acme,1327.39,1665,sess-11840
2020-04-01T10:34:26Z,view,3523,400,home.kitchen,Globex,1119.02,3733,sess-02382
2020-04-01T11:43:21Z,view,5161,210,electronics.audio,Globex,647.54,2790,sess-11659
2020-04-01T10:34:28Z,view,2782,400,home.kitchen,Globex,844.25,3977,sess-15902
2020-04-01T10:34:29Z,view,5757,300,apparel.shoes,Nova,1345.06,331,sess-03796
2020-04-01T11:43:30Z,view,6613,210,electronics.audio,Globex,1002.32,2445,sess-07780
2020-04-01T10:34:31Z,view,1755,400,home.kitchen,Acme,923.69,1737,sess-07660
2020-04-01T11:09:04Z,view,7071,200,electronics.smartphone,Acme,76.00,3699,sess-00592
2020-04-01T11:09:06Z,cart,5681,300,apparel.shoes,Umbra,1073.41,4703,sess-05957
2020-04-01T11:43:42Z,view,7600,210,electronics.audio,Nova,940.81,4898,sess-18770
2020-04-01T11:09:10Z,view,8474,300,apparel.shoes,Nova,805.22,735,sess-17112
2020-04-01T11:43:48Z,view,3407,210,electronics.audio,Umbra,36.80,2707,sess-18526
2020-04-01T10:34:37Z,view,3869,210,electronics.audio,Umbra,1171.60,1560,sess-03551
2020-04-01T11:09:16Z,view,8043,210,electronics.audio,Acme,1406.61,3312,sess-18479
2020-04-01T10:34:39Z,view,3539,400,home.kitchen,Nova,629.47,3261,sess-03858
2020-04-01T11:44:00Z,cart,4537,210,electronics.audio,Globex,1087.98,2536,sess-18405
2020-04-01T10:34:41Z,view,6927,300,apparel.shoes,Umbra,1346.11,1999,sess-17047
2020-04-01T11:44:06Z,purchase,6647,200,electronics.smartphone,Nova,1353.86,3339,sess-03861
2020-04-01T11:44:09Z,view,1490,300,apparel.shoes,Globex,1145.84,4500,sess-04825
2020-04-01T11:09:28Z,view,5358,400,home.kitchen,Acme,570.55,766,sess-18043
2020-04-01T11:44:15Z,cart,1244,210,electronics.audio,Globex,151.89,4603,sess-15792
2020-04-01T10:34:46Z,view,9659,210,electronics.audio,Umbra,1386.12,2570,sess-18728
2020-04-01T11:09:34Z,view,5375,210,electronics.audio,Umbra,883.48,3266,sess-17743
2020-04-01T11:44:24Z,view,1482,200,electronics.smartphone,Nova,6.46,1346,sess-15677
2020-04-01T11:09:38Z,view,7378,400,home.kitchen,Globex,1469.58,513,sess-01808
2020-04-01T10:34:50Z,cart,2330,200,electronics.smartphone,Acme,1235.87,1584,sess-10973
2020-04-01T11:09:42Z,view,7147,200,electronics.smartphone,Acme,422.47,4324,sess-01835
2020-04-01T11:44:36Z,view,1890,300,apparel.shoes,Globex,1295.03,3713,sess-13363
2020-04-01T11:09:46Z,view,7736,400,home.kitchen,Umbra,334.66,1177,sess-01649
2020-04-01T10:34:54Z,view,9114,200,electronics.smartphone,Nova,589.15,3610,sess-14507
2020-04-01T11:44:45Z,view,7606,210,electronics.audio,Acme,520.10,3373,sess-04261
2020-04-01T11:44:48Z,purchase,8768,400,home.kitchen,Acme,850.30,3150,sess-01563
2020-04-01T10:34:57Z,view,1372,300,apparel.shoes,Globex,397.88,3255,sess-17170
2020-04-01T11:09:56Z,cart,8436,210,electronics.audio,Umbra,1431.52,1902,sess-02923
2020-04-01T10:34:59Z,view,4319,210,electronics.audio,Nova,819.30,2825,sess-13151
2020-04-01T11:10:00Z,view,4357,200,electronics.smartphone,Acme,249.26,1346,sess-03332
2020-04-01T11:10:02Z,purchase,7912,210,electronics.audio,Nova,480.05,1950,sess-16820
2020-04-01T11:45:06Z,view,7160,300,apparel.shoes,Umbra,116.13,994,sess-06239
2020-04-01T11:45:09Z,view,5335,300,apparel.shoes,Umbra,257.20,4855,sess-01612
2020-04-01T10:35:04Z,view,3307,200,electronics.smartphone,Nova,1459.75,3241,sess-09635
2020-04-01T10:35:05Z,view,5665,300,apparel.shoes,Nova,1024.66,434,sess-07750
2020-04-01T11:10:12Z,cart,9752,400,home.kitchen,Globex,1112.67,888,sess-04646
2020-04-01T11:45:21Z,view,2231,210,electronics.audio,Globex,1317.88,115,sess-05292
2020-04-01T11:45:24Z,cart,4168,200,electronics.smartphone,Umbra,632.70,2139,sess-17021
2020-04-01T11:45:27Z,cart,8175,400,home.kitchen,Globex,351.29,1916,sess-13960
2020-04-01T10:35:10Z,view,9442,200,electronics.smartphone,Umbra,481.07,1452,sess-17810
2020-04-01T11:45:33Z,view,8366,210,electronics.audio,Nova,884.97,188,sess-16149
2020-04-01T11:10:24Z,view,2949,400,home.kitchen,Globex,606.98,3716,sess-15674
2020-04-01T11:45:39Z,view,9491,400,home.kitchen,Globex,8.37,1201,sess-00507
2020-04-01T10:35:14Z,view,3800,200,electronics.smartphone,Acme,495.20,1479,sess-07338
2020-04-01T10:35:15Z,view,6997,400,home.kitchen,Umbra,673.69,122,sess-10979
2020-04-01T10:35:16Z,view,3463,400,home.kitchen,Globex,1405.92,597,sess-17133
2020-04-01T11:45:51Z,purchase,7519,300,apparel.shoes,Umbra,838.50,3742,sess-19470
2020-04-01T10:35:18Z,view,8044,210,electronics.audio,Globex,822.36,4989,sess-17756
2020-04-01T10:35:19Z,purchase,1619,210,electronics.audio,Nova,1039.23,2711,sess-01112
2020-04-01T11:46:00Z,view,9312,300,apparel.shoes,Acme,910.37,2391,sess-04260
2020-04-01T10:35:21Z,view,5645,200,electronics.smartphone,Nova,763.76,2841,sess-14807
2020-04-01T11:10:44Z,cart,6848,200,electronics.smartphone,Nova,605.47,1467,sess-07710
2020-04-01T11:10:46Z,cart,9835,210,electronics.audio,Acme,680.75,1530,sess-00860
2020-04-01T11:46:12Z,view,8559,200,electronics.smartphone,Nova,815.26,4055,sess-17440
2020-04-01T11:46:15Z,view,3521,400,home.kitchen,Acme,298.25,1061,sess-10490
2020-04-01T10:35:26Z,view,9591,300,apparel.shoes,Umbra,1025.10,6,sess-13062
2020-04-01T11:46:21Z,view,5412,200,electronics.smartphone,Umbra,588.28,245,sess-11809
2020-04-01T10:35:28Z,view,1627,400,home.kitchen,Umbra,1350.15,251,sess-04091
2020-04-01T11:46:27Z,cart,5396,300,apparel.shoes,Nova,592.79,2058,sess-05982
2020-04-01T10:35:30Z,view,3299,210,electronics.audio,Umbra,373.70,2892,sess-09640
2020-04-01T10:35:31Z,purchase,4640,400,home.kitchen,Umbra,1386.04,1594,sess-17898
2020-04-01T10:35:32Z,view,3693,400,home.kitchen,Umbra,1374.42,2136,sess-02609
2020-04-01T11:11:06Z,view,3914,400,home.kitchen,Globex,865.29,2813,sess-12750
2020-04-01T10:35:34Z,view,6625,210,electronics.audio,Acme,558.23,4340,sess-19921
2020-04-01T11:11:10Z,purchase,7049,400,home.kitchen,Nova,737.00,2997,sess-00841
2020-04-01T11:11:12Z,view,1256,300,apparel.shoes,Umbra,1160.64,4997,sess-10501
2020-04-01T11:46:51Z,view,1124,210,electronics.audio,Acme,184.37,1591,sess-10048
2020-04-01T11:46:54Z,view,8884,200,electronics.smartphone,Umbra,302.73,4908,sess-15868
2020-04-01T11:11:18Z,cart,5409,210,electronics.audio,Acme,319.23,309,sess-02819
2020-04-01T10:35:40Z,view,5811,300,apparel.shoes,Globex,495.01,3717,sess-03524
2020-04-01T11:47:03Z,view,6998,210,electronics.audio,Acme,1269.58,1757,sess-13746
2020-04-01T11:11:24Z,view,7983,210,electronics.audio,Globex,1439.90,3665,sess-10398
2020-04-01T11:11:26Z,view,5644,200,electronics.smartphone,Acme,270.10,714,sess-01154
2020-04-01T11:11:28Z,view,1985,400,home.kitchen,Globex,15.06,4957,sess-04314
2020-04-01T10:35:45Z,cart,9425,210,electronics.audio,Globex,525.73,4316,sess-18279
2020-04-01T11:47:18Z,purchase,8014,300,apparel.shoes,Nova,1296.73,3409,sess-01913
2020-04-01T11:11:34Z,view,9829,400,home.kitchen,Umbra,255.55,3623,sess-09160
2020-04-01T11:11:36Z,view,5581,300,apparel.shoes,Umbra,635.84,4435,sess-11126
2020-04-01T10:35:49Z,view,3912,300,apparel.shoes,Acme,923.50,4113,sess-04224
2020-04-01T10:35:50Z,cart,6444,400,home.kitchen,Acme,14.36,209,sess-04461
2020-04-01T10:35:51Z,view,6027,210,electronics.audio,Globex,1318.22,3052,sess-07523
2020-04-01T11:11:44Z,view,2896,210,electronics.audio,Nova,13.33,2671,sess-10400
2020-04-01T10:35:53Z,view,9548,200,electronics.smartphone,Umbra,277.31,1672,sess-13949
2020-04-01T11:47:42Z,view,5659,300,apparel.shoes,Nova,581.81,4259,sess-17197
2020-04-01T11:11:50Z,view,9185,210,electronics.audio,Umbra,957.80,1820,sess-13864
2020-04-01T11:47:48Z,view,3452,400,home.kitchen,Globex,775.39,53,sess-04252
2020-04-01T10:35:57Z,view,5717,300,apparel.shoes,Acme,1209.05,1714,sess-02281
2020-04-01T11:47:54Z,view,4119,210,electronics.audio,Acme,219.10,516,sess-04139
2020-04-01T11:47:57Z,view,2517,300,apparel.shoes,Globex,1328.80,484,sess-12359
2020-04-01T11:12:00Z,view,5299,400,home.kitchen,Acme,831.36,4011,sess-05248
2020-04-01T10:36:01Z,view,8727,210,electronics.audio,Globex,999.41,3310,sess-16997
2020-04-01T11:48:06Z,view,8865,300,apparel.shoes,Umbra,1460.08,3804,sess-10514
2020-04-01T11:12:06Z,cart,3222,400,home.kitchen,Globex,1413.50,3105,sess-05072
2020-04-01T11:48:12Z,cart,9371,200,electronics.smartphone,Acme,832.93,3716,sess-12531
2020-04-01T11:48:15Z,view,1869,400,home.kitchen,Nova,1440.72,4501,sess-05953
2020-04-01T11:48:18Z,view,2037,210,electronics.audio,Globex,1181.88,3746,sess-07048
2020-04-01T11:48:21Z,view,1479,210,electronics.audio,Globex,867.09,2670,sess-05957
2020-04-01T11:48:24Z,view,3804,400,home.kitchen,Acme,987.58,826,sess-13996
2020-04-01T11:12:18Z,view,4871,300,apparel.shoes,Umbra,1345.58,4532,sess-18044
2020-04-01T11:12:20Z,view,9850,210,electronics.audio,Acme,465.55,1665,sess-10493
2020-04-01T10:36:11Z,view,8586,400,home.kitchen,Acme,592.66,4040,sess-07172
2020-04-01T11:48:36Z,cart,5276,300,apparel.shoes,Acme,1163.52,2080,sess-18928
2020-04-01T10:36:13Z,view,8320,210,electronics.audio,Nova,284.26,4945,sess-19080
2020-04-01T11:12:28Z,view,3655,200,electronics.smartphone,Nova,1352.10,455,sess-10850
2020-04-01T11:48:45Z,view,4510,200,electronics.smartphone,Globex,1427.10,4017,sess-10712
2020-04-01T11:48:48Z,view,3445,210,electronics.audio,Acme,549.64,231,sess-03230
2020-04-01T11:48:51Z,view,3838,210,electronics.audio,Nova,833.54,309,sess-01458
2020-04-01T10:36:18Z,view,6723,400,home.kitchen,Nova,539.26,1726,sess-12197
2020-04-01T11:12:38Z,view,1662,200,electronics.smartphone,Acme,456.64,1655,sess-00569
2020-04-01T10:36:20Z,view,2793,300,apparel.shoes,Acme,1308.38,3771,sess-02177
2020-04-01T11:49:03Z,view,3444,200,electronics.smartphone,Umbra,1096.00,4729,sess-05488
2020-04-01T11:49:06Z,view,2515,200,electronics.smartphone,Globex,982.36,2481,sess-06516
2020-04-01T10:36:23Z,view,4216,200,electronics.smartphone,Nova,707.79,41,sess-18893
2020-04-01T10:36:24Z,view,2886,200,electronics.smartphone,Acme,230.64,1190,sess-13036
2020-04-01T10:36:25Z,view,3578,210,electronics.audio,Acme,1130.23,968,sess-15085
2020-04-01T10:36:26Z,view,2462,200,electronics.smartphone,Acme,161.24,950,sess-03694
2020-04-01T11:49:21Z,view,1522,200,electronics.smartphone,Nova,994.27,3658,sess-04457
2020-04-01T11:12:56Z,view,4243,210,electronics.audio,Umbra,292.70,1754,sess-01214
2020-04-01T11:12:58Z,view,9784,210,electronics.audio,Acme,1315.92,110,sess-05861
2020-04-01T11:49:30Z,view,5621,210,electronics.audio,Nova,38.95,1443,sess-03292
2020-04-01T10:36:31Z,view,6523,210,electronics.audio,Umbra,1473.07,72,sess-18889
2020-04-01T11:13:04Z,view,3110,400,home.kitchen,Nova,1271.08,141,sess-19380
2020-04-01T11:49:39Z,view,1020,200,electronics.smartphone,Nova,196.66,1759,sess-18641
2020-04-01T11:13:08Z,view,2592,200,electronics.smartphone,Umbra,416.82,1875,sess-14868
2020-04-01T10:36:35Z,view,9841,300,apparel.shoes,Acme,1386.41,3004,sess-12694
2020-04-01T10:36:36Z,view,2227,300,apparel.shoes,Nova,725.37,1280,sess-00841
2020-04-01T10:36:37Z,view,6928,200,electronics.smartphone,Globex,744.81,1327,sess-15707
2020-04-01T11:13:16Z,view,8259,200,electronics.smartphone,Globex,888.26,700,sess-14131
2020-04-01T11:13:18Z,view,3072,210,electronics.audio,Umbra,1352.17,2306,sess-17402
2020-04-01T10:36:40Z,view,3598,300,apparel.shoes,Globex,1300.35,63,sess-07270
2020-04-01T11:13:22Z,cart,3042,200,electronics.smartphone,Nova,611.28,139,sess-11901
2020-04-01T11:13:24Z,view,7933,300,apparel.shoes,Umbra,887.23,2526,sess-02127
2020-04-01T10:36:43Z,view,7965,300,apparel.shoes,Umbra,1263.16,1413,sess-08065
2020-04-01T10:36:44Z,view,8113,400,home.kitchen,Acme,93.80,23,sess-03623
2020-04-01T11:13:30Z,view,4395,200,electronics.smartphone,Umbra,155.06,219,sess-13520
2020-04-01T11:50:18Z,view,9011,200,electronics.smartphone,Acme,818.84,1327,sess-13888
2020-04-01T10:36:47Z,view,8336,300,apparel.shoes,Umbra,1303.31,880,sess-04854
2020-04-01T10:36:48Z,view,8593,200,electronics.smartphone,Globex,615.84,692,sess-06406
2020-04-01T11:13:38Z,view,8568,200,electronics.smartphone,Umbra,76.46,1878,sess-10884
2020-04-01T11:50:30Z,cart,9061,300,apparel.shoes,Globex,266.60,2460,sess-06538
2020-04-01T11:50:33Z,view,1285,200,electronics.smartphone,Umbra,799.88,4630,sess-14258
2020-04-01T10:36:52Z,view,7978,400,home.kitchen,Acme,49.38,3519,sess-19535
2020-04-01T11:13:46Z,view,4259,300,apparel.shoes,Umbra,1234.77,1642,sess-19889
2020-04-01T11:50:42Z,view,7449,400,home.kitchen,Globex,879.80,3579,sess-04880
2020-04-01T11:13:50Z,view,8782,210,electronics.audio,Nova,402.68,156,sess-01052
2020-04-01T10:36:56Z,view,6088,200,electronics.smartphone,Acme,106.38,2707,sess-19311
2020-04-01T11:50:51Z,cart,8956,400,home.kitchen,Umbra,60.84,3829,sess-04074
2020-04-01T11:50:54Z,cart,9910,210,electronics.audio,Umbra,846.57,4523,sess-02227
2020-04-01T11:13:58Z,view,6161,200,electronics.smartphone,Acme,262.32,2043,sess-02156
2020-04-01T10:37:00Z,view,9141,300,apparel.shoes,Acme,741.77,3236,sess-19861
2020-04-01T11:14:02Z,view,8589,210,electronics.audio,Umbra,1221.43,4836,sess-14386
2020-04-01T10:37:02Z,view,7731,200,electronics.smartphone,Nova,730.01,3130,sess-03263
2020-04-01T11:14:06Z,cart,5360,400,home.kitchen,Globex,1144.48,2034,sess-07645
2020-04-01T10:37:04Z,view,9444,210,electronics.audio,Nova,854.85,4842,sess-19501
2020-04-01T11:51:15Z,cart,2097,200,electronics.smartphone,Globex,1272.94,2164,sess-05412
2020-04-01T11:51:18Z,view,4511,200,electronics.smartphone,Globex,1230.62,3828,sess-01671
2020-04-01T11:51:21Z,cart,2458,200,electronics.smartphone,Acme,992.83,3365,sess-01800
2020-04-01T11:51:24Z,view,2557,300,apparel.shoes,Nova,1028.10,4471,sess-02743
2020-04-01T11:51:27Z,purchase,2834,210,electronics.audio,Umbra,1097.78,685,sess-14564
2020-04-01T10:37:10Z,cart,2156,200,electronics.smartphone,Globex,459.65,4478,sess-13075
2020-04-01T11:51:33Z,view,8393,200,electronics.smartphone,Nova,1391.02,2917,sess-17104
2020-04-01T11:14:24Z,view,8170,300,apparel.shoes,Acme,1218.75,95,sess-17666
2020-04-01T10:37:13Z,view,8771,400,home.kitchen,Globex,1244.07,2624,sess-15509
2020-04-01T11:51:42Z,view,2394,400,home.kitchen,Acme,1148.09,2454,sess-19520
2020-04-01T11:51:45Z,view,9370,210,electronics.audio,Nova,252.20,4094,sess-19348
2020-04-01T11:14:32Z,cart,8591,210,electronics.audio,Acme,1007.06,3213,sess-18960
2020-04-01T10:37:17Z,view,1706,300,apparel.shoes,Nova,181.28,4824,sess-11621
2020-04-01T10:37:18Z,view,6809,200,electronics.smartphone,Globex,830.01,3500,sess-01443
2020-04-01T11:14:38Z,view,5654,400,home.kitchen,Acme,1085.68,4532,sess-18291
2020-04-01T11:14:40Z,view,7523,400,home.kitchen,Umbra,1327.73,1489,sess-09597
2020-04-01T11:14:42Z,view,7287,400,home.kitchen,Acme,1403.66,4480,sess-08148
2020-04-01T10:37:22Z,view,8422,300,apparel.shoes,Umbra,668.70,4192,sess-10237
2020-04-01T10:37:23Z,purchase,7323,200,electronics.smartphone,Nova,536.58,1167,sess-05237
2020-04-01T10:37:24Z,view,9890,300,apparel.shoes,Umbra,1451.65,4479,sess-04098
2020-04-01T10:37:25Z,view,9727,400,home.kitchen,Umbra,1321.10,4111,sess-07470
2020-04-01T11:14:52Z,view,8856,400,home.kitchen,Acme,865.75,1240,sess-17276
2020-04-01T11:52:21Z,view,2461,200,electronics.smartphone,Globex,1245.40,2457,sess-02421
2020-04-01T11:52:24Z,view,3674,300,apparel.shoes,Nova,323.95,1676,sess-13350
2020-04-01T11:52:27Z,view,6598,200,electronics.smartphone,Acme,385.50,1529,sess-08147
2020-04-01T11:15:00Z,view,6446,400,home.kitchen,Nova,1434.44,180,sess-05426
2020-04-01T10:37:31Z,view,5295,210,electronics.audio,Umbra,977.18,1021,sess-03191
2020-04-01T11:52:36Z,view,1462,300,apparel.shoes,Nova,99.45,4647,sess-13645
2020-04-01T11:52:39Z,view,9450,200,electronics.smartphone,Acme,861.99,1039,sess-08477
2020-04-01T11:15:08Z,view,7565,200,electronics.smartphone,Umbra,410.89,3783,sess-18061
2020-04-01T11:15:10Z,cart,9470,400,home.kitchen,Nova,935.71,857,sess-07422
2020-04-01T11:52:48Z,view,9944,300,apparel.shoes,Nova,1373.13,3459,sess-17643
2020-04-01T10:37:37Z,view,6105,400,home.kitchen,Umbra,1034.59,4152,sess-12490
2020-04-01T11:52:54Z,view,5279,300,apparel.shoes,Globex,922.48,2569,sess-01616
2020-04-01T11:52:57Z,view,8827,200,electronics.smartphone,Acme,575.33,2960,sess-08074
2020-04-01T10:37:40Z,view,2857,300,apparel.shoes,Globex,1025.74,577,sess-15548
2020-04-01T11:53:03Z,view,4393,400,home.kitchen,Globex,1463.92,3451,sess-10302
2020-04-01T11:15:24Z,view,9432,200,electronics.smartphone,Nova,901.24,4746,sess-08517
2020-04-01T10:37:43Z,view,1805,200,electronics.smartphone,Umbra,860.74,203,sess-19469
2020-04-01T11:53:12Z,cart,3931,300,apparel.shoes,Umbra,1497.97,385,sess-09612
2020-04-01T11:15:30Z,view,8067,400,home.kitchen,Globex,1184.82,4076,sess-13450
2020-04-01T11:15:32Z,cart,6091,200,electronics.smartphone,Umbra,737.59,2579,sess-13881
2020-04-01T11:53:21Z,purchase,8382,200,electronics.smartphone,Acme,292.47,2528,sess-10451
2020-04-01T11:15:36Z,view,3143,400,home.kitchen,Globex,609.63,1987,sess-12109
2020-04-01T11:15:38Z,view,7860,210,electronics.audio,Umbra,597.75,2757,sess-09477
2020-04-01T10:37:50Z,view,1879,210,electronics.audio,Globex,284.17,76,sess-13943
2020-04-01T11:53:33Z,purchase,3966,300,apparel.shoes,Nova,720.16,3703,sess-14031
2020-04-01T10:37:52Z,view,7573,300,apparel.shoes,Acme,588.26,1101,sess-10355
2020-04-01T11:53:39Z,view,5602,210,electronics.audio,Umbra,1458.76,819,sess-03025
2020-04-01T11:53:42Z,view,1982,400,home.kitchen,Nova,714.51,51,sess-17592
2020-04-01T11:53:45Z,view,9102,400,home.kitchen,Umbra,123.30,4578,sess-04190
2020-04-01T11:15:52Z,view,1223,400,home.kitchen,Globex,1078.83,2239,sess-14619
2020-04-01T11:53:51Z,cart,2247,400,home.kitchen,Umbra,84.94,1207,sess-03635
2020-04-01T11:53:54Z,view,8843,210,electronics.audio,Nova,1046.17,2803,sess-07471
2020-04-01T11:15:58Z,purchase,8556,200,electronics.smartphone,Umbra,955.16,4540,sess-11481
2020-04-01T10:38:00Z,view,6075,210,electronics.audio,Umbra,1043.60,1048,sess-04044
2020-04-01T11:16:02Z,view,6931,300,apparel.shoes,Umbra,1417.14,2199,sess-01545
2020-04-01T10:38:02Z,view,5672,300,apparel.shoes,Acme,1305.46,3828,sess-11094
2020-04-01T11:54:09Z,view,4171,210,electronics.audio,Nova,808.21,1263,sess-14663
2020-04-01T11:16:08Z,view,8385,200,electronics.smartphone,Globex,368.13,3592,sess-13047
2020-04-01T11:16:10Z,cart,3780,400,home.kitchen,Globex,834.86,252,sess-06280
2020-04-01T10:38:06Z,view,8778,200,electronics.smartphone,Nova,95.86,2897,sess-00414
2020-04-01T11:16:14Z,view,1683,210,electronics.audio,Globex,295.57,2089,sess-10780
2020-04-01T11:16:16Z,view,9934,300,apparel.shoes,Globex,1341.22,4121,sess-04746
2020-04-01T11:16:18Z,view,1193,300,apparel.shoes,Nova,1074.16,293,sess-03403
2020-04-01T11:16:20Z,cart,9276,400,home.kitchen,Globex,1264.63,2348,sess-16849
2020-04-01T11:54:33Z,view,5163,300,apparel.shoes,Globex,644.11,2084,sess-11779
2020-04-01T11:54:36Z,view,2080,300,apparel.shoes,Acme,678.25,3893,sess-19752
2020-04-01T11:54:39Z,view,6251,200,electronics.smartphone,Umbra,807.26,1974,sess-19522
2020-04-01T11:54:42Z,view,7972,400,home.kitchen,Acme,236.73,4804,sess-17292
2020-04-01T10:38:15Z,view,6152,300,apparel.shoes,Umbra,1257.08,3943,sess-18966
2020-04-01T11:54:48Z,view,3253,400,home.kitchen,Nova,1216.28,2080,sess-12349
2020-04-01T11:54:51Z,cart,3867,300,apparel.shoes,Globex,1248.30,2194,sess-04332
2020-04-01T10:38:18Z,view,3666,400,home.kitchen,Acme,1189.56,4272,sess-07716
2020-04-01T10:38:19Z,cart,1492,400,home.kitchen,Acme,852.04,3211,sess-05149
2020-04-01T10:38:20Z,view,3748,210,electronics.audio,Globex,179.87,1194,sess-03970
2020-04-01T11:16:42Z,view,1034,210,electronics.audio,Nova,581.98,134,sess-02066
2020-04-01T11:55:06Z,cart,1742,200,electronics.smartphone,Nova,897.32,245,sess-16644
2020-04-01T11:16:46Z,view,2993,400,home.kitchen,Nova,446.73,92,sess-17949
2020-04-01T11:16:48Z,cart,5731,200,electronics.smartphone,Globex,437.60,506,sess-07709
2020-04-01T11:55:15Z,view,9361,200,electronics.smartphone,Globex,1175.64,389,sess-15814
2020-04-01T11:55:18Z,cart,6158,210,electronics.audio,Acme,885.11,2535,sess-13392
2020-04-01T10:38:27Z,view,1059,200,electronics.smartphone,Acme,1128.64,1627,sess-00554
2020-04-01T11:16:56Z,view,5570,300,apparel.shoes,Acme,1251.97,2699,sess-19279
2020-04-01T10:38:29Z,view,8141,200,electronics.smartphone,Nova,142.58,3546,sess-12778
2020-04-01T10:38:30Z,view,5900,300,apparel.shoes,Umbra,1338.25,709,sess-02959
2020-04-01T11:55:33Z,view,8323,200,electronics.smartphone,Umbra,923.11,4438,sess-10615
2020-04-01T10:38:32Z,view,1687,400,home.kitchen,Nova,844.74,4283,sess-00493
2020-04-01T11:55:39Z,view,9982,400,home.kitchen,Nova,569.99,1658,sess-09641
2020-04-01T11:55:42Z,view,7363,210,electronics.audio,Nova,794.29,4972,sess-15045
2020-04-01T10:38:35Z,view,8741,200,electronics.smartphone,Umbra,113.61,4335,sess-15903
2020-04-01T11:17:12Z,cart,3959,400,home.kitchen,Acme,856.18,2974,sess-14862
2020-04-01T11:17:14Z,view,3072,210,electronics.audio,Nova,1322.36,183,sess-02851
2020-04-01T10:38:38Z,purchase,7228,210,electronics.audio,Umbra,832.18,121,sess-09920
2020-04-01T10:38:39Z,view,2193,210,electronics.audio,Nova,474.96,3777,sess-11837
2020-04-01T11:17:20Z,view,8486,400,home.kitchen,Nova,211.26,2383,sess-02957
2020-04-01T11:56:03Z,view,2222,210,electronics.audio,Globex,1253.00,792,sess-17755
2020-04-01T11:17:24Z,view,2505,300,apparel.shoes,Globex,210.97,4986,sess-19406
2020-04-01T11:17:26Z,view,3308,210,electronics.audio,Acme,883.51,4942,sess-15648
2020-04-01T11:56:12Z,view,7003,300,apparel.shoes,Umbra,832.56,2183,sess-04322
2020-04-01T10:38:45Z,view,8964,300,apparel.shoes,Globex,761.17,372,sess-10452
2020-04-01T11:56:18Z,view,7015,210,electronics.audio,Acme,32.00,4071,sess-00002
2020-04-01T11:17:34Z,view,7542,200,electronics.smartphone,Globex,1426.21,1799,sess-11213
2020-04-01T11:56:24Z,purchase,3228,210,electronics.audio,Umbra,757.13,2282,sess-15402
2020-04-01T11:56:27Z,view,1082,300,apparel.shoes,Globex,979.66,479,sess-02916
2020-04-01T10:38:50Z,view,5289,210,electronics.audio,Nova,1490.56,3708,sess-07877
2020-04-01T11:56:33Z,view,1102,300,apparel.shoes,Acme,530.39,3945,sess-02160
2020-04-01T11:17:44Z,purchase,2903,200,electronics.smartphone,Acme,917.58,4706,sess-12184
2020-04-01T11:56:39Z,view,6160,200,electronics.smartphone,Umbra,1320.77,1524,sess-14006
2020-04-01T11:17:48Z,view,8218,210,electronics.audio,Acme,70.56,437,sess-18662
2020-04-01T11:56:45Z,purchase,6143,400,home.kitchen,Acme,388.36,121,sess-00151
2020-04-01T11:56:48Z,cart,6361,300,apparel.shoes,Nova,215.57,2401,sess-07439
2020-04-01T11:17:54Z,view,4495,400,home.kitchen,Acme,389.35,3377,sess-11293
2020-04-01T11:17:56Z,purchase,2443,400,home.kitchen,Acme,307.27,4217,sess-04629
2020-04-01T11:56:57Z,view,2158,210,electronics.audio,Nova,234.82,291,sess-08449
2020-04-01T11:57:00Z,cart,4001,210,electronics.audio,Umbra,323.94,563,sess-15345
2020-04-01T11:18:02Z,view,5194,400,home.kitchen,Acme,1378.00,4293,sess-07929
2020-04-01T10:39:02Z,view,5472,400,home.kitchen,Globex,646.75,4471,sess-14268
2020-04-01T10:39:03Z,view,5908,300,apparel.shoes,Umbra,458.94,4440,sess-16495
2020-04-01T11:18:08Z,cart,7268,210,electronics.audio,Umbra,812.59,2441,sess-13301
2020-04-01T11:18:10Z,view,8299,200,electronics.smartphone,Umbra,593.24,3640,sess-09067
2020-04-01T11:57:18Z,view,2311,300,apparel.shoes,Acme,849.03,2984,sess-13012
2020-04-01T11:57:21Z,view,9861,200,electronics.smartphone,Umbra,742.61,2731,sess-10635
2020-04-01T11:18:16Z,purchase,2666,200,electronics.smartphone,Nova,1495.19,1914,sess-03268
2020-04-01T11:18:18Z,cart,1312,200,electronics.smartphone,Nova,1057.72,1166,sess-10766
2020-04-01T10:39:10Z,view,3902,200,electronics.smartphone,Umbra,933.37,1378,sess-00780
2020-04-01T10:39:11Z,cart,2362,300,apparel.shoes,Nova,1001.96,1452,sess-00022
2020-04-01T11:57:36Z,view,6854,300,apparel.shoes,Acme,629.43,488,sess-00347
2020-04-01T10:39:13Z,view,6234,200,electronics.smartphone,Umbra,1080.61,910,sess-11052
2020-04-01T11:18:28Z,view,8211,300,apparel.shoes,Acme,70.52,2784,sess-01049
2020-04-01T11:18:30Z,view,4133,400,home.kitchen,Umbra,79.03,1058,sess-15195
2020-04-01T11:57:48Z,view,4778,200,electronics.smartphone,Globex,592.04,539,sess-01578
2020-04-01T10:39:17Z,view,1199,300,apparel.shoes,Acme,419.76,1666,sess-18972
2020-04-01T11:18:36Z,view,8019,210,electronics.audio,Acme,1458.59,374,sess-16597
2020-04-01T11:18:38Z,purchase,9892,200,electronics.smartphone,Globex,1485.78,2457,sess-03074
2020-04-01T10:39:20Z,view,6670,300,apparel.shoes,Umbra,514.00,1996,sess-12249
2020-04-01T11:58:03Z,view,2157,400,home.kitchen,Acme,732.90,273,sess-01944
2020-04-01T11:58:06Z,cart,7517,200,electronics.smartphone,Acme,1363.71,4680,sess-14041
2020-04-01T11:58:09Z,view,9957,200,electronics.smartphone,Globex,70.91,3170,sess-14393
2020-04-01T11:58:12Z,view,9207,400,home.kitchen,Globex,1434.84,2188,sess-04107
2020-04-01T11:18:50Z,cart,6025,300,apparel.shoes,Nova,35.66,4760,sess-12287
2020-04-01T11:58:18Z,view,7176,400,home.kitchen,Umbra,330.86,1288,sess-10951
2020-04-01T10:39:27Z,purchase,2194,200,electronics.smartphone,Nova,473.09,4041,sess-06964
2020-04-01T10:39:28Z,view,5683,210,electronics.audio,Globex,279.74,867,sess-15053
2020-04-01T10:39:29Z,view,4585,210,electronics.audio,Acme,147.40,1814,sess-10084
2020-04-01T11:58:30Z,view,7910,200,electronics.smartphone,Nova,957.62,381,sess-11671
2020-04-01T11:19:02Z,cart,4980,300,apparel.shoes,Nova,179.39,115,sess-04964
2020-04-01T11:19:04Z,view,4603,400,home.kitchen,Umbra,1019.12,1115,sess-00213
2020-04-01T11:58:39Z,view,6296,400,home.kitchen,Nova,892.16,4634,sess-06098
2020-04-01T11:19:08Z,view,3744,300,apparel.shoes,Globex,1265.53,3238,sess-01522
2020-04-01T11:19:10Z,view,3317,200,electronics.smartphone,Nova,283.88,3749,sess-12126
2020-04-01T10:39:36Z,view,1404,400,home.kitchen,Umbra,670.15,4882,sess-04132
2020-04-01T10:39:37Z,view,4697,210,electronics.audio,Acme,650.02,4512,sess-00201
2020-04-01T11:19:16Z,view,2106,210,electronics.audio,Acme,785.77,2889,sess-17185
2020-04-01T10:39:39Z,view,2547,300,apparel.shoes,Umbra,757.18,3554,sess-03488
2020-04-01T11:19:20Z,view,2336,300,apparel.shoes,Globex,698.31,4822,sess-10255
2020-04-01T11:19:22Z,view,7254,200,electronics.smartphone,Globex,80.26,4555,sess-16934
2020-04-01T11:59:06Z,view,9765,400,home.kitchen,Globex,1468.74,4947,sess-07077
2020-04-01T10:39:43Z,view,3824,400,home.kitchen,Acme,1323.69,4171,sess-09048
2020-04-01T10:39:44Z,view,3754,210,electronics.audio,Umbra,270.56,3906,sess-05326
2020-04-01T11:19:30Z,view,4746,210,electronics.audio,Nova,137.58,1109,sess-05096
2020-04-01T11:19:32Z,view,4463,300,apparel.shoes,Globex,103.73,1079,sess-17200
2020-04-01T10:39:47Z,view,3073,200,electronics.smartphone,Umbra,315.75,107,sess-04181
2020-04-01T10:39:48Z,view,4588,210,electronics.audio,Acme,749.55,1075,sess-04279
2020-04-01T11:59:27Z,cart,7110,210,electronics.audio,Acme,1140.16,1589,sess-01358
2020-04-01T11:59:30Z,view,6496,400,home.kitchen,Acme,299.58,386,sess-13342
2020-04-01T11:59:33Z,view,4781,300,apparel.shoes,Acme,599.84,3605,sess-14973
2020-04-01T10:39:52Z,view,3163,210,electronics.audio,Nova,1486.05,582,sess-00751
2020-04-01T10:39:53Z,cart,8695,200,electronics.smartphone,Globex,66.11,2446,sess-12391
2020-04-01T11:19:48Z,cart,1477,200,electronics.smartphone,Acme,1114.10,2160,sess-08125
2020-04-01T10:39:55Z,view,7420,400,home.kitchen,Acme,1203.18,1329,sess-04943
2020-04-01T11:19:52Z,view,8976,400,home.kitchen,Nova,611.76,115,sess-16420
2020-04-01T10:39:57Z,view,8544,400,home.kitchen,Acme,594.03,333,sess-12556
2020-04-01T11:19:56Z,view,6931,400,home.kitchen,Umbra,433.97,2963,sess-01981
2020-04-01T11:59:57Z,purchase,8224,200,electronics.smartphone,Globex,1028.86,3535,sess-12830
2020-04-01T10:40:00Z,view,7829,210,electronics.audio,Nova,908.76,2817,sess-00280
2020-04-01T10:40:01Z,view,3121,210,electronics.audio,Acme,1323.69,1384,sess-12627
2020-04-01T12:00:06Z,view,3406,300,apparel.shoes,Umbra,999.87,2095,sess-07093
2020-04-01T12:00:09Z,view,5367,300,apparel.shoes,Acme,1275.97,1240,sess-03324
2020-04-01T12:00:12Z,view,2607,400,home.kitchen,Acme,1087.91,3339,sess-04834
2020-04-01T10:40:05Z,view,5319,400,home.kitchen,Umbra,1208.47,1808,sess-06587
2020-04-01T10:40:06Z,view,4058,400,home.kitchen,Umbra,357.60,2996,sess-01888
2020-04-01T12:00:21Z,view,1569,210,electronics.audio,Nova,1252.51,1974,sess-02542
2020-04-01T12:00:24Z,view,1458,400,home.kitchen,Nova,703.02,3063,sess-08752
2020-04-01T12:00:27Z,view,9181,300,apparel.shoes,Umbra,1069.60,2711,sess-14862
2020-04-01T11:20:20Z,view,4266,300,apparel.shoes,Nova,848.65,2954,sess-07862
2020-04-01T10:40:11Z,view,9237,400,home.kitchen,Acme,1359.39,3132,sess-02084
2020-04-01T10:40:12Z,view,6623,210,electronics.audio,Umbra,1048.12,2340,sess-12123
2020-04-01T10:40:13Z,view,9323,300,apparel.shoes,Umbra,601.66,718,sess-11197
2020-04-01T10:40:14Z,cart,7247,300,apparel.shoes,Acme,276.68,3253,sess-09899
2020-04-01T10:40:15Z,view,5524,400,home.kitchen,Umbra,1077.52,1120,sess-07852
2020-04-01T11:20:32Z,view,7304,210,electronics.audio,Globex,1003.21,1004,sess-09369
2020-04-01T11:20:34Z,view,3579,210,electronics.audio,Globex,478.52,3404,sess-03813
2020-04-01T10:40:18Z,view,8418,200,electronics.smartphone,Acme,1156.63,4642,sess-13522
2020-04-01T11:20:38Z,view,1491,200,electronics.smartphone,Globex,798.59,4376,sess-03998
2020-04-01T12:01:00Z,view,2970,210,electronics.audio,Umbra,672.72,651,sess-12071
2020-04-01T12:01:03Z,cart,3562,300,apparel.shoes,Globex,988.62,1714,sess-11887
2020-04-01T12:01:06Z,view,9281,400,home.kitchen,Nova,1022.01,3774,sess-08512
2020-04-01T12:01:09Z,view,2842,200,electronics.smartphone,Acme,249.58,4074,sess-06357
2020-04-01T10:40:24Z,cart,6594,400,home.kitchen,Nova,696.88,1210,sess-07293
2020-04-01T11:20:50Z,view,6307,400,home.kitchen,Acme,10.09,3332,sess-06171
2020-04-01T11:20:52Z,cart,6850,200,electronics.smartphone,Umbra,99.01,1250,sess-14396
2020-04-01T12:01:21Z,view,1595,200,electronics.smartphone,Globex,1025.22,208,sess-04981
2020-04-01T10:40:28Z,view,6065,200,electronics.smartphone,Acme,1270.79,1527,sess-10479
2020-04-01T10:40:29Z,view,1433,400,home.kitchen,Globex,862.63,4950,sess-09868
2020-04-01T10:40:30Z,purchase,9668,400,home.kitchen,Acme,1363.11,712,sess-16200
2020-04-01T11:21:02Z,view,7194,210,electronics.audio,Globex,779.56,2834,sess-11504
2020-04-01T12:01:36Z,view,4055,200,electronics.smartphone,Umbra,519.23,4716,sess-15881
2020-04-01T11:21:06Z,view,4493,300,apparel.shoes,Globex,961.71,1923,sess-04862
2020-04-01T11:21:08Z,view,9555,210,electronics.audio,Globex,434.56,4943,sess-19921
2020-04-01T11:21:10Z,view,4694,300,apparel.shoes,Acme,135.23,1059,sess-07427
2020-04-01T12:01:48Z,view,7506,400,home.kitchen,Globex,691.38,751,sess-01605
2020-04-01T10:40:37Z,cart,9156,400,home.kitchen,Nova,1245.50,990,sess-16570
2020-04-01T11:21:16Z,view,2616,200,electronics.smartphone,Globex,597.66,116,sess-16102
2020-04-01T12:01:57Z,cart,2468,210,electronics.audio,Umbra,1144.26,4039,sess-14246
2020-04-01T10:40:40Z,view,8839,400,home.kitchen,Globex,397.67,1641,sess-10628
2020-04-01T12:02:03Z,cart,3502,210,electronics.audio,Acme,765.00,1161,sess-05289
2020-04-01T12:02:06Z,view,5157,300,apparel.shoes,Globex,1007.18,1262,sess-11342
2020-04-01T12:02:09Z,view,3926,210,electronics.audio,Umbra,278.65,2898,sess-13272
2020-04-01T12:02:12Z,view,7088,210,electronics.audio,Nova,1346.15,404,sess-12767
2020-04-01T11:21:30Z,view,2092,210,electronics.audio,Umbra,598.25,940,sess-17419
2020-04-01T12:02:18Z,view,4871,200,electronics.smartphone,Umbra,347.53,52,sess-15912
2020-04-01T11:21:34Z,cart,6307,200,electronics.smartphone,Globex,112.25,1217,sess-00445
2020-04-01T12:02:24Z,view,1939,400,home.kitchen,Nova,347.71,4168,sess-09399
2020-04-01T10:40:49Z,view,7326,300,apparel.shoes,Umbra,1187.18,519,sess-10284
2020-04-01T12:02:30Z,view,5119,300,apparel.shoes,Acme,1405.49,4659,sess-02383
2020-04-01T12:02:33Z,view,2416,300,apparel.shoes,Umbra,851.51,3508,sess-08771
2020-04-01T12:02:36Z,view,8016,300,apparel.shoes,Nova,1007.44,2226,sess-00555
2020-04-01T10:40:53Z,view,6259,210,electronics.audio,Nova,1208.26,3694,sess-17929
2020-04-01T12:02:42Z,view,3246,200,electronics.smartphone,Acme,1464.71,149,sess-08311
2020-04-01T11:21:50Z,view,9128,200,electronics.smartphone,Acme,139.26,788,sess-04455
2020-04-01T11:21:52Z,view,4991,210,electronics.audio,Nova,851.96,3523,sess-13223
2020-04-01T11:21:54Z,view,9572,200,electronics.smartphone,Globex,642.41,3888,sess-07066
2020-04-01T10:40:58Z,view,4037,200,electronics.smartphone,Nova,1014.05,1081,sess-14348
2020-04-01T10:40:59Z,view,9690,300,apparel.shoes,Globex,633.43,4381,sess-15570
2020-04-01T11:22:00Z,view,4326,300,apparel.shoes,Umbra,1156.10,945,sess-19747
2020-04-01T10:41:01Z,view,1505,210,electronics.audio,Globex,276.63,4199,sess-18948
2020-04-01T11:22:04Z,view,3597,200,electronics.smartphone,Nova,1264.04,992,sess-19206
2020-04-01T11:22:06Z,view,5461,400,home.kitchen,Nova,1200.31,2317,sess-18450
2020-04-01T11:22:08Z,view,1818,200,electronics.smartphone,Umbra,844.09,10,sess-04597
2020-04-01T12:03:15Z,view,9925,300,apparel.shoes,Nova,860.73,3566,sess-16267
2020-04-01T12:03:18Z,view,2458,300,apparel.shoes,Acme,524.60,3439,sess-06597
2020-04-01T12:03:21Z,view,6416,300,apparel.shoes,Globex,532.74,271,sess-00756
2020-04-01T12:03:24Z,view,4263,400,home.kitchen,Nova,1462.70,309,sess-19296
2020-04-01T12:03:27Z,view,8608,210,electronics.audio,Umbra,954.31,3616,sess-02592
2020-04-01T12:03:30Z,view,7228,210,electronics.audio,Nova,1043.61,1825,sess-10522
2020-04-01T11:22:22Z,view,3936,200,electronics.smartphone,Nova,795.88,3015,sess-11462
2020-04-01T12:03:36Z,purchase,7988,210,electronics.audio,Umbra,1280.72,2456,sess-07693
2020-04-01T11:22:26Z,view,7446,300,apparel.shoes,Umbra,654.76,2857,sess-09231
2020-04-01T11:22:28Z,view,5786,300,apparel.shoes,Acme,1179.42,1814,sess-10073
2020-04-01T11:22:30Z,cart,5007,400,home.kitchen,Umbra,1417.40,4977,sess-07945
2020-04-01T11:22:32Z,cart,5670,400,home.kitchen,Acme,1316.22,1855,sess-18839
2020-04-01T10:41:17Z,view,3393,210,electronics.audio,Nova,753.25,1840,sess-01565
2020-04-01T10:41:18Z,cart,9735,210,electronics.audio,Globex,408.07,4280,sess-19092
2020-04-01T10:41:19Z,view,1130,200,electronics.smartphone,Nova,1038.45,4678,sess-14600
2020-04-01T10:41:20Z,cart,8846,200,electronics.smartphone,Umbra,780.27,2678,sess-09875
2020-04-01T10:41:21Z,cart,7070,400,home.kitchen,Acme,202.21,2759,sess-15487
2020-04-01T11:22:44Z,view,1166,210,electronics.audio,Nova,652.09,352,sess-09889
2020-04-01T12:04:09Z,view,3431,200,electronics.smartphone,Umbra,45.94,1831,sess-18566
2020-04-01T11:22:48Z,view,3234,200,electronics.smartphone,Umbra,694.90,941,sess-06686
2020-04-01T11:22:50Z,view,4118,400,home.kitchen,Acme,1017.92,2710,sess-19083
2020-04-01T12:04:18Z,view,2292,400,home.kitchen,Umbra,107.83,4700,sess-19972
2020-04-01T10:41:27Z,view,4099,300,apparel.shoes,Globex,335.82,2125,sess-10724
2020-04-01T11:22:56Z,cart,1787,300,apparel.shoes,Globex,289.79,1677,sess-09720
2020-04-01T11:22:58Z,view,1548,210,electronics.audio,Nova,442.67,2038,sess-06387
2020-04-01T12:04:30Z,view,2765,210,electronics.audio,Nova,678.89,154,sess-09872
2020-04-01T12:04:33Z,view,9851,400,home.kitchen,Umbra,1352.90,230,sess-01071
2020-04-01T12:04:36Z,purchase,5597,210,electronics.audio,Acme,233.72,3125,sess-19090
2020-04-01T10:41:33Z,view,8178,400,home.kitchen,Umbra,286.54,2344,sess-02111
2020-04-01T11:23:08Z,view,6218,210,electronics.audio,Acme,1191.94,479,sess-05085
2020-04-01T11:23:10Z,cart,3653,210,electronics.audio,Globex,636.08,4581,sess-19973
2020-04-01T10:41:36Z,view,6517,400,home.kitchen,Globex,782.87,1307,sess-06520
2020-04-01T10:41:37Z,view,3233,200,electronics.smartphone,Globex,862.56,134,sess-04406
2020-04-01T11:23:16Z,view,1163,210,electronics.audio,Nova,384.19,1882,sess-00720
2020-04-01T11:23:18Z,view,3012,200,electronics.smartphone,Nova,1224.60,3505,sess-14952
2020-04-01T10:41:40Z,view,8837,210,electronics.audio,Acme,1221.68,4995,sess-19988
2020-04-01T10:41:41Z,view,5554,210,electronics.audio,Globex,1412.64,3033,sess-06902
2020-04-01T10:41:42Z,view,8989,300,apparel.shoes,Acme,409.93,1398,sess-07701
2020-04-01T12:05:09Z,view,9850,210,electronics.audio,Acme,1458.45,2425,sess-15023
2020-04-01T10:41:44Z,view,8441,200,electronics.smartphone,Umbra,202.94,1336,sess-05355
2020-04-01T12:05:15Z,view,8198,200,electronics.smartphone,Acme,821.96,3389,sess-08486
2020-04-01T12:05:18Z,view,9113,400,home.kitchen,Globex,935.34,2631,sess-08535
2020-04-01T11:23:34Z,view,1819,300,apparel.shoes,Globex,344.95,3165,sess-11789
2020-04-01T10:41:48Z,cart,3430,400,home.kitchen,Umbra,100.81,2782,sess-16574
2020-04-01T11:23:38Z,view,6623,200,electronics.smartphone,Globex,426.21,3157,sess-12918
2020-04-01T10:41:50Z,view,8953,210,electronics.audio,Globex,1155.28,2041,sess-06149
2020-04-01T11:23:42Z,purchase,3129,200,electronics.smartphone,Acme,183.24,693,sess-02817
2020-04-01T10:41:52Z,cart,6679,210,electronics.audio,Acme,1115.41,4529,sess-13630
2020-04-01T10:41:53Z,view,1810,400,home.kitchen,Globex,1197.92,3971,sess-09547
2020-04-01T11:23:48Z,view,2696,300,apparel.shoes,Acme,271.41,4815,sess-08252
2020-04-01T11:23:50Z,view,2671,400,home.kitchen,Umbra,740.88,1415,sess-05751
2020-04-01T11:23:52Z,view,4609,210,electronics.audio,Globex,37.09,4568,sess-14890
2020-04-01T11:23:54Z,view,2851,210,electronics.audio,Nova,484.15,3078,sess-05773
2020-04-01T11:23:56Z,cart,4199,210,electronics.audio,Umbra,307.52,13,sess-17681
2020-04-01T12:05:57Z,view,8255,300,apparel.shoes,Umbra,780.25,152,sess-09986
2020-04-01T11:24:00Z,cart,5439,200,electronics.smartphone,Nova,20.43,3807,sess-00682
2020-04-01T11:24:02Z,view,2169,300,apparel.shoes,Globex,675.05,2566,sess-06209
2020-04-01T11:24:04Z,cart,7998,400,home.kitchen,Nova,898.61,1714,sess-05242
2020-04-01T10:42:03Z,cart,5391,210,electronics.audio,Globex,713.88,1516,sess-14823
2020-04-01T12:06:12Z,view,3516,300,apparel.shoes,Acme,602.05,144,sess-13709
2020-04-01T10:42:05Z,view,3192,210,electronics.audio,Umbra,1391.53,228,sess-12088
2020-04-01T11:24:12Z,view,2168,200,electronics.smartphone,Umbra,231.69,2643,sess-13452
2020-04-01T10:42:07Z,view,4810,400,home.kitchen,Nova,1081.70,3571,sess-08008
2020-04-01T12:06:24Z,view,5860,210,electronics.audio,Umbra,118.62,1474,sess-01401
2020-04-01T12:06:27Z,view,6564,200,electronics.smartphone,Acme,164.92,796,sess-06375
2020-04-01T10:42:10Z,cart,5466,200,electronics.smartphone,Acme,340.55,4702,sess-17513
2020-04-01T10:42:11Z,cart,3896,200,electronics.smartphone,Umbra,263.48,1244,sess-03093
2020-04-01T12:06:36Z,view,9378,300,apparel.shoes,Nova,1305.25,923,sess-12206
2020-04-01T12:06:39Z,view,7577,400,home.kitchen,Umbra,876.36,2441,sess-00277
2020-04-01T10:42:14Z,view,9802,300,apparel.shoes,Acme,461.86,480,sess-12762
2020-04-01T11:24:30Z,cart,7361,200,electronics.smartphone,Nova,1373.77,1456,sess-18679
2020-04-01T11:24:32Z,view,5006,400,home.kitchen,Nova,1106.44,2570,sess-17065
2020-04-01T10:42:17Z,view,7542,300,apparel.shoes,Umbra,1087.71,2547,sess-03892
2020-04-01T10:42:18Z,cart,2831,210,electronics.audio,Globex,272.67,1155,sess-14291
2020-04-01T12:06:57Z,view,6007,200,electronics.smartphone,Globex,919.54,524,sess-01491
2020-04-01T12:07:00Z,cart,5610,200,electronics.smartphone,Acme,854.69,3979,sess-16748
2020-04-01T12:07:03Z,cart,8717,200,electronics.smartphone,Umbra,612.35,3658,sess-05028
2020-04-01T10:42:22Z,view,3635,200,electronics.smartphone,Globex,826.58,4209,sess-06527
2020-04-01T12:07:09Z,view,7918,400,home.kitchen,Acme,1118.96,3358,sess-00687
2020-04-01T10:42:24Z,view,1088,200,electronics.smartphone,Nova,811.17,2850,sess-06446
2020-04-01T10:42:25Z,view,2578,210,electronics.audio,Umbra,493.32,32,sess-10544
2020-04-01T12:07:18Z,view,9674,210,electronics.audio,Globex,1403.30,1925,sess-18017
2020-04-01T12:07:21Z,view,3800,400,home.kitchen,Nova,600.17,4625,sess-02047
2020-04-01T12:07:24Z,cart,8493,210,electronics.audio,Globex,270.08,3573,sess-07998
2020-04-01T12:07:27Z,view,4339,400,home.kitchen,Umbra,1121.74,1758,sess-15849
2020-04-01T11:25:00Z,view,9885,200,electronics.smartphone,Umbra,161.61,3298,sess-05802
2020-04-01T10:42:31Z,view,1013,200,electronics.smartphone,Globex,761.23,610,sess-06222
2020-04-01T10:42:32Z,cart,3496,210,electronics.audio,Umbra,1097.98,813,sess-17714
2020-04-01T12:07:39Z,view,8554,210,electronics.audio,Acme,491.42,4916,sess-02075
2020-04-01T12:07:42Z,view,8901,400,home.kitchen,Umbra,69.96,4039,sess-12637
2020-04-01T11:25:10Z,view,1102,210,electronics.audio,Globex,983.01,4410,sess-17127
2020-04-01T11:25:12Z,view,3087,200,electronics.smartphone,Acme,617.58,3827,sess-19881
2020-04-01T11:25:14Z,view,7864,300,apparel.shoes,Umbra,813.82,4748,sess-17474
2020-04-01T12:07:54Z,view,3919,400,home.kitchen,Nova,568.42,137,sess-04938
2020-04-01T11:25:18Z,cart,3798,400,home.kitchen,Globex,211.86,2900,sess-18834
2020-04-01T11:25:20Z,cart,9310,300,apparel.shoes,Globex,247.95,4860,sess-18531
2020-04-01T12:08:03Z,view,8129,300,apparel.shoes,Acme,1330.46,74,sess-14561
2020-04-01T12:08:06Z,view,5392,400,home.kitchen,Umbra,620.95,3893,sess-04677
2020-04-01T12:08:09Z,view,8174,200,electronics.smartphone,Nova,845.84,4703,sess-12988
2020-04-01T12:08:12Z,view,9159,300,apparel.shoes,Umbra,928.62,2089,sess-18323
2020-04-01T12:08:15Z,view,5518,400,home.kitchen,Umbra,914.35,617,sess-16681
2020-04-01T12:08:18Z,view,7733,200,electronics.smartphone,Umbra,690.21,3786,sess-07948
2020-04-01T11:25:34Z,cart,7531,210,electronics.audio,Umbra,164.69,4764,sess-17578
2020-04-01T12:08:24Z,view,5345,200,electronics.smartphone,Nova,909.37,2376,sess-10356
2020-04-01T10:42:49Z,cart,6352,200,electronics.smartphone,Nova,1479.94,1401,sess-03876
2020-04-01T10:42:50Z,view,8515,210,electronics.audio,Acme,831.55,321,sess-13000
2020-04-01T10:42:51Z,view,5432,210,electronics.audio,Acme,161.04,4380,sess-08280
2020-04-01T12:08:36Z,view,1674,210,electronics.audio,Globex,1223.13,2703,sess-15810
2020-04-01T10:42:53Z,view,5291,400,home.kitchen,Acme,1476.45,869,sess-18132
2020-04-01T12:08:42Z,view,8324,210,electronics.audio,Umbra,323.22,3036,sess-00417
2020-04-01T11:25:50Z,cart,7607,400,home.kitchen,Globex,1168.94,835,sess-19405
2020-04-01T12:08:48Z,view,6856,200,electronics.smartphone,Globex,395.28,3174,sess-09594
2020-04-01T11:25:54Z,view,9869,400,home.kitchen,Acme,82.42,2411,sess-14156
2020-04-01T10:42:58Z,view,9696,200,electronics.smartphone,Acme,965.89,3868,sess-05309
2020-04-01T10:42:59Z,cart,4343,200,electronics.smartphone,Umbra,188.70,3504,sess-12202
2020-04-01T11:26:00Z,view,5964,300,apparel.shoes,Nova,1407.52,2065,sess-04310
2020-04-01T11:26:02Z,cart,6618,300,apparel.shoes,Globex,604.30,3457,sess-18306
2020-04-01T11:26:04Z,view,1632,300,apparel.shoes,Umbra,193.44,3096,sess-04646
2020-04-01T10:43:03Z,cart,8826,400,home.kitchen,Globex,1153.34,1122,sess-10336
2020-04-01T12:09:12Z,view,1129,200,electronics.smartphone,Umbra,954.63,2718,sess-07731
2020-04-01T11:26:10Z,view,1481,400,home.kitchen,Umbra,1351.65,2119,sess-16349
2020-04-01T10:43:06Z,view,7100,300,apparel.shoes,Globex,492.76,4893,sess-07302
2020-04-01T11:26:14Z,cart,6120,210,electronics.audio,Umbra,1454.33,51,sess-16027
2020-04-01T12:09:24Z,view,4574,300,apparel.shoes,Acme,1293.47,833,sess-05447
2020-04-01T10:43:09Z,view,5081,200,electronics.smartphone,Nova,1420.02,3231,sess-04186
2020-04-01T12:09:30Z,view,3345,210,electronics.audio,Globex,1159.74,3796,sess-16209
2020-04-01T12:09:33Z,view,6259,300,apparel.shoes,Umbra,275.51,2632,sess-18159
2020-04-01T12:09:36Z,view,6673,210,electronics.audio,Umbra,177.91,1147,sess-10245
2020-04-01T10:43:13Z,view,7033,400,home.kitchen,Acme,507.30,689,sess-14701
2020-04-01T11:26:28Z,view,6054,300,apparel.shoes,Nova,683.89,4910,sess-03040
2020-04-01T12:09:45Z,view,6998,210,electronics.audio,Umbra,449.86,1760,sess-11686
2020-04-01T12:09:48Z,view,8557,200,electronics.smartphone,Nova,1054.98,976,sess-11679
2020-04-01T11:26:34Z,view,5259,210,electronics.audio,Acme,503.39,2371,sess-19761
2020-04-01T10:43:18Z,view,4198,210,electronics.audio,Globex,129.30,1023,sess-17363
2020-04-01T11:26:38Z,view,9538,210,electronics.audio,Globex,60.96,4923,sess-05971
2020-04-01T11:26:40Z,view,6777,200,electronics.smartphone,Nova,298.47,1427,sess-15726
2020-04-01T11:26:42Z,view,6176,210,electronics.audio,Nova,670.53,513,sess-10272
2020-04-01T12:10:06Z,view,4484,300,apparel.shoes,Acme,1209.64,2683,sess-07420
2020-04-01T10:43:23Z,view,9386,200,electronics.smartphone,Umbra,1029.91,4625,sess-03519
2020-04-01T11:26:48Z,view,7250,300,apparel.shoes,Globex,666.83,4068,sess-02872
2020-04-01T12:10:15Z,view,2069,400,home.kitchen,Umbra,597.10,2543,sess-07356
2020-04-01T12:10:18Z,view,8045,400,home.kitchen,Acme,883.38,2147,sess-11189
2020-04-01T10:43:27Z,view,2837,200,electronics.smartphone,Acme,513.73,396,sess-17442
2020-04-01T11:26:56Z,view,6576,210,electronics.audio,Umbra,812.75,1342,sess-03120
2020-04-01T12:10:27Z,view,3788,300,apparel.shoes,Umbra,1407.14,2416,sess-12776
2020-04-01T11:27:00Z,view,7073,400,home.kitchen,Umbra,1315.88,3589,sess-05594
2020-04-01T10:43:31Z,view,9518,300,apparel.shoes,Globex,1264.67,1036,sess-16985
2020-04-01T12:10:36Z,view,2170,210,electronics.audio,Acme,810.53,3614,sess-19131
2020-04-01T11:27:06Z,view,5902,210,electronics.audio,Acme,914.61,4333,sess-17710
2020-04-01T11:27:08Z,view,1235,400,home.kitchen,Umbra,1374.28,2689,sess-19026
2020-04-01T12:10:45Z,view,5356,200,electronics.smartphone,Nova,1311.40,1689,sess-13942
2020-04-01T12:10:48Z,view,2359,200,electronics.smartphone,Umbra,318.83,1493,sess-07132
2020-04-01T11:27:14Z,view,9787,400,home.kitchen,Acme,916.58,935,sess-02685
2020-04-01T12:10:54Z,cart,6514,300,apparel.shoes,Globex,38.88,4723,sess-00373
2020-04-01T12:10:57Z,view,8295,200,electronics.smartphone,Nova,476.86,3834,sess-18911
2020-04-01T11:27:20Z,view,4403,400,home.kitchen,Acme,1244.44,1811,sess-12245
2020-04-01T12:11:03Z,view,1194,400,home.kitchen,Acme,594.87,2609,sess-06395
2020-04-01T12:11:06Z,view,4950,200,electronics.smartphone,Globex,1438.00,4789,sess-02616
2020-04-01T11:27:26Z,view,6036,400,home.kitchen,Acme,368.81,1102,sess-10327
2020-04-01T12:11:12Z,view,9701,200,electronics.smartphone,Acme,1284.10,2688,sess-17532
2020-04-01T12:11:15Z,cart,5643,200,electronics.smartphone,Nova,452.51,2685,sess-01999
2020-04-01T12:11:18Z,cart,7561,210,electronics.audio,Nova,1193.64,571,sess-11248
2020-04-01T12:11:21Z,cart,7211,210,electronics.audio,Umbra,122.90,3294,sess-04583
2020-04-01T12:11:24Z,view,5019,400,home.kitchen,Acme,929.93,1713,sess-11575
2020-04-01T11:27:38Z,view,9921,300,apparel.shoes,Nova,951.14,2636,sess-14097
2020-04-01T11:27:40Z,cart,2408,210,electronics.audio,Globex,362.92,2739,sess-12644
2020-04-01T12:11:33Z,view,6680,300,apparel.shoes,Acme,372.92,948,sess-03319
2020-04-01T10:43:52Z,view,9324,210,electronics.audio,Nova,688.12,1966,sess-15452
2020-04-01T12:11:39Z,cart,7715,400,home.kitchen,Acme,446.00,39,sess-11244
2020-04-01T10:43:54Z,cart,5176,400,home.kitchen,Acme,1026.02,2101,sess-02251
2020-04-01T12:11:45Z,view,8566,200,electronics.smartphone,Umbra,1308.93,2649,sess-06709
2020-04-01T12:11:48Z,purchase,5351,400,home.kitchen,Acme,61.02,352,sess-12233
2020-04-01T10:43:57Z,view,9034,210,electronics.audio,Nova,732.48,1754,sess-00272
2020-04-01T11:27:56Z,view,9341,210,electronics.audio,Acme,1016.27,840,sess-08628
2020-04-01T10:43:59Z,view,6193,210,electronics.audio,Nova,864.82,1732,sess-00709
2020-04-01T10:44:00Z,view,7588,400,home.kitchen,Globex,1039.62,2131,sess-19885
2020-04-01T11:28:02Z,cart,9284,210,electronics.audio,Umbra,766.18,4396,sess-09117
2020-04-01T10:44:02Z,view,2833,300,apparel.shoes,Nova,1339.67,1943,sess-10770
2020-04-01T12:12:09Z,view,8430,200,electronics.smartphone,Acme,1451.91,2179,sess-06441
2020-04-01T12:12:12Z,view,7287,200,electronics.smartphone,Acme,1420.93,2220,sess-01151
2020-04-01T12:12:15Z,view,4367,400,home.kitchen,Globex,1122.38,4493,sess-15398
2020-04-01T11:28:12Z,view,4513,210,electronics.audio,Acme,677.01,3316,sess-09305
2020-04-01T11:28:14Z,view,1138,210,electronics.audio,Globex,173.51,4957,sess-00409
2020-04-01T11:28:16Z,view,1379,400,home.kitchen,Globex,204.19,1527,sess-17857
2020-04-01T10:44:09Z,cart,5292,200,electronics.smartphone,Acme,352.80,556,sess-05584
2020-04-01T10:44:10Z,view,8376,300,apparel.shoes,Acme,1138.15,3784,sess-04390
2020-04-01T11:28:22Z,view,9105,200,electronics.smartphone,Umbra,326.56,4847,sess-08917
2020-04-01T12:12:36Z,view,2233,210,electronics.audio,Globex,467.80,488,sess-15818
2020-04-01T12:12:39Z,view,5539,210,electronics.audio,Nova,1096.63,4457,sess-15258
2020-04-01T11:28:28Z,view,7386,210,electronics.audio,Acme,279.08,2096,sess-18820
2020-04-01T12:12:45Z,view,5891,400,home.kitchen,Globex,401.20,1181,sess-06080
2020-04-01T10:44:16Z,view,7868,210,electronics.audio,Globex,934.68,817,sess-03536
2020-04-01T10:44:17Z,view,7268,300,apparel.shoes,Nova,575.32,4308,sess-14144
2020-04-01T10:44:18Z,view,3446,200,electronics.smartphone,Globex,980.93,4475,sess-13087
2020-04-01T11:28:38Z,view,1520,200,electronics.smartphone,Globex,358.49,4871,sess-10985
2020-04-01T10:44:20Z,purchase,6904,200,electronics.smartphone,Umbra,877.17,1611,sess-13411
2020-04-01T10:44:21Z,view,8795,400,home.kitchen,Globex,148.19,4956,sess-10257
2020-04-01T10:44:22Z,view,1201,300,apparel.shoes,Acme,694.91,213,sess-15119
2020-04-01T11:28:46Z,view,3812,400,home.kitchen,Acme,813.10,1313,sess-03065
2020-04-01T11:28:48Z,view,2238,400,home.kitchen,Umbra,184.33,3194,sess-16241
2020-04-01T10:44:25Z,view,7676,300,apparel.shoes,Nova,254.94,917,sess-16253
2020-04-01T10:44:26Z,view,8451,200,electronics.smartphone,Globex,85.42,2104,sess-10040
2020-04-01T11:28:54Z,view,5802,300,apparel.shoes,Acme,143.80,1080,sess-06019
2020-04-01T10:44:28Z,cart,6608,210,electronics.audio,Globex,408.47,1484,sess-07035
2020-04-01T10:44:29Z,view,5449,200,electronics.smartphone,Nova,714.32,2500,sess-14618
2020-04-01T10:44:30Z,view,4411,200,electronics.smartphone,Globex,532.92,1497,sess-13785
2020-04-01T11:29:02Z,view,8705,210,electronics.audio,Acme,906.00,3351,sess-02586
2020-04-01T11:29:04Z,view,5429,210,electronics.audio,Acme,529.38,2826,sess-11767
2020-04-01T12:13:39Z,view,2732,210,electronics.audio,Acme,482.91,871,sess-18841
2020-04-01T12:13:42Z,purchase,8042,210,electronics.audio,Nova,1056.16,4428,sess-13259
2020-04-01T12:13:45Z,view,8847,300,apparel.shoes,Nova,1362.91,4555,sess-14024
2020-04-01T12:13:48Z,purchase,4504,210,electronics.audio,Umbra,1362.24,3798,sess-12432
2020-04-01T12:13:51Z,view,8474,300,apparel.shoes,Acme,349.93,2121,sess-00775
2020-04-01T10:44:38Z,view,1532,200,electronics.smartphone,Nova,853.04,4020,sess-09555
2020-04-01T12:13:57Z,view,1714,300,apparel.shoes,Globex,1090.52,413,sess-13228
2020-04-01T11:29:20Z,purchase,3094,400,home.kitchen,Nova,421.51,1617,sess-10684
2020-04-01T12:14:03Z,view,8357,300,apparel.shoes,Nova,339.88,321,sess-16521
2020-04-01T10:44:42Z,view,5494,300,apparel.shoes,Acme,1284.25,3537,sess-06144
2020-04-01T11:29:26Z,cart,4265,210,electronics.audio,Acme,542.12,4028,sess-04863
2020-04-01T11:29:28Z,view,4568,210,electronics.audio,Globex,825.07,17,sess-01998
2020-04-01T10:44:45Z,view,7607,300,apparel.shoes,Acme,920.22,3715,sess-07841
2020-04-01T10:44:46Z,view,5130,200,electronics.smartphone,Nova,39.60,976,sess-13311
2020-04-01T12:14:21Z,view,4851,210,electronics.audio,Nova,687.84,1138,sess-16203
2020-04-01T12:14:24Z,view,7360,200,electronics.smartphone,Acme,508.57,73,sess-17753
2020-04-01T12:14:27Z,view,8864,400,home.kitchen,Umbra,80.74,2114,sess-12731
2020-04-01T10:44:50Z,cart,5080,210,electronics.audio,Nova,1085.90,3560,sess-03891
2020-04-01T12:14:33Z,view,2574,200,electronics.smartphone,Umbra,994.92,4288,sess-02791
2020-04-01T11:29:44Z,view,6402,300,apparel.shoes,Globex,1444.46,4107,sess-04638
2020-04-01T10:44:53Z,view,4098,200,electronics.smartphone,Umbra,309.16,2129,sess-00395
2020-04-01T12:14:42Z,view,7735,400,home.kitchen,Umbra,1415.46,246,sess-14631
2020-04-01T10:44:55Z,view,5478,300,apparel.shoes,Acme,1075.59,3314,sess-14154
2020-04-01T10:44:56Z,view,5374,210,electronics.audio,Globex,810.92,132,sess-04564
2020-04-01T10:44:57Z,view,4645,210,electronics.audio,Globex,1151.75,4206,sess-14639
2020-04-01T11:29:56Z,view,3305,400,home.kitchen,Umbra,1331.43,276,sess-17396
2020-04-01T10:44:59Z,view,3227,300,apparel.shoes,Nova,540.97,3831,sess-07452
2020-04-01T11:30:00Z,purchase,3617,300,apparel.shoes,Acme,31.01,1821,sess-11287
2020-04-01T12:15:03Z,view,2551,210,electronics.audio,Acme,501.36,4588,sess-04571
2020-04-01T12:15:06Z,view,2137,400,home.kitchen,Nova,31.76,1448,sess-10728
2020-04-01T11:30:06Z,view,1519,200,electronics.smartphone,Nova,332.50,499,sess-15226
2020-04-01T10:45:04Z,view,1385,400,home.kitchen,Nova,367.24,441,sess-02794
2020-04-01T12:15:15Z,view,1485,200,electronics.smartphone,Nova,1356.60,736,sess-05760
2020-04-01T12:15:18Z,view,6748,200,electronics.smartphone,Umbra,1357.15,734,sess-04100
2020-04-01T12:15:21Z,view,9155,200,electronics.smartphone,Umbra,340.46,3518,sess-14262
2020-04-01T11:30:16Z,view,7255,300,apparel.shoes,Nova,1341.28,377,sess-10010
2020-04-01T10:45:09Z,view,5912,210,electronics.audio,Acme,136.73,3137,sess-00825
2020-04-01T10:45:10Z,view,9179,300,apparel.shoes,Umbra,227.61,1680,sess-10130
2020-04-01T11:30:22Z,view,2361,400,home.kitchen,Acme,248.96,4024,sess-13430
2020-04-01T11:30:24Z,view,8517,210,electronics.audio,Nova,10.67,1502,sess-12919
2020-04-01T10:45:13Z,cart,6752,400,home.kitchen,Nova,417.71,3279,sess-05002
2020-04-01T12:15:42Z,cart,9942,400,home.kitchen,Umbra,408.00,3621,sess-16733
2020-04-01T11:30:30Z,view,8652,400,home.kitchen,Acme,960.47,660,sess-05232
2020-04-01T11:30:32Z,view,7763,200,electronics.smartphone,Globex,850.61,892,sess-16721
2020-04-01T11:30:34Z,cart,4855,210,electronics.audio,Nova,464.86,2566,sess-08909
2020-04-01T12:15:54Z,view,9973,400,home.kitchen,Nova,507.74,1249,sess-03620
2020-04-01T10:45:19Z,view,6837,300,apparel.shoes,Nova,1179.55,1341,sess-11696
2020-04-01T11:30:40Z,view,5637,300,apparel.shoes,Globex,1066.83,721,sess-04055
2020-04-01T11:30:42Z,view,9703,200,electronics.smartphone,Globex,1286.48,1203,sess-15192
2020-04-01T12:16:06Z,view,4692,300,apparel.shoes,Globex,753.16,2764,sess-19227
2020-04-01T10:45:23Z,view,9654,200,electronics.smartphone,Nova,632.56,4234,sess-09085
2020-04-01T10:45:24Z,cart,5254,400,home.kitchen,Globex,1225.76,150,sess-11381
2020-04-01T10:45:25Z,view,3637,200,electronics.smartphone,Globex,1125.88,3040,sess-10191
2020-04-01T12:16:18Z,view,1480,210,electronics.audio,Nova,918.89,971,sess-13155
2020-04-01T12:16:21Z,view,4927,200,electronics.smartphone,Nova,1096.32,4069,sess-04663
2020-04-01T10:45:28Z,view,1957,200,electronics.smartphone,Nova,1049.81,1660,sess-05347
2020-04-01T11:30:58Z,view,2313,200,electronics.smartphone,Nova,24.74,733,sess-09045
2020-04-01T11:31:00Z,view,4943,200,electronics.smartphone,Nova,886.59,877,sess-16266
2020-04-01T12:16:33Z,view,2719,200,electronics.smartphone,Acme,1410.16,3179,sess-05099
2020-04-01T12:16:36Z,cart,2614,300,apparel.shoes,Umbra,956.02,4767,sess-09336
2020-04-01T10:45:33Z,view,1154,300,apparel.shoes,Umbra,659.14,987,sess-02525
2020-04-01T12:16:42Z,cart,2955,210,electronics.audio,Nova,839.38,186,sess-15485
2020-04-01T10:45:35Z,view,8727,200,electronics.smartphone,Nova,89.08,1128,sess-15335
2020-04-01T10:45:36Z,view,7807,200,electronics.smartphone,Nova,1036.94,867,sess-13984
2020-04-01T11:31:14Z,cart,3126,210,electronics.audio,Umbra,884.18,1662,sess-19521
2020-04-01T10:45:38Z,view,9034,400,home.kitchen,Acme,511.58,989,sess-17547
2020-04-01T11:31:18Z,cart,7868,400,home.kitchen,Acme,15.43,4585,sess-03475
2020-04-01T11:31:20Z,view,6765,300,apparel.shoes,Umbra,258.73,3814,sess-16401
2020-04-01T10:45:41Z,purchase,3211,210,electronics.audio,Nova,247.59,1748,sess-12952
2020-04-01T11:31:24Z,view,7298,200,electronics.smartphone,Nova,1271.14,4936,sess-12532
2020-04-01T11:31:26Z,view,1326,400,home.kitchen,Acme,537.98,3187,sess-14500
2020-04-01T11:31:28Z,view,6974,210,electronics.audio,Umbra,1105.02,1164,sess-02931
2020-04-01T10:45:45Z,view,7363,210,electronics.audio,Umbra,19.42,596,sess-00145
2020-04-01T12:17:18Z,view,9563,200,electronics.smartphone,Acme,321.76,2114,sess-05130
2020-04-01T10:45:47Z,cart,3243,210,electronics.audio,Acme,757.57,2364,sess-17755
2020-04-01T10:45:48Z,view,5938,200,electronics.smartphone,Umbra,1215.19,878,sess-13930
2020-04-01T11:31:38Z,view,1767,210,electronics.audio,Umbra,111.55,1208,sess-03308
2020-04-01T12:17:30Z,view,5764,400,home.kitchen,Umbra,1302.27,3312,sess-08031
2020-04-01T10:45:51Z,view,6076,210,electronics.audio,Umbra,492.15,4506,sess-02973
2020-04-01T12:17:36Z,view,7891,400,home.kitchen,Nova,1231.29,2127,sess-05095
2020-04-01T10:45:53Z,view,6243,200,electronics.smartphone,Globex,484.82,3871,sess-08087
2020-04-01T12:17:42Z,cart,8357,200,electronics.smartphone,Umbra,205.31,4037,sess-10798
2020-04-01T12:17:45Z,view,9301,400,home.kitchen,Acme,236.37,807,sess-11186
2020-04-01T11:31:52Z,view,3634,400,home.kitchen,Nova,446.98,1861,sess-12562
2020-04-01T10:45:57Z,view,5590,300,apparel.shoes,Nova,59.83,3464,sess-15158
2020-04-01T10:45:58Z,view,1447,200,electronics.smartphone,Umbra,752.56,3774,sess-06671
2020-04-01T11:31:58Z,purchase,5318,400,home.kitchen,Acme,1130.19,3938,sess-17419
2020-04-01T10:46:00Z,view,2600,210,electronics.audio,Globex,346.27,3987,sess-10422
2020-04-01T11:32:02Z,view,5857,400,home.kitchen,Globex,489.85,598,sess-09887
2020-04-01T11:32:04Z,view,1816,400,home.kitchen,Nova,393.04,1328,sess-18437
2020-04-01T10:46:03Z,view,8387,210,electronics.audio,Nova,453.88,1524,sess-18187
2020-04-01T11:32:08Z,view,8022,400,home.kitchen,Globex,980.79,2054,sess-04460
2020-04-01T12:18:15Z,cart,8835,210,electronics.audio,Nova,316.33,554,sess-06768
2020-04-01T12:18:18Z,view,7841,400,home.kitchen,Nova,330.74,1134,sess-11736
2020-04-01T12:18:21Z,view,1853,400,home.kitchen,Nova,777.93,3330,sess-00990
2020-04-01T11:32:16Z,view,3889,210,electronics.audio,Acme,1167.24,472,sess-10965
2020-04-01T12:18:27Z,view,1416,300,apparel.shoes,Nova,714.03,4300,sess-19792
2020-04-01T10:46:10Z,view,6363,200,electronics.smartphone,Umbra,389.77,4884,sess-14726
2020-04-01T12:18:33Z,view,6270,210,electronics.audio,Nova,713.17,3371,sess-14754
2020-04-01T12:18:36Z,view,6554,400,home.kitchen,Acme,1276.55,2821,sess-08346
2020-04-01T11:32:26Z,cart,9633,210,electronics.audio,Globex,717.90,2128,sess-04823
2020-04-01T12:18:42Z,view,4379,400,home.kitchen,Globex,267.28,1477,sess-01955
2020-04-01T12:18:45Z,cart,2692,400,home.kitchen,Nova,1246.05,872,sess-02458
2020-04-01T11:32:32Z,view,2977,400,home.kitchen,Globex,90.52,4029,sess-03494
2020-04-01T12:18:51Z,cart,2868,300,apparel.shoes,Globex,609.20,2368,sess-08789
2020-04-01T10:46:18Z,cart,7140,200,electronics.smartphone,Globex,1433.25,1440,sess-03394
2020-04-01T12:18:57Z,view,4066,210,electronics.audio,Acme,1492.38,243,sess-05905
2020-04-01T10:46:20Z,view,5360,200,electronics.smartphone,Nova,1244.09,1511,sess-13026
2020-04-01T10:46:21Z,cart,2170,200,electronics.smartphone,Acme,1140.41,3692,sess-15223
2020-04-01T10:46:22Z,cart,4178,400,home.kitchen,Umbra,1029.45,3651,sess-01290
2020-04-01T11:32:46Z,cart,4418,210,electronics.audio,Nova,279.39,1514,sess-13542
2020-04-01T11:32:48Z,view,2853,210,electronics.audio,Globex,1174.87,3610,sess-05240
2020-04-01T11:32:50Z,view,9846,200,electronics.smartphone,Umbra,599.56,1822,sess-18443
2020-04-01T10:46:26Z,view,3560,200,electronics.smartphone,Globex,1049.83,2866,sess-18024
2020-04-01T10:46:27Z,view,8569,210,electronics.audio,Acme,1292.46,1295,sess-16164
2020-04-01T11:32:56Z,view,4640,400,home.kitchen,Acme,1159.74,2852,sess-01565
2020-04-01T10:46:29Z,view,8052,210,electronics.audio,Nova,500.04,3439,sess-14830
2020-04-01T12:19:30Z,view,5976,210,electronics.audio,Umbra,400.84,2916,sess-06731
2020-04-01T10:46:31Z,cart,8416,200,electronics.smartphone,Nova,655.10,5,sess-16570
2020-04-01T12:19:36Z,view,6953,400,home.kitchen,Acme,820.73,3382,sess-00712
2020-04-01T11:33:06Z,view,1761,210,electronics.audio,Globex,1356.66,1360,sess-06101
2020-04-01T10:46:34Z,view,5579,200,electronics.smartphone,Globex,56.72,2123,sess-17768
2020-04-01T10:46:35Z,view,6709,210,electronics.audio,Globex,14.81,1577,sess-08103
2020-04-01T11:33:12Z,cart,2101,300,apparel.shoes,Umbra,1359.27,334,sess-05046
2020-04-01T12:19:51Z,view,2859,200,electronics.smartphone,Acme,1195.34,1854,sess-11064
2020-04-01T11:33:16Z,cart,7632,210,electronics.audio,Globex,1213.76,4759,sess-16525
2020-04-01T10:46:39Z,view,5023,210,electronics.audio,Nova,373.20,1579,sess-05316
2020-04-01T12:20:00Z,view,1118,210,electronics.audio,Globex,1121.20,4403,sess-00874
2020-04-01T10:46:41Z,view,3069,200,electronics.smartphone,Nova,1320.16,2208,sess-08855
2020-04-01T10:46:42Z,view,7435,300,apparel.shoes,Globex,1427.31,2565,sess-19699
2020-04-01T12:20:09Z,view,9133,210,electronics.audio,Umbra,692.38,3289,sess-06491
2020-04-01T11:33:28Z,view,3622,300,apparel.shoes,Acme,894.97,538,sess-00488
2020-04-01T11:33:30Z,view,8342,210,electronics.audio,Acme,275.31,2801,sess-03205
2020-04-01T11:33:32Z,view,2636,210,electronics.audio,Umbra,604.17,3946,sess-12203
2020-04-01T11:33:34Z,view,6218,400,home.kitchen,Acme,600.97,1239,sess-16669
2020-04-01T10:46:48Z,view,1416,210,electronics.audio,Acme,1150.85,3488,sess-03948
2020-04-01T10:46:49Z,cart,9733,210,electronics.audio,Globex,409.37,2201,sess-10336
2020-04-01T11:33:40Z,cart,2028,200,electronics.smartphone,Acme,535.17,2899,sess-07546
2020-04-01T10:46:51Z,view,4438,300,apparel.shoes,Acme,162.08,1144,sess-03289
2020-04-01T12:20:36Z,view,8948,400,home.kitchen,Globex,395.09,4844,sess-15106
2020-04-01T10:46:53Z,purchase,5117,300,apparel.shoes,Umbra,755.07,1076,sess-05025
2020-04-01T10:46:54Z,view,9842,300,apparel.shoes,Umbra,1391.87,897,sess-19357
2020-04-01T12:20:45Z,view,9071,400,home.kitchen,Globex,576.39,340,sess-14137
2020-04-01T11:33:52Z,view,4841,210,electronics.audio,Acme,839.49,1394,sess-19298
2020-04-01T11:33:54Z,view,1936,300,apparel.shoes,Nova,816.64,1360,sess-11151
2020-04-01T11:33:56Z,view,1939,300,apparel.shoes,Globex,1179.49,4258,sess-10930
2020-04-01T10:46:59Z,view,6253,210,electronics.audio,Umbra,1183.86,3582,sess-15658
2020-04-01T10:47:00Z,view,8901,400,home.kitchen,Umbra,546.81,1027,sess-19153
2020-04-01T10:47:01Z,view,2313,300,apparel.shoes,Umbra,242.74,4798,sess-12839
2020-04-01T12:21:06Z,view,2741,200,electronics.smartphone,Nova,1194.74,4369,sess-06009
2020-04-01T11:34:06Z,view,5913,210,electronics.audio,Globex,287.11,3664,sess-05640
2020-04-01T11:34:08Z,view,2485,200,electronics.smartphone,Globex,413.92,1389,sess-05326
2020-04-01T11:34:10Z,view,1220,200,electronics.smartphone,Acme,1248.06,4961,sess-13681
2020-04-01T11:34:12Z,view,7715,210,electronics.audio,Acme,1247.41,3265,sess-00009
2020-04-01T12:21:21Z,view,8050,300,apparel.shoes,Acme,1254.75,1591,sess-06066
2020-04-01T10:47:08Z,view,4794,200,electronics.smartphone,Globex,131.18,614,sess-01636
2020-04-01T11:34:18Z,view,4289,300,apparel.shoes,Acme,450.33,4414,sess-05821
2020-04-01T10:47:10Z,view,4640,200,electronics.smartphone,Globex,632.71,3132,sess-00190
2020-04-01T12:21:33Z,view,8960,400,home.kitchen,Nova,603.35,306,sess-10498
2020-04-01T12:21:36Z,view,8766,200,electronics.smartphone,Umbra,331.49,3572,sess-04254
2020-04-01T11:34:26Z,view,1241,200,electronics.smartphone,Nova,264.33,4690,sess-10669
2020-04-01T10:47:14Z,cart,8285,200,electronics.smartphone,Globex,1011.58,3487,sess-04805
2020-04-01T11:34:30Z,view,2878,400,home.kitchen,Umbra,144.26,102,sess-08487
2020-04-01T11:34:32Z,view,4277,210,electronics.audio,Acme,1350.39,813,sess-12750
2020-04-01T12:21:51Z,view,8532,210,electronics.audio,Umbra,1342.67,1464,sess-15202
2020-04-01T11:34:36Z,cart,7884,400,home.kitchen,Umbra,316.60,260,sess-13828
2020-04-01T11:34:38Z,cart,1737,210,electronics.audio,Acme,712.71,2273,sess-14044
2020-04-01T10:47:20Z,view,1323,400,home.kitchen,Umbra,849.12,709,sess-16201
2020-04-01T11:34:42Z,view,1674,210,electronics.audio,Umbra,670.72,1382,sess-09406
2020-04-01T11:34:44Z,view,9129,200,electronics.smartphone,Globex,645.46,1379,sess-07177
2020-04-01T11:34:46Z,view,5186,400,home.kitchen,Umbra,21.12,3676,sess-18687
2020-04-01T11:34:48Z,view,4692,300,apparel.shoes,Nova,853.89,3101,sess-04484
2020-04-01T12:22:15Z,view,4241,210,electronics.audio,Acme,403.00,4225,sess-14218
2020-04-01T11:34:52Z,cart,6552,200,electronics.smartphone,Nova,940.60,1861,sess-16413
2020-04-01T12:22:21Z,view,3857,300,apparel.shoes,Acme,355.51,749,sess-12807
2020-04-01T10:47:28Z,view,4610,200,electronics.smartphone,Umbra,1009.58,3908,sess-17487
2020-04-01T12:22:27Z,view,7726,400,home.kitchen,Umbra,760.26,769,sess-09621
2020-04-01T12:22:30Z,view,4477,300,apparel.shoes,Nova,565.89,3745,sess-01679
2020-04-01T11:35:02Z,cart,7809,300,apparel.shoes,Globex,201.40,2101,sess-13570
2020-04-01T11:35:04Z,cart,2100,400,home.kitchen,Acme,135.26,3013,sess-09730
2020-04-01T10:47:33Z,cart,3443,200,electronics.smartphone,Acme,254.57,3710,sess-15578
2020-04-01T11:35:08Z,view,6480,300,apparel.shoes,Acme,1257.25,336,sess-14891
2020-04-01T11:35:10Z,view,4869,300,apparel.shoes,Acme,645.46,2977,sess-13498
2020-04-01T10:47:36Z,cart,5062,210,electronics.audio,Globex,890.25,3639,sess-08750
2020-04-01T11:35:14Z,view,7493,200,electronics.smartphone,Nova,38.27,3958,sess-14419
2020-04-01T11:35:16Z,view,9978,200,electronics.smartphone,Umbra,633.84,1112,sess-05998
2020-04-01T11:35:18Z,view,1264,200,electronics.smartphone,Globex,763.06,4194,sess-14816
2020-04-01T10:47:40Z,view,1764,300,apparel.shoes,Umbra,861.10,3173,sess-15425
2020-04-01T11:35:22Z,purchase,9438,210,electronics.audio,Umbra,40.99,4127,sess-15781
2020-04-01T11:35:24Z,view,5959,200,electronics.smartphone,Acme,181.33,4678,sess-04524
2020-04-01T11:35:26Z,cart,7923,300,apparel.shoes,Acme,1025.78,637,sess-17861
2020-04-01T11:35:28Z,cart,7402,400,home.kitchen,Globex,1144.99,1688,sess-06122
2020-04-01T12:23:15Z,view,8775,200,electronics.smartphone,Acme,1151.27,1571,sess-19013
2020-04-01T10:47:46Z,view,9036,210,electronics.audio,Globex,1055.13,984,sess-18411
2020-04-01T11:35:34Z,view,2481,400,home.kitchen,Umbra,1234.43,3749,sess-00200
2020-04-01T12:23:24Z,view,7639,210,electronics.audio,Globex,313.34,4812,sess-09567
2020-04-01T12:23:27Z,view,4889,200,electronics.smartphone,Acme,961.40,2678,sess-09912
2020-04-01T10:47:50Z,view,5624,200,electronics.smartphone,Nova,630.73,2940,sess-18533
2020-04-01T11:35:42Z,view,2040,210,electronics.audio,Globex,7.98,2786,sess-17650
2020-04-01T10:47:52Z,view,4801,300,apparel.shoes,Acme,420.51,4600,sess-16798
2020-04-01T10:47:53Z,view,2234,210,electronics.audio,Nova,709.86,3817,sess-17655
2020-04-01T12:23:42Z,view,5441,400,home.kitchen,Acme,969.57,1817,sess-03733
2020-04-01T12:23:45Z,cart,7219,200,electronics.smartphone,Acme,988.96,2070,sess-19036
2020-04-01T10:47:56Z,view,1024,300,apparel.shoes,Globex,176.08,1637,sess-14706
2020-04-01T12:23:51Z,cart,5888,400,home.kitchen,Acme,309.36,349,sess-14624
2020-04-01T11:35:56Z,view,8442,200,electronics.smartphone,Globex,252.58,1306,sess-13177
2020-04-01T10:47:59Z,view,5901,300,apparel.shoes,Nova,50.14,4314,sess-10691
2020-04-01T10:48:00Z,purchase,9459,210,electronics.audio,Nova,1427.36,4159,sess-18988
2020-04-01T12:24:03Z,view,2455,300,apparel.shoes,Acme,637.36,617,sess-13729
2020-04-01T12:24:06Z,view,2805,400,home.kitchen,Acme,202.99,1405,sess-15475
2020-04-01T10:48:03Z,view,1274,210,electronics.audio,Nova,955.23,1967,sess-03934
2020-04-01T11:36:08Z,view,5334,210,electronics.audio,Globex,1205.59,2299,sess-08826
2020-04-01T10:48:05Z,cart,6472,300,apparel.shoes,Umbra,126.43,4276,sess-15878
2020-04-01T12:24:18Z,view,5886,210,electronics.audio,Acme,897.02,1330,sess-12254
2020-04-01T11:36:14Z,view,4650,210,electronics.audio,Nova,278.05,3757,sess-11936
2020-04-01T10:48:08Z,view,1963,400,home.kitchen,Globex,1142.76,2048,sess-19990
2020-04-01T12:24:27Z,view,4969,300,apparel.shoes,Umbra,1148.46,3076,sess-10429
2020-04-01T12:24:30Z,view,6766,200,electronics.smartphone,Acme,640.25,2908,sess-07285
2020-04-01T12:24:33Z,purchase,7016,400,home.kitchen,Umbra,1311.19,2281,sess-00534
2020-04-01T12:24:36Z,view,2947,210,electronics.audio,Umbra,750.13,2886,sess-18677
2020-04-01T10:48:13Z,purchase,7554,300,apparel.shoes,Nova,1441.29,3368,sess-04990
2020-04-01T12:24:42Z,view,7244,200,electronics.smartphone,Nova,939.27,3304,sess-15192
2020-04-01T11:36:30Z,view,2207,300,apparel.shoes,Globex,852.59,1060,sess-12217
2020-04-01T10:48:16Z,view,1827,210,electronics.audio,Nova,583.49,2102,sess-06095
2020-04-01T12:24:51Z,view,1181,210,electronics.audio,Nova,1449.92,3145,sess-13663
2020-04-01T12:24:54Z,view,4098,210,electronics.audio,Globex,887.06,2825,sess-12353
2020-04-01T11:36:38Z,view,4528,210,electronics.audio,Nova,1298.42,2627,sess-18116
2020-04-01T11:36:40Z,cart,8388,400,home.kitchen,Acme,653.57,1535,sess-12196
2020-04-01T11:36:42Z,view,5174,210,electronics.audio,Globex,1421.55,4303,sess-05658
2020-04-01T12:25:06Z,view,6363,200,electronics.smartphone,Acme,288.45,1640,sess-19764
2020-04-01T11:36:46Z,view,3065,210,electronics.audio,Umbra,1345.72,3297,sess-00323
2020-04-01T10:48:24Z,cart,8641,200,electronics.smartphone,Umbra,1087.94,3268,sess-04811
2020-04-01T10:48:25Z,view,1553,210,electronics.audio,Globex,454.28,2329,sess-18482
2020-04-01T12:25:18Z,view,6265,400,home.kitchen,Nova,54.59,1248,sess-17812
2020-04-01T12:25:21Z,view,7287,300,apparel.shoes,Globex,1002.36,2435,sess-05236
2020-04-01T11:36:56Z,view,1186,300,apparel.shoes,Globex,278.06,2700,sess-04959
2020-04-01T12:25:27Z,view,8937,200,electronics.smartphone,Umbra,1201.60,3495,sess-14029
2020-04-01T10:48:30Z,cart,3049,400,home.kitchen,Umbra,1468.60,4657,sess-17866
2020-04-01T10:48:31Z,view,9748,400,home.kitchen,Acme,990.03,1079,sess-00142
2020-04-01T11:37:04Z,cart,7692,400,home.kitchen,Nova,648.77,3351,sess-03294
2020-04-01T11:37:06Z,view,5757,210,electronics.audio,Umbra,1409.37,56,sess-10146
2020-04-01T11:37:08Z,purchase,3676,200,electronics.smartphone,Umbra,986.69,2605,sess-07391
2020-04-01T12:25:45Z,view,2588,400,home.kitchen,Globex,746.32,105,sess-01699
2020-04-01T12:25:48Z,view,9131,200,electronics.smartphone,Globex,133.81,2865,sess-02036
2020-04-01T10:48:37Z,view,3402,200,electronics.smartphone,Nova,111.12,2733,sess-19131
2020-04-01T11:37:16Z,view,4440,210,electronics.audio,Umbra,1098.98,3766,sess-01322
2020-04-01T11:37:18Z,view,8349,300,apparel.shoes,Nova,1170.70,2348,sess-18021
2020-04-01T11:37:20Z,cart,8273,200,electronics.smartphone,Acme,1162.83,4379,sess-13631
2020-04-01T10:48:41Z,view,8707,200,electronics.smartphone,Nova,1136.80,3388,sess-10531
2020-04-01T10:48:42Z,view,6853,200,electronics.smartphone,Umbra,1441.72,736,sess-15838
2020-04-01T12:26:09Z,view,5390,200,electronics.smartphone,Acme,387.41,2881,sess-12568
2020-04-01T12:26:12Z,view,9337,300,apparel.shoes,Acme,1114.27,12,sess-11283
2020-04-01T12:26:15Z,view,8403,300,apparel.shoes,Umbra,930.64,2135,sess-08889
2020-04-01T10:48:46Z,view,2916,210,electronics.audio,Acme,1232.78,3264,sess-01537
2020-04-01T12:26:21Z,cart,1185,300,apparel.shoes,Umbra,1202.73,4816,sess-08056
2020-04-01T10:48:48Z,view,6107,300,apparel.shoes,Globex,32.47,961,sess-17681
2020-04-01T11:37:38Z,view,2334,210,electronics.audio,Globex,884.91,4421,sess-00791
2020-04-01T11:37:40Z,cart,4908,200,electronics.smartphone,Umbra,818.26,4209,sess-12182
2020-04-01T10:48:51Z,view,8287,200,electronics.smartphone,Umbra,590.65,4376,sess-17711
2020-04-01T10:48:52Z,view,7260,200,electronics.smartphone,Globex,313.94,2315,sess-14331
2020-04-01T11:37:46Z,view,7840,300,apparel.shoes,Umbra,288.86,1083,sess-06557
2020-04-01T11:37:48Z,cart,1338,300,apparel.shoes,Nova,1144.32,4122,sess-16621
2020-04-01T12:26:45Z,view,9283,200,electronics.smartphone,Globex,1453.39,4958,sess-18298
2020-04-01T12:26:48Z,view,2924,200,electronics.smartphone,Umbra,1085.71,4911,sess-03037
2020-04-01T11:37:54Z,view,2292,210,electronics.audio,Nova,1366.15,753,sess-06544
2020-04-01T10:48:58Z,view,2576,200,electronics.smartphone,Umbra,511.06,2747,sess-17601
2020-04-01T12:26:57Z,view,7542,210,electronics.audio,Nova,171.60,1975,sess-06111
2020-04-01T12:27:00Z,view,5837,200,electronics.smartphone,Nova,473.74,3726,sess-05208
2020-04-01T11:38:02Z,view,8799,200,electronics.smartphone,Acme,421.38,3911,sess-08934
2020-04-01T12:27:06Z,view,4222,210,electronics.audio,Acme,437.47,655,sess-14543
2020-04-01T11:38:06Z,view,4995,300,apparel.shoes,Nova,1190.04,4724,sess-08923
2020-04-01T11:38:08Z,view,7675,210,electronics.audio,Acme,1139.62,1473,sess-08133
2020-04-01T12:27:15Z,view,4802,300,apparel.shoes,Umbra,115.14,112,sess-04518
2020-04-01T10:49:06Z,cart,3125,200,electronics.smartphone,Globex,1361.29,3064,sess-15931
2020-04-01T11:38:14Z,view,9469,400,home.kitchen,Globex,1219.84,3288,sess-01587
2020-04-01T10:49:08Z,view,7491,200,electronics.smartphone,Globex,17.50,3243,sess-07822
2020-04-01T10:49:09Z,view,8027,200,electronics.smartphone,Globex,883.71,2179,sess-00263
2020-04-01T10:49:10Z,cart,2937,200,electronics.smartphone,Globex,359.70,1351,sess-01924
2020-04-01T10:49:11Z,view,3216,300,apparel.shoes,Nova,241.33,191,sess-19934
2020-04-01T12:27:36Z,view,8659,300,apparel.shoes,Globex,172.61,4895,sess-12015
2020-04-01T11:38:26Z,view,1682,400,home.kitchen,Umbra,203.91,406,sess-17480
2020-04-01T12:27:42Z,cart,5837,400,home.kitchen,Globex,1472.32,2636,sess-08448
2020-04-01T11:38:30Z,purchase,6226,200,electronics.smartphone,Umbra,425.87,2342,sess-18247
2020-04-01T10:49:16Z,view,9418,210,electronics.audio,Nova,947.78,742,sess-04075
2020-04-01T11:38:34Z,view,6740,300,apparel.shoes,Umbra,1259.26,4337,sess-06926
2020-04-01T10:49:18Z,view,7654,400,home.kitchen,Acme,1030.31,1286,sess-05501
2020-04-01T10:49:19Z,view,9110,400,home.kitchen,Nova,572.93,429,sess-10319
2020-04-01T10:49:20Z,view,7881,200,electronics.smartphone,Umbra,50.57,1144,sess-10145
2020-04-01T10:49:21Z,view,3527,400,home.kitchen,Umbra,299.13,3454,sess-13308
2020-04-01T10:49:22Z,purchase,1445,300,apparel.shoes,Nova,1022.94,582,sess-12271
2020-04-01T10:49:23Z,cart,2477,210,electronics.audio,Umbra,477.47,3467,sess-16288
2020-04-01T10:49:24Z,view,2013,400,home.kitchen,Globex,456.82,3060,sess-04226
2020-04-01T11:38:50Z,view,6039,300,apparel.shoes,Umbra,1065.93,3624,sess-18585
2020-04-01T11:38:52Z,view,2590,210,electronics.audio,Acme,482.38,2621,sess-15321
2020-04-01T11:38:54Z,view,9596,200,electronics.smartphone,Nova,1446.81,4716,sess-17417
2020-04-01T10:49:28Z,cart,8039,210,electronics.audio,Umbra,832.82,2705,sess-12726
2020-04-01T11:38:58Z,view,5322,400,home.kitchen,Nova,1432.49,4584,sess-15074
2020-04-01T10:49:30Z,cart,4043,200,electronics.smartphone,Umbra,1202.93,1990,sess-15672
2020-04-01T11:39:02Z,view,1097,210,electronics.audio,Nova,43.17,822,sess-18471
2020-04-01T12:28:36Z,cart,4963,400,home.kitchen,Nova,219.77,1778,sess-06215
2020-04-01T11:39:06Z,purchase,3183,210,electronics.audio,Acme,610.28,1724,sess-18532
2020-04-01T11:39:08Z,view,3185,210,electronics.audio,Nova,1224.14,2640,sess-07867
2020-04-01T12:28:45Z,view,5231,210,electronics.audio,Globex,358.95,1355,sess-14395
2020-04-01T10:49:36Z,view,9764,210,electronics.audio,Acme,361.26,2771,sess-04611
2020-04-01T10:49:37Z,view,5118,200,electronics.smartphone,Umbra,287.40,2,sess-02139
2020-04-01T12:28:54Z,view,3265,300,apparel.shoes,Globex,110.55,1741,sess-09730
2020-04-01T11:39:18Z,cart,8917,200,electronics.smartphone,Umbra,495.74,2715,sess-10522
2020-04-01T12:29:00Z,view,7373,210,electronics.audio,Acme,854.75,472,sess-14502
2020-04-01T11:39:22Z,view,4623,210,electronics.audio,Globex,1249.35,1019,sess-00966
2020-04-01T10:49:42Z,purchase,3535,210,electronics.audio,Globex,1088.44,1510,sess-14173
2020-04-01T11:39:26Z,view,8362,400,home.kitchen,Acme,1409.15,3830,sess-15299
2020-04-01T10:49:44Z,view,7583,400,home.kitchen,Globex,1204.97,2448,sess-15668
2020-04-01T11:39:30Z,view,1857,300,apparel.shoes,Globex,505.91,1951,sess-12402
2020-04-01T11:39:32Z,view,3216,300,apparel.shoes,Umbra,61.20,2357,sess-02780
2020-04-01T11:39:34Z,view,3167,200,electronics.smartphone,Nova,973.77,4064,sess-08856
2020-04-01T12:29:24Z,view,9295,300,apparel.shoes,Acme,210.89,1369,sess-14026
2020-04-01T12:29:27Z,view,3619,400,home.kitchen,Umbra,610.23,113,sess-01312
2020-04-01T11:39:40Z,view,5298,400,home.kitchen,Nova,674.49,3373,sess-02326
2020-04-01T12:29:33Z,purchase,2711,210,electronics.audio,Nova,1049.98,4283,sess-07130
2020-04-01T10:49:52Z,cart,2267,300,apparel.shoes,Umbra,761.60,2111,sess-19620
2020-04-01T10:49:53Z,view,1232,300,apparel.shoes,Nova,994.45,2311,sess-19570
2020-04-01T12:29:42Z,view,5859,400,home.kitchen,Umbra,337.54,1774,sess-04180
2020-04-01T12:29:45Z,view,2661,400,home.kitchen,Acme,824.34,1072,sess-03305
2020-04-01T10:49:56Z,cart,6399,200,electronics.smartphone,Acme,345.83,2362,sess-18429
2020-04-01T10:49:57Z,view,3989,200,electronics.smartphone,Globex,1481.63,3690,sess-14318
2020-04-01T12:29:54Z,view,9700,210,electronics.audio,Globex,1240.93,2492,sess-16309
2020-04-01T12:29:57Z,view,7515,300,apparel.shoes,Globex,101.00,3778,sess-16516
